window_label,event_name,page_path,page_title,occurred_on_replay_library,interaction_url,interaction_label,interaction_host,event_count,unique_users
7 days (exact),full_resolution_infographic_open,/lre/lysander/,Lysander Legendary Release Event | Terminus Maximus Infographics,false,https://terminusmaximus.com/images/lysander-lre.png,Lysander Legendary Release Event,terminusmaximus.com,510,403
7 days (exact),full_resolution_infographic_open,/elite-campaigns/,Elite Campaigns | Terminus Maximus Infographics,false,https://terminusmaximus.com/images/elite-campaigns.png,Elite Campaigns,terminusmaximus.com,274,201
7 days (exact),full_resolution_infographic_open,/guild-raid/boss-meta/,Guild Raid Boss Meta Guide | Terminus Maximus Infographics,false,https://terminusmaximus.com/images/boss-meta.png,Guild Raid Boss Meta Guide,terminusmaximus.com,252,187
7 days (exact),full_resolution_infographic_open,/campaign-event/,Campaign Event | Terminus Maximus Infographics,false,https://terminusmaximus.com/images/campaign-event.png,Campaign Event,terminusmaximus.com,212,158
7 days (exact),full_resolution_infographic_open,/beginner-guide/,Beginner Guide | Terminus Maximus Infographics,false,https://terminusmaximus.com/images/beginner-guide.png,Beginner Guide,terminusmaximus.com,172,122
7 days (exact),full_resolution_infographic_open,/guild-raid/s106/,Guild Raid Season 106 | Terminus Maximus Infographics,false,https://terminusmaximus.com/images/guild-raid-s106-mythic.png,Guild Raid Season 106 - Mythic Bosses,terminusmaximus.com,67,53
7 days (exact),full_resolution_infographic_open,/lre/farsight/,Farsight Legendary Release Event | Terminus Maximus Infographics,false,https://terminusmaximus.com/images/farsight-lre.png,Farsight Legendary Release Event,terminusmaximus.com,53,41
7 days (exact),full_resolution_infographic_open,/incursion-mow/,Incursion & Machine of War | Terminus Maximus Infographics,false,https://terminusmaximus.com/images/incursion-mow.png,Incursion & Machine of War,terminusmaximus.com,36,34
7 days (exact),full_resolution_infographic_open,/lre/lucius/,Lucius Legendary Release Event | Terminus Maximus Infographics,false,https://terminusmaximus.com/images/lucius-lre.png,Lucius Legendary Release Event,terminusmaximus.com,33,29
7 days (exact),full_resolution_infographic_open,/guild-raid/s106/,Guild Raid Season 106 | Terminus Maximus Infographics,false,https://terminusmaximus.com/images/guild-raid-s106-legendary.png,Guild Raid Season 106 - Legendary Bosses,terminusmaximus.com,30,28
7 days (exact),full_resolution_infographic_open,/lre/uthar/,Uthar Legendary Release Event | Terminus Maximus Infographics,false,https://terminusmaximus.com/images/uthar-lre.png,Uthar Legendary Release Event,terminusmaximus.com,25,22
7 days (exact),full_resolution_infographic_open,/hre/,Hero Release Events | Terminus Maximus Infographics,false,https://terminusmaximus.com/images/hre.png,Hero Release Events,terminusmaximus.com,24,23
7 days (exact),full_resolution_infographic_open,/guild-raid/s106/,Guild Raid Season 106 | Terminus Maximus Infographics,false,https://terminusmaximus.com/images/guild-raid-s106-epic.png,Guild Raid Season 106 - Epic Bosses,terminusmaximus.com,22,18
7 days (exact),full_resolution_infographic_open,/campaigns/indomitus/,Tacticus Indomitus Campaign Guide,false,https://terminusmaximus.com/images/indomitus.png,Indomitus Campaign Guide,terminusmaximus.com,14,14
7 days (exact),full_resolution_infographic_open,/guild-raid/s105/,Guild Raid Season 105 | Terminus Maximus Infographics,false,https://terminusmaximus.com/images/guild-raid-s105-legendary.png,Guild Raid Season 105 - Legendary Bosses,terminusmaximus.com,13,13
7 days (exact),full_resolution_infographic_open,/guild-raid/s105/,Guild Raid Season 105 | Terminus Maximus Infographics,false,https://terminusmaximus.com/images/guild-raid-s105-mythic.png,Guild Raid Season 105 - Mythic Bosses,terminusmaximus.com,13,11
7 days (exact),full_resolution_infographic_open,/campaign-event/,Campaign Event | Terminus Maximus Infographics,false,https://www.terminusmaximus.com/images/campaign-event.png,Campaign Event,www.terminusmaximus.com,12,6
7 days (exact),full_resolution_infographic_open,/lre/lysander/,Lysander Legendary Release Event | Terminus Maximus Infographics,false,https://www.terminusmaximus.com/images/lysander-lre.png,Lysander Legendary Release Event,www.terminusmaximus.com,12,9
7 days (exact),full_resolution_infographic_open,/guild-raid/s106/,Guild Raid Season 106 | Terminus Maximus Infographics,false,https://terminusmaximus.com/images/guild-raid-s106-coming-soon.png,Guild Raid Season 106 - Coming Soon,terminusmaximus.com,11,9
7 days (exact),full_resolution_infographic_open,/elite-campaigns/,Elite Campaigns | Terminus Maximus Infographics,false,https://www.terminusmaximus.com/images/elite-campaigns.png,Elite Campaigns,www.terminusmaximus.com,10,5
7 days (exact),full_resolution_infographic_open,/beginner-guide/,Beginner Guide | Terminus Maximus Infographics,false,https://www.terminusmaximus.com/images/beginner-guide.png,Beginner Guide,www.terminusmaximus.com,7,4
7 days (exact),full_resolution_infographic_open,/lre/farsight/,Farsight Legendary Release Event | Terminus Maximus Infographics,false,https://www.terminusmaximus.com/images/farsight-lre.png,Farsight Legendary Release Event,www.terminusmaximus.com,4,2
7 days (exact),full_resolution_infographic_open,/lre/lysander/,"Событие, посвященное выходу легендарного Лисандера | Инфографика Терминус Максимус",false,https://terminusmaximus.com/images/lysander-lre.png,Lysander Legendary Release Event,terminusmaximus.com,4,3
7 days (exact),full_resolution_infographic_open,/elite-campaigns/,Элитные кампании | Инфографика Terminus Maximus,false,https://terminusmaximus.com/images/elite-campaigns.png,Elite Campaigns,terminusmaximus.com,3,2
7 days (exact),full_resolution_infographic_open,/guild-raid/boss-meta/,Guild Raid Boss Meta Guide | Terminus Maximus Infographics,false,https://www.terminusmaximus.com/images/boss-meta.png,Guild Raid Boss Meta Guide,www.terminusmaximus.com,3,2
7 days (exact),full_resolution_infographic_open,/lre/lucius/,Lucius Legendary Release Event | Terminus Maximus Infographics,false,https://www.terminusmaximus.com/images/lucius-lre.png,Lucius Legendary Release Event,www.terminusmaximus.com,3,3
7 days (exact),full_resolution_infographic_open,/lre/uthar/,Uthar Legendary Release Event | Terminus Maximus Infographics,false,https://www.terminusmaximus.com/images/uthar-lre.png,Uthar Legendary Release Event,www.terminusmaximus.com,3,1
7 days (exact),full_resolution_infographic_open,/campaign-event/,Мероприятие в рамках кампании | Инфографика «Терминус Максимус»,false,https://terminusmaximus.com/images/campaign-event.png,Campaign Event,terminusmaximus.com,2,2
7 days (exact),full_resolution_infographic_open,/elite-campaigns/,Campagnes d'élite | Infographies Terminus Maximus,false,https://terminusmaximus.com/images/elite-campaigns.png,Elite Campaigns,terminusmaximus.com,2,1
7 days (exact),full_resolution_infographic_open,/elite-campaigns/,Elite-Kampagnen | Terminus Maximus Infografiken,false,https://terminusmaximus.com/images/elite-campaigns.png,Elite Campaigns,terminusmaximus.com,2,1
7 days (exact),full_resolution_infographic_open,/guild-raid/s105/,Guild Raid Season 105 | Terminus Maximus Infographics,false,https://terminusmaximus.com/images/guild-raid-s105-coming-soon.png,Guild Raid Season 105 - Coming Soon,terminusmaximus.com,2,2
7 days (exact),full_resolution_infographic_open,/hre/,Hero Release Events | Terminus Maximus Infographics,false,https://www.terminusmaximus.com/images/hre.png,Hero Release Events,www.terminusmaximus.com,2,1
7 days (exact),full_resolution_infographic_open,/beginner-guide/,Guide du débutant | Infographies Terminus Maximus,false,https://terminusmaximus.com/images/beginner-guide.png,Beginner Guide,terminusmaximus.com,1,1
7 days (exact),full_resolution_infographic_open,/beginner-guide/,Anfängerleitfaden | Terminus Maximus Infografiken,false,https://terminusmaximus.com/images/beginner-guide.png,Beginner Guide,terminusmaximus.com,1,1
7 days (exact),full_resolution_infographic_open,/campaign-event/,Événement de campagne | Infographies Terminus Maximus,false,https://terminusmaximus.com/images/campaign-event.png,Campaign Event,terminusmaximus.com,1,1
7 days (exact),full_resolution_infographic_open,/guild-raid/s103/,Guild Raid Season 103 | Terminus Maximus Infographics,false,https://terminusmaximus.com/images/guild-raid-s103-epic.png,Guild Raid Season 103 - Epic Bosses,terminusmaximus.com,1,1
7 days (exact),full_resolution_infographic_open,/guild-raid/s104/,Guild Raid Season 104 | Terminus Maximus Infographics,false,https://terminusmaximus.com/images/guild-raid-s104-epic.png,Guild Raid Season 104 - Epic Bosses,terminusmaximus.com,1,1
7 days (exact),full_resolution_infographic_open,/guild-raid/s105/,Temporada 105 de la Incursión de Gremio | Infografías de Terminus Maximus,false,https://terminusmaximus.com/images/guild-raid-s105-mythic.png,Guild Raid Season 105 - Mythic Bosses,terminusmaximus.com,1,1
7 days (exact),full_resolution_infographic_open,/guild-raid/s105/,Guild Raid Season 105 | Terminus Maximus Infographics,false,https://www.terminusmaximus.com/images/guild-raid-s105-epic.png,Guild Raid Season 105 - Epic Bosses,www.terminusmaximus.com,1,1
7 days (exact),full_resolution_infographic_open,/guild-raid/s106/,Sezon 106 rajdów gildii | Infografiki Terminus Maximus,false,https://terminusmaximus.com/images/guild-raid-s106-epic.png,Guild Raid Season 106 - Epic Bosses,terminusmaximus.com,1,1
7 days (exact),full_resolution_infographic_open,/guild-raid/s106/,Raid de guilde Saison 106 | Infographie Terminus Maximus,false,https://terminusmaximus.com/images/guild-raid-s106-mythic.png,Guild Raid Season 106 - Mythic Bosses,terminusmaximus.com,1,1
7 days (exact),full_resolution_infographic_open,/guild-raid/s106/,Guild Raid Season 106 | Terminus Maximus Infographics,false,https://www.terminusmaximus.com/images/guild-raid-s106-mythic.png,Guild Raid Season 106 - Mythic Bosses,www.terminusmaximus.com,1,1
7 days (exact),full_resolution_infographic_open,/hre/,"События, связанные с выпуском новых героев | Инфографика Terminus Maximus",false,https://terminusmaximus.com/images/hre.png,Hero Release Events,terminusmaximus.com,1,1
7 days (exact),full_resolution_infographic_open,/incursion-mow/,Incursion & Machine of War | Terminus Maximus Infographics,false,https://www.terminusmaximus.com/images/incursion-mow.png,Incursion & Machine of War,www.terminusmaximus.com,1,1
7 days (exact),full_resolution_infographic_open,/lre/lucius/,"Событие, посвященное выходу легендарного персонажа Луция | Инфографика Терминус Максимус",false,https://terminusmaximus.com/images/lucius-lre.png,Lucius Legendary Release Event,terminusmaximus.com,1,1
7 days (exact),full_resolution_infographic_open,/lre/lysander/,Lysander Legendary Release Event | Terminus Maximus Infografiken,false,https://terminusmaximus.com/images/lysander-lre.png,Lysander Legendary Release Event,terminusmaximus.com,1,1
7 days (exact),full_resolution_infographic_open,/lre/lysander/,Événement de lancement légendaire de Lysander | Infographies Terminus Maximus,false,https://terminusmaximus.com/images/lysander-lre.png,Lysander Legendary Release Event,terminusmaximus.com,1,1
7 days (exact),full_resolution_infographic_open,/lre/lysander/,Lysander Legendary Release Event | Terminus Maximus Infographics - https://terminusmaximus.com/lre/lysander/,false,https://terminusmaximus.com/images/lysander-lre.png,Lysander Legendary Release Event,terminusmaximus.com,1,1
7 days (exact),full_resolution_infographic_open,/lre/uthar/,Legendäres Uthar-Release-Event | Terminus Maximus Infografiken,false,https://terminusmaximus.com/images/uthar-lre.png,Uthar Legendary Release Event,terminusmaximus.com,1,1
7 days (exact),guild_raid_youtube_click,/guild-raid/s106/,Guild Raid Season 106 | Terminus Maximus Infographics,false,https://www.youtube.com/watch?v=Hf5j6qg1jtU,Painhawk,www.youtube.com,11,8
7 days (exact),guild_raid_youtube_click,/guild-raid/s106/,Guild Raid Season 106 | Terminus Maximus Infographics,false,https://www.youtube.com/watch?v=doBjk8eUinI,Ulf,www.youtube.com,10,7
7 days (exact),guild_raid_youtube_click,/guild-raid/s106/,Guild Raid Season 106 | Terminus Maximus Infographics,false,https://www.youtube.com/watch?v=Hf5j6qg1jtU,1.67M,www.youtube.com,8,7
7 days (exact),guild_raid_youtube_click,/guild-raid/s106/,Guild Raid Season 106 | Terminus Maximus Infographics,false,https://www.youtube.com/watch?v=XLcECO6lJA0,Prufrock,www.youtube.com,7,5
7 days (exact),guild_raid_youtube_click,/guild-raid/s106/,Guild Raid Season 106 | Terminus Maximus Infographics,false,https://www.youtube.com/watch?v=oDwQz8YlLWQ,1.45M,www.youtube.com,7,7
7 days (exact),guild_raid_youtube_click,/guild-raid/s106/,Guild Raid Season 106 | Terminus Maximus Infographics,false,https://www.youtube.com/watch?v=pS0D8UQ_kv4,2.94M,www.youtube.com,7,5
7 days (exact),guild_raid_youtube_click,/guild-raid/s106/,Guild Raid Season 106 | Terminus Maximus Infographics,false,https://www.youtube.com/watch?v=XLcECO6lJA0,2.10M,www.youtube.com,6,6
7 days (exact),guild_raid_youtube_click,/guild-raid/s106/,Guild Raid Season 106 | Terminus Maximus Infographics,false,https://www.youtube.com/watch?v=doBjk8eUinI,1.10M,www.youtube.com,6,5
7 days (exact),guild_raid_youtube_click,/guild-raid/s106/,Guild Raid Season 106 | Terminus Maximus Infographics,false,https://www.youtube.com/watch?v=mdGcowa65mQ,1.71M,www.youtube.com,6,5
7 days (exact),guild_raid_youtube_click,/guild-raid/s106/,Guild Raid Season 106 | Terminus Maximus Infographics,false,https://www.youtube.com/watch?v=LRtGzA-RRMM,Un4given,www.youtube.com,5,3
7 days (exact),guild_raid_youtube_click,/guild-raid/s106/,Guild Raid Season 106 | Terminus Maximus Infographics,false,https://www.youtube.com/watch?v=oDwQz8YlLWQ,Prufrock,www.youtube.com,5,5
7 days (exact),guild_raid_youtube_click,/guild-raid/s106/,Guild Raid Season 106 | Terminus Maximus Infographics,false,https://www.youtube.com/watch?v=pS0D8UQ_kv4,Mawg,www.youtube.com,5,5
7 days (exact),guild_raid_youtube_click,/guild-raid/s106/,Guild Raid Season 106 | Terminus Maximus Infographics,false,https://www.youtube.com/watch?v=UekSS6iakNE,1.10M,www.youtube.com,4,4
7 days (exact),guild_raid_youtube_click,/guild-raid/s106/,Guild Raid Season 106 | Terminus Maximus Infographics,false,https://www.youtube.com/watch?v=_RpiTVyoI98,1.50M,www.youtube.com,4,4
7 days (exact),guild_raid_youtube_click,/guild-raid/boss-meta/,Guild Raid Boss Meta Guide | Terminus Maximus Infographics,false,https://www.youtube.com/watch?v=EYd3fcq-Wx4,1.89M,www.youtube.com,3,3
7 days (exact),guild_raid_youtube_click,/guild-raid/boss-meta/,Guild Raid Boss Meta Guide | Terminus Maximus Infographics,false,https://www.youtube.com/watch?v=isMvZ_huR1w,2.30M,www.youtube.com,3,3
7 days (exact),guild_raid_youtube_click,/guild-raid/boss-meta/,Guild Raid Boss Meta Guide | Terminus Maximus Infographics,false,https://www.youtube.com/watch?v=pS0D8UQ_kv4,Mawg,www.youtube.com,3,3
7 days (exact),guild_raid_youtube_click,/guild-raid/boss-meta/,Guild Raid Boss Meta Guide | Terminus Maximus Infographics,false,https://www.youtube.com/watch?v=pS0D8UQ_kv4,2.94M,www.youtube.com,3,3
7 days (exact),guild_raid_youtube_click,/guild-raid/s106/,Guild Raid Season 106 | Terminus Maximus Infographics,false,https://www.youtube.com/watch?v=Z2xM4hJ4udc,950K,www.youtube.com,3,3
7 days (exact),guild_raid_youtube_click,/guild-raid/s106/,Guild Raid Season 106 | Terminus Maximus Infographics,false,https://www.youtube.com/watch?v=_RpiTVyoI98,Kyle UK 40k,www.youtube.com,3,3
7 days (exact),guild_raid_youtube_click,/guild-raid/s106/,Guild Raid Season 106 | Terminus Maximus Infographics,false,https://www.youtube.com/watch?v=dgTNhzPZcXI,Yagyuu,www.youtube.com,3,2
7 days (exact),guild_raid_youtube_click,/guild-raid/s106/,Guild Raid Season 106 | Terminus Maximus Infographics,false,https://www.youtube.com/watch?v=i1YgoVnKY0c,Lyell,www.youtube.com,3,2
7 days (exact),guild_raid_youtube_click,/guild-raid/s106/,Guild Raid Season 106 | Terminus Maximus Infographics,false,https://www.youtube.com/watch?v=i7KSpAVjR8Y,1.20M,www.youtube.com,3,3
7 days (exact),guild_raid_youtube_click,/guild-raid/boss-meta/,Guild Raid Boss Meta Guide | Terminus Maximus Infographics,false,https://www.youtube.com/watch?v=1cxu6gi0UFw,Mawg,www.youtube.com,2,2
7 days (exact),guild_raid_youtube_click,/guild-raid/boss-meta/,Guild Raid Boss Meta Guide | Terminus Maximus Infographics,false,https://www.youtube.com/watch?v=7wltu4R6hbE,Painhawk,www.youtube.com,2,2
7 days (exact),guild_raid_youtube_click,/guild-raid/boss-meta/,Guild Raid Boss Meta Guide | Terminus Maximus Infographics,false,https://www.youtube.com/watch?v=7wltu4R6hbE,L5,www.youtube.com,2,1
7 days (exact),guild_raid_youtube_click,/guild-raid/boss-meta/,Guild Raid Boss Meta Guide | Terminus Maximus Infographics,false,https://www.youtube.com/watch?v=BS1zeKkJgpI,Painhawk,www.youtube.com,2,2
7 days (exact),guild_raid_youtube_click,/guild-raid/boss-meta/,Guild Raid Boss Meta Guide | Terminus Maximus Infographics,false,https://www.youtube.com/watch?v=EYd3fcq-Wx4,Mawg,www.youtube.com,2,2
7 days (exact),guild_raid_youtube_click,/guild-raid/boss-meta/,Guild Raid Boss Meta Guide | Terminus Maximus Infographics,false,https://www.youtube.com/watch?v=NK5sd4-g5zg,2.19M,www.youtube.com,2,1
7 days (exact),guild_raid_youtube_click,/guild-raid/boss-meta/,Guild Raid Boss Meta Guide | Terminus Maximus Infographics,false,https://www.youtube.com/watch?v=R3DZZ9xuUUk,960K,www.youtube.com,2,2
7 days (exact),guild_raid_youtube_click,/guild-raid/boss-meta/,Guild Raid Boss Meta Guide | Terminus Maximus Infographics,false,https://www.youtube.com/watch?v=doBjk8eUinI,Ulf,www.youtube.com,2,2
7 days (exact),guild_raid_youtube_click,/guild-raid/boss-meta/,Guild Raid Boss Meta Guide | Terminus Maximus Infographics,false,https://www.youtube.com/watch?v=doBjk8eUinI,L4,www.youtube.com,2,2
7 days (exact),guild_raid_youtube_click,/guild-raid/boss-meta/,Guild Raid Boss Meta Guide | Terminus Maximus Infographics,false,https://www.youtube.com/watch?v=mWtu5iEqsJc,1.66M,www.youtube.com,2,1
7 days (exact),guild_raid_youtube_click,/guild-raid/boss-meta/,Guild Raid Boss Meta Guide | Terminus Maximus Infographics,false,https://www.youtube.com/watch?v=x5xRU1vQUjA,Un4given,www.youtube.com,2,1
7 days (exact),guild_raid_youtube_click,/guild-raid/s106/,Guild Raid Season 106 | Terminus Maximus Infographics,false,https://www.youtube.com/watch?v=LRtGzA-RRMM,L4,www.youtube.com,2,2
7 days (exact),guild_raid_youtube_click,/guild-raid/s106/,Guild Raid Season 106 | Terminus Maximus Infographics,false,https://www.youtube.com/watch?v=Z2xM4hJ4udc,M2,www.youtube.com,2,2
7 days (exact),guild_raid_youtube_click,/guild-raid/s106/,Guild Raid Season 106 | Terminus Maximus Infographics,false,https://www.youtube.com/watch?v=mdGcowa65mQ,HozzMidnight,www.youtube.com,2,2
7 days (exact),guild_raid_youtube_click,/guild-raid/s106/,Guild Raid Season 106 | Terminus Maximus Infographics,false,https://www.youtube.com/watch?v=mdGcowa65mQ,M2,www.youtube.com,2,2
7 days (exact),guild_raid_youtube_click,/guild-raid/s106/,Guild Raid Season 106 | Terminus Maximus Infographics,false,https://www.youtube.com/watch?v=wfLVf7Zso7Y,Stringer de Los Redimidos,www.youtube.com,2,2
7 days (exact),guild_raid_youtube_click,/guild-raid/boss-meta/,Guild Raid Boss Meta Guide | Terminus Maximus Infographics,false,https://www.youtube.com/shorts/OFi9QmOy7AU,⭐ Meta Team,www.youtube.com,1,1
7 days (exact),guild_raid_youtube_click,/guild-raid/boss-meta/,Guild Raid Boss Meta Guide | Terminus Maximus Infographics,false,https://www.youtube.com/watch?v=0TRTyZ9H5m0,1.00M,www.youtube.com,1,1
7 days (exact),guild_raid_youtube_click,/guild-raid/boss-meta/,Guild Raid Boss Meta Guide | Terminus Maximus Infographics,false,https://www.youtube.com/watch?v=2YA89zo_u1Q,Adeptus Gorditas,www.youtube.com,1,1
7 days (exact),guild_raid_youtube_click,/guild-raid/boss-meta/,Guild Raid Boss Meta Guide | Terminus Maximus Infographics,false,https://www.youtube.com/watch?v=6sqZ2CSOF_s,Kyle UK 40k,www.youtube.com,1,1
7 days (exact),guild_raid_youtube_click,/guild-raid/boss-meta/,Guild Raid Boss Meta Guide | Terminus Maximus Infographics,false,https://www.youtube.com/watch?v=7wltu4R6hbE,2.00M,www.youtube.com,1,1
7 days (exact),guild_raid_youtube_click,/guild-raid/boss-meta/,Guild Raid Boss Meta Guide | Terminus Maximus Infographics,false,https://www.youtube.com/watch?v=8GJ1o3JvhLE,1.50M,www.youtube.com,1,1
7 days (exact),guild_raid_youtube_click,/guild-raid/boss-meta/,Guild Raid Boss Meta Guide | Terminus Maximus Infographics,false,https://www.youtube.com/watch?v=AdOYEMc4DFQ,1.09M,www.youtube.com,1,1
7 days (exact),guild_raid_youtube_click,/guild-raid/boss-meta/,Guild Raid Boss Meta Guide | Terminus Maximus Infographics,false,https://www.youtube.com/watch?v=BS1zeKkJgpI,2.00M,www.youtube.com,1,1
7 days (exact),guild_raid_youtube_click,/guild-raid/boss-meta/,Guild Raid Boss Meta Guide | Terminus Maximus Infographics,false,https://www.youtube.com/watch?v=CemyXtub9Lg,1.47M,www.youtube.com,1,1
7 days (exact),guild_raid_youtube_click,/guild-raid/boss-meta/,Guild Raid Boss Meta Guide | Terminus Maximus Infographics,false,https://www.youtube.com/watch?v=EYd3fcq-Wx4,L1,www.youtube.com,1,1
7 days (exact),guild_raid_youtube_click,/guild-raid/boss-meta/,Guild Raid Boss Meta Guide | Terminus Maximus Infographics,false,https://www.youtube.com/watch?v=GmTQDi0hZWc,Stringer de Los Redimidos,www.youtube.com,1,1
7 days (exact),guild_raid_youtube_click,/guild-raid/boss-meta/,Guild Raid Boss Meta Guide | Terminus Maximus Infographics,false,https://www.youtube.com/watch?v=HKo5oXc2S2M,L2,www.youtube.com,1,1
7 days (exact),guild_raid_youtube_click,/guild-raid/boss-meta/,Guild Raid Boss Meta Guide | Terminus Maximus Infographics,false,https://www.youtube.com/watch?v=HKo5oXc2S2M,Mawg,www.youtube.com,1,1
7 days (exact),guild_raid_youtube_click,/guild-raid/boss-meta/,Guild Raid Boss Meta Guide | Terminus Maximus Infographics,false,https://www.youtube.com/watch?v=HkQKEEQXe58,M2,www.youtube.com,1,1
7 days (exact),guild_raid_youtube_click,/guild-raid/boss-meta/,Guild Raid Boss Meta Guide | Terminus Maximus Infographics,false,https://www.youtube.com/watch?v=JedfR5QadFc,Kitty Bebop,www.youtube.com,1,1
7 days (exact),guild_raid_youtube_click,/guild-raid/boss-meta/,Guild Raid Boss Meta Guide | Terminus Maximus Infographics,false,https://www.youtube.com/watch?v=M1ez3giLYYE,Jordan,www.youtube.com,1,1
7 days (exact),guild_raid_youtube_click,/guild-raid/boss-meta/,Guild Raid Boss Meta Guide | Terminus Maximus Infographics,false,https://www.youtube.com/watch?v=Q8gU2_2L5AE,1.74M,www.youtube.com,1,1
7 days (exact),guild_raid_youtube_click,/guild-raid/boss-meta/,Guild Raid Boss Meta Guide | Terminus Maximus Infographics,false,https://www.youtube.com/watch?v=Q8gU2_2L5AE,L2,www.youtube.com,1,1
7 days (exact),guild_raid_youtube_click,/guild-raid/boss-meta/,Guild Raid Boss Meta Guide | Terminus Maximus Infographics,false,https://www.youtube.com/watch?v=QKB70NiN4LQ,Painhawk,www.youtube.com,1,1
7 days (exact),guild_raid_youtube_click,/guild-raid/boss-meta/,Guild Raid Boss Meta Guide | Terminus Maximus Infographics,false,https://www.youtube.com/watch?v=QUDrle-dxMg,Painhawk,www.youtube.com,1,1
7 days (exact),guild_raid_youtube_click,/guild-raid/boss-meta/,Guild Raid Boss Meta Guide | Terminus Maximus Infographics,false,https://www.youtube.com/watch?v=Qt-tPFBF44k,Mawg,www.youtube.com,1,1
7 days (exact),guild_raid_youtube_click,/guild-raid/boss-meta/,Guild Raid Boss Meta Guide | Terminus Maximus Infographics,false,https://www.youtube.com/watch?v=RsI6OJuyETU,2.62M,www.youtube.com,1,1
7 days (exact),guild_raid_youtube_click,/guild-raid/boss-meta/,Guild Raid Boss Meta Guide | Terminus Maximus Infographics,false,https://www.youtube.com/watch?v=RsI6OJuyETU,Mawg,www.youtube.com,1,1
7 days (exact),guild_raid_youtube_click,/guild-raid/boss-meta/,Guild Raid Boss Meta Guide | Terminus Maximus Infographics,false,https://www.youtube.com/watch?v=STHC1VInOT8,1.40M,www.youtube.com,1,1
7 days (exact),guild_raid_youtube_click,/guild-raid/boss-meta/,Guild Raid Boss Meta Guide | Terminus Maximus Infographics,false,https://www.youtube.com/watch?v=Suf_83LaaAg,HozzMidnight,www.youtube.com,1,1
7 days (exact),guild_raid_youtube_click,/guild-raid/boss-meta/,Guild Raid Boss Meta Guide | Terminus Maximus Infographics,false,https://www.youtube.com/watch?v=TqUgkJJr4hc,Prufrock,www.youtube.com,1,1
7 days (exact),guild_raid_youtube_click,/guild-raid/boss-meta/,Guild Raid Boss Meta Guide | Terminus Maximus Infographics,false,https://www.youtube.com/watch?v=UeLI_8LDGAs,GarviLoken,www.youtube.com,1,1
7 days (exact),guild_raid_youtube_click,/guild-raid/boss-meta/,Guild Raid Boss Meta Guide | Terminus Maximus Infographics,false,https://www.youtube.com/watch?v=W_lrbV2_OuM,1.04M,www.youtube.com,1,1
7 days (exact),guild_raid_youtube_click,/guild-raid/boss-meta/,Guild Raid Boss Meta Guide | Terminus Maximus Infographics,false,https://www.youtube.com/watch?v=ZcQITqMbGCI,Blackmane Gaming,www.youtube.com,1,1
7 days (exact),guild_raid_youtube_click,/guild-raid/boss-meta/,Guild Raid Boss Meta Guide | Terminus Maximus Infographics,false,https://www.youtube.com/watch?v=_RpiTVyoI98,1.50M,www.youtube.com,1,1
7 days (exact),guild_raid_youtube_click,/guild-raid/boss-meta/,Guild Raid Boss Meta Guide | Terminus Maximus Infographics,false,https://www.youtube.com/watch?v=a7NgeKIwGFY,,www.youtube.com,1,1
7 days (exact),guild_raid_youtube_click,/guild-raid/boss-meta/,Guild Raid Boss Meta Guide | Terminus Maximus Infographics,false,https://www.youtube.com/watch?v=ah_1SAeBttM,L2,www.youtube.com,1,1
7 days (exact),guild_raid_youtube_click,/guild-raid/boss-meta/,Guild Raid Boss Meta Guide | Terminus Maximus Infographics,false,https://www.youtube.com/watch?v=ezAdTuu0qVY,1.48M,www.youtube.com,1,1
7 days (exact),guild_raid_youtube_click,/guild-raid/boss-meta/,Guild Raid Boss Meta Guide | Terminus Maximus Infographics,false,https://www.youtube.com/watch?v=f-QOlT_gwgU,2.88M,www.youtube.com,1,1
7 days (exact),guild_raid_youtube_click,/guild-raid/boss-meta/,Guild Raid Boss Meta Guide | Terminus Maximus Infographics,false,https://www.youtube.com/watch?v=hjKR5GN77ic,1.50M,www.youtube.com,1,1
7 days (exact),guild_raid_youtube_click,/guild-raid/boss-meta/,Guild Raid Boss Meta Guide | Terminus Maximus Infographics,false,https://www.youtube.com/watch?v=iExkbpE0XzY,Kitty Bebop,www.youtube.com,1,1
7 days (exact),guild_raid_youtube_click,/guild-raid/boss-meta/,Guild Raid Boss Meta Guide | Terminus Maximus Infographics,false,https://www.youtube.com/watch?v=ibLMlFU-tC0,1.40M,www.youtube.com,1,1
7 days (exact),guild_raid_youtube_click,/guild-raid/boss-meta/,Guild Raid Boss Meta Guide | Terminus Maximus Infographics,false,https://www.youtube.com/watch?v=isMvZ_huR1w,Kitty Bebop,www.youtube.com,1,1
7 days (exact),guild_raid_youtube_click,/guild-raid/boss-meta/,Guild Raid Boss Meta Guide | Terminus Maximus Infographics,false,https://www.youtube.com/watch?v=jBN3upBD5GI,Jordan,www.youtube.com,1,1
7 days (exact),guild_raid_youtube_click,/guild-raid/boss-meta/,Guild Raid Boss Meta Guide | Terminus Maximus Infographics,false,https://www.youtube.com/watch?v=kX3ncIq8hIs,L1,www.youtube.com,1,1
7 days (exact),guild_raid_youtube_click,/guild-raid/boss-meta/,Guild Raid Boss Meta Guide | Terminus Maximus Infographics,false,https://www.youtube.com/watch?v=ldZipqV3RK8,M1,www.youtube.com,1,1
7 days (exact),guild_raid_youtube_click,/guild-raid/boss-meta/,Guild Raid Boss Meta Guide | Terminus Maximus Infographics,false,https://www.youtube.com/watch?v=m2E3Mlvlt_g,1.40M,www.youtube.com,1,1
7 days (exact),guild_raid_youtube_click,/guild-raid/boss-meta/,Guild Raid Boss Meta Guide | Terminus Maximus Infographics,false,https://www.youtube.com/watch?v=mWtu5iEqsJc,L3,www.youtube.com,1,1
7 days (exact),guild_raid_youtube_click,/guild-raid/boss-meta/,Guild Raid Boss Meta Guide | Terminus Maximus Infographics,false,https://www.youtube.com/watch?v=pAR6TjBvcVU,cpunerd (kharnage),www.youtube.com,1,1
7 days (exact),guild_raid_youtube_click,/guild-raid/boss-meta/,Guild Raid Boss Meta Guide | Terminus Maximus Infographics,false,https://www.youtube.com/watch?v=tXJrGZpYdng,,www.youtube.com,1,1
7 days (exact),guild_raid_youtube_click,/guild-raid/boss-meta/,Guild Raid Boss Meta Guide | Terminus Maximus Infographics,false,https://www.youtube.com/watch?v=tXJrGZpYdng,L3,www.youtube.com,1,1
7 days (exact),guild_raid_youtube_click,/guild-raid/boss-meta/,Guild Raid Boss Meta Guide | Terminus Maximus Infographics,false,https://www.youtube.com/watch?v=uKuTn0wRvpU,Mawg,www.youtube.com,1,1
7 days (exact),guild_raid_youtube_click,/guild-raid/boss-meta/,Guild Raid Boss Meta Guide | Terminus Maximus Infographics,false,https://www.youtube.com/watch?v=uKuTn0wRvpU,L4,www.youtube.com,1,1
7 days (exact),guild_raid_youtube_click,/guild-raid/boss-meta/,Guild Raid Boss Meta Guide | Terminus Maximus Infographics,false,https://www.youtube.com/watch?v=uUhXfNZFT5Y,1.22M,www.youtube.com,1,1
7 days (exact),guild_raid_youtube_click,/guild-raid/boss-meta/,Guild Raid Boss Meta Guide | Terminus Maximus Infographics,false,https://www.youtube.com/watch?v=w2P8uoGo5oo,1.66M,www.youtube.com,1,1
7 days (exact),guild_raid_youtube_click,/guild-raid/boss-meta/,Guild Raid Boss Meta Guide | Terminus Maximus Infographics,false,https://www.youtube.com/watch?v=x5xRU1vQUjA,,www.youtube.com,1,1
7 days (exact),guild_raid_youtube_click,/guild-raid/boss-meta/,Guild Raid Boss Meta Guide | Terminus Maximus Infographics,false,https://www.youtube.com/watch?v=xCPTvdInpiw,Best Replays,www.youtube.com,1,1
7 days (exact),guild_raid_youtube_click,/guild-raid/s103/,Guild Raid Season 103 | Terminus Maximus Infographics,false,https://www.youtube.com/watch?v=rtEqdG50ss8,1.10M,www.youtube.com,1,1
7 days (exact),guild_raid_youtube_click,/guild-raid/s104/,Guild Raid Season 104 | Terminus Maximus Infographics,false,https://www.youtube.com/watch?v=xsTygubUf3k,Painhawk,www.youtube.com,1,1
7 days (exact),guild_raid_youtube_click,/guild-raid/s105/,Guild Raid Season 105 | Terminus Maximus Infographics,false,https://www.youtube.com/watch?v=0OZSP8-gn7U,1.30M,www.youtube.com,1,1
7 days (exact),guild_raid_youtube_click,/guild-raid/s105/,Guild Raid Season 105 | Terminus Maximus Infographics,false,https://www.youtube.com/watch?v=0OZSP8-gn7U,Don’t Call Me Shirley Tacticus Replays,www.youtube.com,1,1
7 days (exact),guild_raid_youtube_click,/guild-raid/s105/,Guild Raid Season 105 | Terminus Maximus Infographics,false,https://www.youtube.com/watch?v=LoL5L2SSLgA,,www.youtube.com,1,1
7 days (exact),guild_raid_youtube_click,/guild-raid/s105/,Guild Raid Season 105 | Terminus Maximus Infographics,false,https://www.youtube.com/watch?v=OtGeKDHCdy0,960K,www.youtube.com,1,1
7 days (exact),guild_raid_youtube_click,/guild-raid/s105/,Guild Raid Season 105 | Terminus Maximus Infographics,false,https://www.youtube.com/watch?v=UqouUwUZC_M,Yagyuu,www.youtube.com,1,1
7 days (exact),guild_raid_youtube_click,/guild-raid/s105/,Guild Raid Season 105 | Terminus Maximus Infographics,false,https://www.youtube.com/watch?v=XLcECO6lJA0,Prufrock,www.youtube.com,1,1
7 days (exact),guild_raid_youtube_click,/guild-raid/s106/,Рейды гильдии 106-го сезона | Инфографика «Терминус Максимус»,false,https://www.youtube.com/watch?v=Hf5j6qg1jtU,"1,67М",www.youtube.com,1,1
7 days (exact),guild_raid_youtube_click,/guild-raid/s106/,Guild Raid Season 106 | Terminus Maximus Infographics,false,https://www.youtube.com/watch?v=LRtGzA-RRMM,1.60M,www.youtube.com,1,1
7 days (exact),guild_raid_youtube_click,/guild-raid/s106/,Guild Raid Season 106 | Terminus Maximus Infographics,false,https://www.youtube.com/watch?v=MXPm2jXwR4c,1.30M,www.youtube.com,1,1
7 days (exact),guild_raid_youtube_click,/guild-raid/s106/,Рейды гильдии 106-го сезона | Инфографика «Терминус Максимус»,false,https://www.youtube.com/watch?v=XLcECO6lJA0,"2,10 млн.",www.youtube.com,1,1
7 days (exact),guild_raid_youtube_click,/guild-raid/s106/,Рейды гильдии 106-го сезона | Инфографика «Терминус Максимус»,false,https://www.youtube.com/watch?v=_RpiTVyoI98,"1,50 М",www.youtube.com,1,1
7 days (exact),guild_raid_youtube_click,/guild-raid/s106/,Guild Raid Season 106 | Terminus Maximus Infographics,false,https://www.youtube.com/watch?v=doBjk8eUinI,L5,www.youtube.com,1,1
7 days (exact),guild_raid_youtube_click,/guild-raid/s106/,Рейды гильдии 106-го сезона | Инфографика «Терминус Максимус»,false,https://www.youtube.com/watch?v=i7KSpAVjR8Y,"1,20 млн.",www.youtube.com,1,1
7 days (exact),guild_raid_youtube_click,/guild-raid/s106/,Guild Raid Season 106 | Terminus Maximus Infographics,false,https://www.youtube.com/watch?v=i7KSpAVjR8Y,Painhawk,www.youtube.com,1,1
7 days (exact),guild_raid_youtube_click,/guild-raid/s106/,Guild Raid Season 106 | Terminus Maximus Infographics,false,https://www.youtube.com/watch?v=oDwQz8YlLWQ,,www.youtube.com,1,1
7 days (exact),guild_raid_youtube_click,/guild-raid/s106/,Guild Raid Season 106 | Terminus Maximus Infographics,false,https://www.youtube.com/watch?v=oDwQz8YlLWQ,M1,www.youtube.com,1,1
7 days (exact),guild_raid_youtube_click,/guild-raid/s106/,Guild Raid Season 106 | Terminus Maximus Infographics,false,https://www.youtube.com/watch?v=pS0D8UQ_kv4,L4,www.youtube.com,1,1
7 days (exact),guild_raid_youtube_click,/guild-raid/s106/,Guild Raid Season 106 | Terminus Maximus Infographics,false,https://www.youtube.com/watch?v=wfLVf7Zso7Y,1.25M,www.youtube.com,1,1
7 days (exact),guild_raid_youtube_click,/guild-raid/s106/,Guild Raid Season 106 | Terminus Maximus Infographics,false,https://www.youtube.com/watch?v=yDOfO0aEwXY,M2,www.youtube.com,1,1
7 days (exact),guild_raid_youtube_click,/guild-raid/s106/,Guild Raid Season 106 | Terminus Maximus Infographics,false,https://www.youtube.com/watch?v=yDOfO0aEwXY,1.00M,www.youtube.com,1,1
28 days (available 22 of requested 28),full_resolution_infographic_open,/guild-raid/boss-meta/,Guild Raid Boss Meta Guide | Terminus Maximus Infographics,false,https://terminusmaximus.com/images/boss-meta.png,Guild Raid Boss Meta Guide,terminusmaximus.com,789,514
28 days (available 22 of requested 28),full_resolution_infographic_open,/elite-campaigns/,Elite Campaigns | Terminus Maximus Infographics,false,https://terminusmaximus.com/images/elite-campaigns.png,Elite Campaigns,terminusmaximus.com,662,424
28 days (available 22 of requested 28),full_resolution_infographic_open,/lre/lysander/,Lysander Legendary Release Event | Terminus Maximus Infographics,false,https://terminusmaximus.com/images/lysander-lre.png,Lysander Legendary Release Event,terminusmaximus.com,611,477
28 days (available 22 of requested 28),full_resolution_infographic_open,/lre/lucius/,Lucius Legendary Release Event | Terminus Maximus Infographics,false,https://terminusmaximus.com/images/lucius-lre.png,Lucius Legendary Release Event,terminusmaximus.com,504,356
28 days (available 22 of requested 28),full_resolution_infographic_open,/beginner-guide/,Beginner Guide | Terminus Maximus Infographics,false,https://terminusmaximus.com/images/beginner-guide.png,Beginner Guide,terminusmaximus.com,387,271
28 days (available 22 of requested 28),full_resolution_infographic_open,/campaign-event/,Campaign Event | Terminus Maximus Infographics,false,https://terminusmaximus.com/images/campaign-event.png,Campaign Event,terminusmaximus.com,328,227
28 days (available 22 of requested 28),full_resolution_infographic_open,/incursion-mow/,Incursion & Machine of War | Terminus Maximus Infographics,false,https://terminusmaximus.com/images/incursion-mow.png,Incursion & Machine of War,terminusmaximus.com,202,171
28 days (available 22 of requested 28),full_resolution_infographic_open,/guild-raid/s106/,Guild Raid Season 106 | Terminus Maximus Infographics,false,https://terminusmaximus.com/images/guild-raid-s106-mythic.png,Guild Raid Season 106 - Mythic Bosses,terminusmaximus.com,99,78
28 days (available 22 of requested 28),full_resolution_infographic_open,/lre/farsight/,Farsight Legendary Release Event | Terminus Maximus Infographics,false,https://terminusmaximus.com/images/farsight-lre.png,Farsight Legendary Release Event,terminusmaximus.com,99,74
28 days (available 22 of requested 28),full_resolution_infographic_open,/guild-raid/s105/,Guild Raid Season 105 | Terminus Maximus Infographics,false,https://terminusmaximus.com/images/guild-raid-s105-mythic.png,Guild Raid Season 105 - Mythic Bosses,terminusmaximus.com,95,84
28 days (available 22 of requested 28),full_resolution_infographic_open,/guild-raid/s105/,Guild Raid Season 105 | Terminus Maximus Infographics,false,https://terminusmaximus.com/images/guild-raid-s105-legendary.png,Guild Raid Season 105 - Legendary Bosses,terminusmaximus.com,85,71
28 days (available 22 of requested 28),full_resolution_infographic_open,/lre/uthar/,Uthar Legendary Release Event | Terminus Maximus Infographics,false,https://terminusmaximus.com/images/uthar-lre.png,Uthar Legendary Release Event,terminusmaximus.com,82,66
28 days (available 22 of requested 28),full_resolution_infographic_open,/guild-raid/s106/,Guild Raid Season 106 | Terminus Maximus Infographics,false,https://terminusmaximus.com/images/guild-raid-s106-legendary.png,Guild Raid Season 106 - Legendary Bosses,terminusmaximus.com,61,57
28 days (available 22 of requested 28),full_resolution_infographic_open,/guild-raid/s105/,Guild Raid Season 105 | Terminus Maximus Infographics,false,https://terminusmaximus.com/images/guild-raid-s105-epic.png,Guild Raid Season 105 - Epic Bosses,terminusmaximus.com,54,46
28 days (available 22 of requested 28),full_resolution_infographic_open,/hre/,Hero Release Events | Terminus Maximus Infographics,false,https://terminusmaximus.com/images/hre.png,Hero Release Events,terminusmaximus.com,49,46
28 days (available 22 of requested 28),full_resolution_infographic_open,/guild-raid/s106/,Guild Raid Season 106 | Terminus Maximus Infographics,false,https://terminusmaximus.com/images/guild-raid-s106-epic.png,Guild Raid Season 106 - Epic Bosses,terminusmaximus.com,37,30
28 days (available 22 of requested 28),full_resolution_infographic_open,/campaign-event/,Campaign Event | Terminus Maximus Infographics,false,https://www.terminusmaximus.com/images/campaign-event.png,Campaign Event,www.terminusmaximus.com,25,6
28 days (available 22 of requested 28),full_resolution_infographic_open,/guild-raid/s105/,Guild Raid Season 105 | Terminus Maximus Infographics,false,https://terminusmaximus.com/images/guild-raid-s105-coming-soon.png,Guild Raid Season 105 - Coming Soon,terminusmaximus.com,25,22
28 days (available 22 of requested 28),full_resolution_infographic_open,/guild-raid/s106/,Guild Raid Season 106 | Terminus Maximus Infographics,false,https://terminusmaximus.com/images/guild-raid-s106-coming-soon.png,Guild Raid Season 106 - Coming Soon,terminusmaximus.com,23,19
28 days (available 22 of requested 28),full_resolution_infographic_open,/elite-campaigns/,Elite Campaigns | Terminus Maximus Infographics,false,https://www.terminusmaximus.com/images/elite-campaigns.png,Elite Campaigns,www.terminusmaximus.com,22,9
28 days (available 22 of requested 28),full_resolution_infographic_open,/guild-raid/boss-meta/,Guild Raid Boss Meta Guide | Terminus Maximus Infographics,false,https://www.terminusmaximus.com/images/boss-meta.png,Guild Raid Boss Meta Guide,www.terminusmaximus.com,18,7
28 days (available 22 of requested 28),full_resolution_infographic_open,/beginner-guide/,Beginner Guide | Terminus Maximus Infographics,false,https://www.terminusmaximus.com/images/beginner-guide.png,Beginner Guide,www.terminusmaximus.com,15,10
28 days (available 22 of requested 28),full_resolution_infographic_open,/lre/lysander/,Lysander Legendary Release Event | Terminus Maximus Infographics,false,https://www.terminusmaximus.com/images/lysander-lre.png,Lysander Legendary Release Event,www.terminusmaximus.com,15,10
28 days (available 22 of requested 28),full_resolution_infographic_open,/campaigns/indomitus/,Tacticus Indomitus Campaign Guide,false,https://terminusmaximus.com/images/indomitus.png,Indomitus Campaign Guide,terminusmaximus.com,14,14
28 days (available 22 of requested 28),full_resolution_infographic_open,/lre/lucius/,Lucius Legendary Release Event | Terminus Maximus Infographics,false,https://www.terminusmaximus.com/images/lucius-lre.png,Lucius Legendary Release Event,www.terminusmaximus.com,14,11
28 days (available 22 of requested 28),full_resolution_infographic_open,/lre/farsight/,Farsight Legendary Release Event | Terminus Maximus Infographics,false,https://www.terminusmaximus.com/images/farsight-lre.png,Farsight Legendary Release Event,www.terminusmaximus.com,10,2
28 days (available 22 of requested 28),full_resolution_infographic_open,/guild-raid/s104/,Guild Raid Season 104 | Terminus Maximus Infographics,false,https://terminusmaximus.com/images/guild-raid-s104-mythic.png,Guild Raid Season 104 - Mythic Bosses,terminusmaximus.com,9,6
28 days (available 22 of requested 28),full_resolution_infographic_open,/lre/uthar/,Uthar Legendary Release Event | Terminus Maximus Infographics,false,https://www.terminusmaximus.com/images/uthar-lre.png,Uthar Legendary Release Event,www.terminusmaximus.com,7,3
28 days (available 22 of requested 28),full_resolution_infographic_open,/elite-campaigns/,Элитные кампании | Инфографика Terminus Maximus,false,https://terminusmaximus.com/images/elite-campaigns.png,Elite Campaigns,terminusmaximus.com,5,3
28 days (available 22 of requested 28),full_resolution_infographic_open,/guild-raid/s104/,Guild Raid Season 104 | Terminus Maximus Infographics,false,https://terminusmaximus.com/images/guild-raid-s104-legendary.png,Guild Raid Season 104 - Legendary Bosses,terminusmaximus.com,5,3
28 days (available 22 of requested 28),full_resolution_infographic_open,/lre/lucius/,"Событие, посвященное выходу легендарного персонажа Луция | Инфографика Терминус Максимус",false,https://terminusmaximus.com/images/lucius-lre.png,Lucius Legendary Release Event,terminusmaximus.com,5,2
28 days (available 22 of requested 28),full_resolution_infographic_open,/campaign-event/,Мероприятие в рамках кампании | Инфографика «Терминус Максимус»,false,https://terminusmaximus.com/images/campaign-event.png,Campaign Event,terminusmaximus.com,4,3
28 days (available 22 of requested 28),full_resolution_infographic_open,/guild-raid/s104/,Guild Raid Season 104 | Terminus Maximus Infographics,false,https://terminusmaximus.com/images/guild-raid-s104-coming-soon.png,Guild Raid Season 104 - Coming Soon,terminusmaximus.com,4,2
28 days (available 22 of requested 28),full_resolution_infographic_open,/hre/,Hero Release Events | Terminus Maximus Infographics,false,https://www.terminusmaximus.com/images/hre.png,Hero Release Events,www.terminusmaximus.com,4,3
28 days (available 22 of requested 28),full_resolution_infographic_open,/incursion-mow/,Вторжение и Военная машина | Инфографика Terminus Maximus,false,https://terminusmaximus.com/images/incursion-mow.png,Incursion & Machine of War,terminusmaximus.com,4,2
28 days (available 22 of requested 28),full_resolution_infographic_open,/incursion-mow/,Incursion & Machine of War | Terminus Maximus Infographics,false,https://www.terminusmaximus.com/images/incursion-mow.png,Incursion & Machine of War,www.terminusmaximus.com,4,3
28 days (available 22 of requested 28),full_resolution_infographic_open,/lre/lysander/,"Событие, посвященное выходу легендарного Лисандера | Инфографика Терминус Максимус",false,https://terminusmaximus.com/images/lysander-lre.png,Lysander Legendary Release Event,terminusmaximus.com,4,3
28 days (available 22 of requested 28),full_resolution_infographic_open,/elite-campaigns/,Elite-Kampagnen | Terminus Maximus Infografiken,false,https://terminusmaximus.com/images/elite-campaigns.png,Elite Campaigns,terminusmaximus.com,3,2
28 days (available 22 of requested 28),full_resolution_infographic_open,/elite-campaigns/,Campagnes d'élite | Infographies Terminus Maximus,false,https://terminusmaximus.com/images/elite-campaigns.png,Elite Campaigns,terminusmaximus.com,3,2
28 days (available 22 of requested 28),full_resolution_infographic_open,/lre/lucius/,Lucius Legendary Release Event | Terminus Maximus Infografiken,false,https://terminusmaximus.com/images/lucius-lre.png,Lucius Legendary Release Event,terminusmaximus.com,3,2
28 days (available 22 of requested 28),full_resolution_infographic_open,/beginner-guide/,Руководство для начинающих | Инфографика Terminus Maximus,false,https://terminusmaximus.com/images/beginner-guide.png,Beginner Guide,terminusmaximus.com,2,1
28 days (available 22 of requested 28),full_resolution_infographic_open,/guild-raid/s106/,Raid de guilde Saison 106 | Infographie Terminus Maximus,false,https://terminusmaximus.com/images/guild-raid-s106-mythic.png,Guild Raid Season 106 - Mythic Bosses,terminusmaximus.com,2,2
28 days (available 22 of requested 28),full_resolution_infographic_open,/guild-raid/s106/,Sezon 106 rajdów gildii | Infografiki Terminus Maximus,false,https://terminusmaximus.com/images/guild-raid-s106-mythic.png,Guild Raid Season 106 - Mythic Bosses,terminusmaximus.com,2,1
28 days (available 22 of requested 28),full_resolution_infographic_open,/incursion-mow/,Invasion & Kriegsmaschinerie | Terminus Maximus Infografiken,false,https://terminusmaximus.com/images/incursion-mow.png,Incursion & Machine of War,terminusmaximus.com,2,2
28 days (available 22 of requested 28),full_resolution_infographic_open,/lre/lucius/,Evento de lanzamiento legendario de Lucius | Infografía de Terminus Maximus,false,https://terminusmaximus.com/images/lucius-lre.png,Lucius Legendary Release Event,terminusmaximus.com,2,1
28 days (available 22 of requested 28),full_resolution_infographic_open,/lre/lysander/,Événement de lancement légendaire de Lysander | Infographies Terminus Maximus,false,https://terminusmaximus.com/images/lysander-lre.png,Lysander Legendary Release Event,terminusmaximus.com,2,2
28 days (available 22 of requested 28),full_resolution_infographic_open,/beginner-guide/,Guide du débutant | Infographies Terminus Maximus,false,https://terminusmaximus.com/images/beginner-guide.png,Beginner Guide,terminusmaximus.com,1,1
28 days (available 22 of requested 28),full_resolution_infographic_open,/beginner-guide/,Anfängerleitfaden | Terminus Maximus Infografiken,false,https://terminusmaximus.com/images/beginner-guide.png,Beginner Guide,terminusmaximus.com,1,1
28 days (available 22 of requested 28),full_resolution_infographic_open,/campaign-event/,Événement de campagne | Infographies Terminus Maximus,false,https://terminusmaximus.com/images/campaign-event.png,Campaign Event,terminusmaximus.com,1,1
28 days (available 22 of requested 28),full_resolution_infographic_open,/elite-campaigns/,Campañas de élite | Infografías de Terminus Maximus,false,https://terminusmaximus.com/images/elite-campaigns.png,Elite Campaigns,terminusmaximus.com,1,1
28 days (available 22 of requested 28),full_resolution_infographic_open,/elite-campaigns/,Campanhas de Elite | Infográficos da Terminus Maximus,false,https://terminusmaximus.com/images/elite-campaigns.png,Elite Campaigns,terminusmaximus.com,1,1
28 days (available 22 of requested 28),full_resolution_infographic_open,/elite-campaigns/,Елітні кампанії | Інфографіка Terminus Maximus,false,https://terminusmaximus.com/images/elite-campaigns.png,Elite Campaigns,terminusmaximus.com,1,1
28 days (available 22 of requested 28),full_resolution_infographic_open,/guild-raid/s100/,Guild Raid Season 100 | Terminus Maximus Infographics,false,https://terminusmaximus.com/images/guild-raid-s100-mythic.png,Guild Raid Season 100 - Mythic Bosses,terminusmaximus.com,1,1
28 days (available 22 of requested 28),full_resolution_infographic_open,/guild-raid/s103/,Guild Raid Season 103 | Terminus Maximus Infographics,false,https://terminusmaximus.com/images/guild-raid-s103-epic.png,Guild Raid Season 103 - Epic Bosses,terminusmaximus.com,1,1
28 days (available 22 of requested 28),full_resolution_infographic_open,/guild-raid/s103/,Guild Raid Season 103 | Terminus Maximus Infographics,false,https://terminusmaximus.com/images/guild-raid-s103-legendary.png,Guild Raid Season 103 - Legendary Bosses,terminusmaximus.com,1,1
28 days (available 22 of requested 28),full_resolution_infographic_open,/guild-raid/s104/,Guild Raid Season 104 | Terminus Maximus Infographics,false,https://terminusmaximus.com/images/guild-raid-s104-epic.png,Guild Raid Season 104 - Epic Bosses,terminusmaximus.com,1,1
28 days (available 22 of requested 28),full_resolution_infographic_open,/guild-raid/s105/,Рейды гильдии 105-го сезона | Инфографика «Терминус Максимус»,false,https://terminusmaximus.com/images/guild-raid-s105-coming-soon.png,Guild Raid Season 105 - Coming Soon,terminusmaximus.com,1,1
28 days (available 22 of requested 28),full_resolution_infographic_open,/guild-raid/s105/,길드 레이드 시즌 105 | 터미너스 막시무스 인포그래픽,false,https://terminusmaximus.com/images/guild-raid-s105-epic.png,Guild Raid Season 105 - Epic Bosses,terminusmaximus.com,1,1
28 days (available 22 of requested 28),full_resolution_infographic_open,/guild-raid/s105/,Рейды гильдии 105-го сезона | Инфографика «Терминус Максимус»,false,https://terminusmaximus.com/images/guild-raid-s105-epic.png,Guild Raid Season 105 - Epic Bosses,terminusmaximus.com,1,1
28 days (available 22 of requested 28),full_resolution_infographic_open,/guild-raid/s105/,Рейды гильдии 105-го сезона | Инфографика «Терминус Максимус»,false,https://terminusmaximus.com/images/guild-raid-s105-legendary.png,Guild Raid Season 105 - Legendary Bosses,terminusmaximus.com,1,1
28 days (available 22 of requested 28),full_resolution_infographic_open,/guild-raid/s105/,Рейды гильдии 105-го сезона | Инфографика «Терминус Максимус»,false,https://terminusmaximus.com/images/guild-raid-s105-mythic.png,Guild Raid Season 105 - Mythic Bosses,terminusmaximus.com,1,1
28 days (available 22 of requested 28),full_resolution_infographic_open,/guild-raid/s105/,Temporada 105 de la Incursión de Gremio | Infografías de Terminus Maximus,false,https://terminusmaximus.com/images/guild-raid-s105-mythic.png,Guild Raid Season 105 - Mythic Bosses,terminusmaximus.com,1,1
28 days (available 22 of requested 28),full_resolution_infographic_open,/guild-raid/s105/,Raid de guilde Saison 105 | Infographie Terminus Maximus,false,https://terminusmaximus.com/images/guild-raid-s105-mythic.png,Guild Raid Season 105 - Mythic Bosses,terminusmaximus.com,1,1
28 days (available 22 of requested 28),full_resolution_infographic_open,/guild-raid/s105/,Guild Raid Season 105 | Terminus Maximus Infographics,false,https://www.terminusmaximus.com/images/guild-raid-s105-epic.png,Guild Raid Season 105 - Epic Bosses,www.terminusmaximus.com,1,1
28 days (available 22 of requested 28),full_resolution_infographic_open,/guild-raid/s105/,Guild Raid Season 105 | Terminus Maximus Infographics,false,https://www.terminusmaximus.com/images/guild-raid-s105-legendary.png,Guild Raid Season 105 - Legendary Bosses,www.terminusmaximus.com,1,1
28 days (available 22 of requested 28),full_resolution_infographic_open,/guild-raid/s106/,Stagione 106 dei Raid di Gilda | Infografiche di Terminus Maximus,false,https://terminusmaximus.com/images/guild-raid-s106-coming-soon.png,Guild Raid Season 106 - Coming Soon,terminusmaximus.com,1,1
28 days (available 22 of requested 28),full_resolution_infographic_open,/guild-raid/s106/,Sezon 106 rajdów gildii | Infografiki Terminus Maximus,false,https://terminusmaximus.com/images/guild-raid-s106-epic.png,Guild Raid Season 106 - Epic Bosses,terminusmaximus.com,1,1
28 days (available 22 of requested 28),full_resolution_infographic_open,/guild-raid/s106/,Raid de guilde Saison 106 | Infographie Terminus Maximus,false,https://terminusmaximus.com/images/guild-raid-s106-legendary.png,Guild Raid Season 106 - Legendary Bosses,terminusmaximus.com,1,1
28 days (available 22 of requested 28),full_resolution_infographic_open,/guild-raid/s106/,Sezon 106 rajdów gildii | Infografiki Terminus Maximus,false,https://terminusmaximus.com/images/guild-raid-s106-legendary.png,Guild Raid Season 106 - Legendary Bosses,terminusmaximus.com,1,1
28 days (available 22 of requested 28),full_resolution_infographic_open,/guild-raid/s106/,Guild Raid Season 106 | Terminus Maximus Infographics,false,https://www.terminusmaximus.com/images/guild-raid-s106-mythic.png,Guild Raid Season 106 - Mythic Bosses,www.terminusmaximus.com,1,1
28 days (available 22 of requested 28),full_resolution_infographic_open,/hre/,"События, связанные с выпуском новых героев | Инфографика Terminus Maximus",false,https://terminusmaximus.com/images/hre.png,Hero Release Events,terminusmaximus.com,1,1
28 days (available 22 of requested 28),full_resolution_infographic_open,/incursion-mow/,Вторгнення та Машина війни | Інфографіка Термінус Максимус,false,https://terminusmaximus.com/images/incursion-mow.png,Incursion & Machine of War,terminusmaximus.com,1,1
28 days (available 22 of requested 28),full_resolution_infographic_open,/incursion-mow/,Incursão e Máquina de Guerra | Infográficos de Terminus Maximus,false,https://terminusmaximus.com/images/incursion-mow.png,Incursion & Machine of War,terminusmaximus.com,1,1
28 days (available 22 of requested 28),full_resolution_infographic_open,/lre/lucius/,Подія виходу легендарного персонажа Lucius | Інфографіка Terminus Maximus,false,https://terminusmaximus.com/images/lucius-lre.png,Lucius Legendary Release Event,terminusmaximus.com,1,1
28 days (available 22 of requested 28),full_resolution_infographic_open,/lre/lysander/,Lysander Legendary Release Event | Terminus Maximus Infografiken,false,https://terminusmaximus.com/images/lysander-lre.png,Lysander Legendary Release Event,terminusmaximus.com,1,1
28 days (available 22 of requested 28),full_resolution_infographic_open,/lre/lysander/,Lysander Legendary Release Event | Terminus Maximus Infographics - https://terminusmaximus.com/lre/lysander/,false,https://terminusmaximus.com/images/lysander-lre.png,Lysander Legendary Release Event,terminusmaximus.com,1,1
28 days (available 22 of requested 28),full_resolution_infographic_open,/lre/uthar/,Legendäres Uthar-Release-Event | Terminus Maximus Infografiken,false,https://terminusmaximus.com/images/uthar-lre.png,Uthar Legendary Release Event,terminusmaximus.com,1,1
28 days (available 22 of requested 28),full_resolution_infographic_open,/lre/uthar/,"Событие, посвященное выходу легендарного Утара | Инфографика Терминус Максимус",false,https://terminusmaximus.com/images/uthar-lre.png,Uthar Legendary Release Event,terminusmaximus.com,1,1
28 days (available 22 of requested 28),guild_raid_youtube_click,/guild-raid/s105/,Guild Raid Season 105 | Terminus Maximus Infographics,false,https://www.youtube.com/watch?v=XLcECO6lJA0,2.10M,www.youtube.com,32,24
28 days (available 22 of requested 28),guild_raid_youtube_click,/guild-raid/s105/,Guild Raid Season 105 | Terminus Maximus Infographics,false,https://www.youtube.com/watch?v=0gQyyUSz0hA,Blackmane Gaming,www.youtube.com,23,20
28 days (available 22 of requested 28),guild_raid_youtube_click,/guild-raid/s105/,Guild Raid Season 105 | Terminus Maximus Infographics,false,https://www.youtube.com/watch?v=CNEOWyf4kpA,1.31M,www.youtube.com,21,17
28 days (available 22 of requested 28),guild_raid_youtube_click,/guild-raid/s105/,Guild Raid Season 105 | Terminus Maximus Infographics,false,https://www.youtube.com/watch?v=0gQyyUSz0hA,1.90M,www.youtube.com,18,16
28 days (available 22 of requested 28),guild_raid_youtube_click,/guild-raid/s105/,Guild Raid Season 105 | Terminus Maximus Infographics,false,https://www.youtube.com/watch?v=XLcECO6lJA0,Prufrock,www.youtube.com,18,16
28 days (available 22 of requested 28),guild_raid_youtube_click,/guild-raid/s105/,Guild Raid Season 105 | Terminus Maximus Infographics,false,https://www.youtube.com/watch?v=GqGL_7orsNs,1.56M,www.youtube.com,16,14
28 days (available 22 of requested 28),guild_raid_youtube_click,/guild-raid/s105/,Guild Raid Season 105 | Terminus Maximus Infographics,false,https://www.youtube.com/watch?v=0OZSP8-gn7U,Don’t Call Me Shirley Tacticus Replays,www.youtube.com,15,13
28 days (available 22 of requested 28),guild_raid_youtube_click,/guild-raid/s105/,Guild Raid Season 105 | Terminus Maximus Infographics,false,https://www.youtube.com/watch?v=0OZSP8-gn7U,1.30M,www.youtube.com,14,14
28 days (available 22 of requested 28),guild_raid_youtube_click,/guild-raid/s105/,Guild Raid Season 105 | Terminus Maximus Infographics,false,https://www.youtube.com/watch?v=Y74uUgSfZrw,1.80M,www.youtube.com,14,11
28 days (available 22 of requested 28),guild_raid_youtube_click,/guild-raid/boss-meta/,Guild Raid Boss Meta Guide | Terminus Maximus Infographics,false,https://www.youtube.com/watch?v=7wltu4R6hbE,Painhawk,www.youtube.com,13,12
28 days (available 22 of requested 28),guild_raid_youtube_click,/guild-raid/boss-meta/,Guild Raid Boss Meta Guide | Terminus Maximus Infographics,false,https://www.youtube.com/watch?v=uKuTn0wRvpU,Mawg,www.youtube.com,12,8
28 days (available 22 of requested 28),guild_raid_youtube_click,/guild-raid/s106/,Guild Raid Season 106 | Terminus Maximus Infographics,false,https://www.youtube.com/watch?v=pS0D8UQ_kv4,2.94M,www.youtube.com,12,10
28 days (available 22 of requested 28),guild_raid_youtube_click,/guild-raid/s105/,Guild Raid Season 105 | Terminus Maximus Infographics,false,https://www.youtube.com/watch?v=2YA89zo_u1Q,1.40M,www.youtube.com,11,9
28 days (available 22 of requested 28),guild_raid_youtube_click,/guild-raid/s105/,Guild Raid Season 105 | Terminus Maximus Infographics,false,https://www.youtube.com/watch?v=GqGL_7orsNs,Mawg,www.youtube.com,11,9
28 days (available 22 of requested 28),guild_raid_youtube_click,/guild-raid/s106/,Guild Raid Season 106 | Terminus Maximus Infographics,false,https://www.youtube.com/watch?v=Hf5j6qg1jtU,Painhawk,www.youtube.com,11,8
28 days (available 22 of requested 28),guild_raid_youtube_click,/guild-raid/s105/,Guild Raid Season 105 | Terminus Maximus Infographics,false,https://www.youtube.com/watch?v=2YA89zo_u1Q,Adeptus Gorditas,www.youtube.com,10,8
28 days (available 22 of requested 28),guild_raid_youtube_click,/guild-raid/s105/,Guild Raid Season 105 | Terminus Maximus Infographics,false,https://www.youtube.com/watch?v=6AgE4JZw5aU,812K,www.youtube.com,10,9
28 days (available 22 of requested 28),guild_raid_youtube_click,/guild-raid/s105/,Guild Raid Season 105 | Terminus Maximus Infographics,false,https://www.youtube.com/watch?v=CNEOWyf4kpA,Ulf,www.youtube.com,10,8
28 days (available 22 of requested 28),guild_raid_youtube_click,/guild-raid/s106/,Guild Raid Season 106 | Terminus Maximus Infographics,false,https://www.youtube.com/watch?v=Hf5j6qg1jtU,1.67M,www.youtube.com,10,9
28 days (available 22 of requested 28),guild_raid_youtube_click,/guild-raid/s106/,Guild Raid Season 106 | Terminus Maximus Infographics,false,https://www.youtube.com/watch?v=XLcECO6lJA0,2.10M,www.youtube.com,10,9
28 days (available 22 of requested 28),guild_raid_youtube_click,/guild-raid/s106/,Guild Raid Season 106 | Terminus Maximus Infographics,false,https://www.youtube.com/watch?v=doBjk8eUinI,Ulf,www.youtube.com,10,7
28 days (available 22 of requested 28),guild_raid_youtube_click,/guild-raid/s106/,Guild Raid Season 106 | Terminus Maximus Infographics,false,https://www.youtube.com/watch?v=mdGcowa65mQ,1.71M,www.youtube.com,10,9
28 days (available 22 of requested 28),guild_raid_youtube_click,/guild-raid/s105/,Guild Raid Season 105 | Terminus Maximus Infographics,false,https://www.youtube.com/watch?v=6AgE4JZw5aU,Painhawk,www.youtube.com,9,9
28 days (available 22 of requested 28),guild_raid_youtube_click,/guild-raid/s105/,Guild Raid Season 105 | Terminus Maximus Infographics,false,https://www.youtube.com/watch?v=UqouUwUZC_M,Yagyuu,www.youtube.com,9,7
28 days (available 22 of requested 28),guild_raid_youtube_click,/guild-raid/s106/,Guild Raid Season 106 | Terminus Maximus Infographics,false,https://www.youtube.com/watch?v=oDwQz8YlLWQ,1.45M,www.youtube.com,9,9
28 days (available 22 of requested 28),guild_raid_youtube_click,/guild-raid/s106/,Guild Raid Season 106 | Terminus Maximus Infographics,false,https://www.youtube.com/watch?v=oDwQz8YlLWQ,Prufrock,www.youtube.com,9,8
28 days (available 22 of requested 28),guild_raid_youtube_click,/guild-raid/boss-meta/,Guild Raid Boss Meta Guide | Terminus Maximus Infographics,false,https://www.youtube.com/watch?v=EYd3fcq-Wx4,Mawg,www.youtube.com,8,8
28 days (available 22 of requested 28),guild_raid_youtube_click,/guild-raid/boss-meta/,Guild Raid Boss Meta Guide | Terminus Maximus Infographics,false,https://www.youtube.com/watch?v=EYd3fcq-Wx4,1.89M,www.youtube.com,8,8
28 days (available 22 of requested 28),guild_raid_youtube_click,/guild-raid/s106/,Guild Raid Season 106 | Terminus Maximus Infographics,false,https://www.youtube.com/watch?v=XLcECO6lJA0,Prufrock,www.youtube.com,8,6
28 days (available 22 of requested 28),guild_raid_youtube_click,/guild-raid/s106/,Guild Raid Season 106 | Terminus Maximus Infographics,false,https://www.youtube.com/watch?v=pS0D8UQ_kv4,Mawg,www.youtube.com,8,8
28 days (available 22 of requested 28),guild_raid_youtube_click,/guild-raid/boss-meta/,Guild Raid Boss Meta Guide | Terminus Maximus Infographics,false,https://www.youtube.com/watch?v=7wltu4R6hbE,2.00M,www.youtube.com,7,7
28 days (available 22 of requested 28),guild_raid_youtube_click,/guild-raid/boss-meta/,Guild Raid Boss Meta Guide | Terminus Maximus Infographics,false,https://www.youtube.com/watch?v=HKo5oXc2S2M,Mawg,www.youtube.com,7,4
28 days (available 22 of requested 28),guild_raid_youtube_click,/guild-raid/s106/,Guild Raid Season 106 | Terminus Maximus Infographics,false,https://www.youtube.com/watch?v=UekSS6iakNE,1.10M,www.youtube.com,7,6
28 days (available 22 of requested 28),guild_raid_youtube_click,/guild-raid/boss-meta/,Guild Raid Boss Meta Guide | Terminus Maximus Infographics,false,https://www.youtube.com/watch?v=2YA89zo_u1Q,Adeptus Gorditas,www.youtube.com,6,4
28 days (available 22 of requested 28),guild_raid_youtube_click,/guild-raid/boss-meta/,Guild Raid Boss Meta Guide | Terminus Maximus Infographics,false,https://www.youtube.com/watch?v=7wltu4R6hbE,L5,www.youtube.com,6,4
28 days (available 22 of requested 28),guild_raid_youtube_click,/guild-raid/s105/,Guild Raid Season 105 | Terminus Maximus Infographics,false,https://www.youtube.com/watch?v=Y74uUgSfZrw,Painhawk,www.youtube.com,6,4
28 days (available 22 of requested 28),guild_raid_youtube_click,/guild-raid/s105/,Guild Raid Season 105 | Terminus Maximus Infographics,false,https://www.youtube.com/watch?v=fjBrAtXrOZI,785K,www.youtube.com,6,4
28 days (available 22 of requested 28),guild_raid_youtube_click,/guild-raid/s106/,Guild Raid Season 106 | Terminus Maximus Infographics,false,https://www.youtube.com/watch?v=_RpiTVyoI98,1.50M,www.youtube.com,6,6
28 days (available 22 of requested 28),guild_raid_youtube_click,/guild-raid/s106/,Guild Raid Season 106 | Terminus Maximus Infographics,false,https://www.youtube.com/watch?v=doBjk8eUinI,1.10M,www.youtube.com,6,5
28 days (available 22 of requested 28),guild_raid_youtube_click,/guild-raid/boss-meta/,Guild Raid Boss Meta Guide | Terminus Maximus Infographics,false,https://www.youtube.com/watch?v=0gQyyUSz0hA,Blackmane Gaming,www.youtube.com,5,5
28 days (available 22 of requested 28),guild_raid_youtube_click,/guild-raid/boss-meta/,Guild Raid Boss Meta Guide | Terminus Maximus Infographics,false,https://www.youtube.com/watch?v=Suf_83LaaAg,M1,www.youtube.com,5,4
28 days (available 22 of requested 28),guild_raid_youtube_click,/guild-raid/boss-meta/,Guild Raid Boss Meta Guide | Terminus Maximus Infographics,false,https://www.youtube.com/watch?v=Suf_83LaaAg,1.84M,www.youtube.com,5,4
28 days (available 22 of requested 28),guild_raid_youtube_click,/guild-raid/s105/,Guild Raid Season 105 | Terminus Maximus Infographics,false,https://www.youtube.com/watch?v=2YA89zo_u1Q,,www.youtube.com,5,4
28 days (available 22 of requested 28),guild_raid_youtube_click,/guild-raid/s106/,Guild Raid Season 106 | Terminus Maximus Infographics,false,https://www.youtube.com/watch?v=LRtGzA-RRMM,Un4given,www.youtube.com,5,3
28 days (available 22 of requested 28),guild_raid_youtube_click,/guild-raid/s106/,Guild Raid Season 106 | Terminus Maximus Infographics,false,https://www.youtube.com/watch?v=mdGcowa65mQ,HozzMidnight,www.youtube.com,5,5
28 days (available 22 of requested 28),guild_raid_youtube_click,/guild-raid/boss-meta/,Guild Raid Boss Meta Guide | Terminus Maximus Infographics,false,https://www.youtube.com/watch?v=0gQyyUSz0hA,1.90M,www.youtube.com,4,3
28 days (available 22 of requested 28),guild_raid_youtube_click,/guild-raid/boss-meta/,Guild Raid Boss Meta Guide | Terminus Maximus Infographics,false,https://www.youtube.com/watch?v=BS1zeKkJgpI,Painhawk,www.youtube.com,4,4
28 days (available 22 of requested 28),guild_raid_youtube_click,/guild-raid/boss-meta/,Guild Raid Boss Meta Guide | Terminus Maximus Infographics,false,https://www.youtube.com/watch?v=ah_1SAeBttM,Best Replays,www.youtube.com,4,2
28 days (available 22 of requested 28),guild_raid_youtube_click,/guild-raid/boss-meta/,Guild Raid Boss Meta Guide | Terminus Maximus Infographics,false,https://www.youtube.com/watch?v=isMvZ_huR1w,2.30M,www.youtube.com,4,4
28 days (available 22 of requested 28),guild_raid_youtube_click,/guild-raid/boss-meta/,Guild Raid Boss Meta Guide | Terminus Maximus Infographics,false,https://www.youtube.com/watch?v=ljw_rny1f5g,1.56M,www.youtube.com,4,4
28 days (available 22 of requested 28),guild_raid_youtube_click,/guild-raid/boss-meta/,Guild Raid Boss Meta Guide | Terminus Maximus Infographics,false,https://www.youtube.com/watch?v=uKuTn0wRvpU,1.48M,www.youtube.com,4,3
28 days (available 22 of requested 28),guild_raid_youtube_click,/guild-raid/boss-meta/,Guild Raid Boss Meta Guide | Terminus Maximus Infographics,false,https://www.youtube.com/watch?v=x5xRU1vQUjA,Un4given,www.youtube.com,4,3
28 days (available 22 of requested 28),guild_raid_youtube_click,/guild-raid/boss-meta/,Guild Raid Boss Meta Guide | Terminus Maximus Infographics,false,https://www.youtube.com/watch?v=xCPTvdInpiw,Best Replays,www.youtube.com,4,4
28 days (available 22 of requested 28),guild_raid_youtube_click,/guild-raid/s105/,Guild Raid Season 105 | Terminus Maximus Infographics,false,https://www.youtube.com/watch?v=0m5N-GCmpKE,Un4given,www.youtube.com,4,2
28 days (available 22 of requested 28),guild_raid_youtube_click,/guild-raid/s105/,Guild Raid Season 105 | Terminus Maximus Infographics,false,https://www.youtube.com/watch?v=GqGL_7orsNs,,www.youtube.com,4,4
28 days (available 22 of requested 28),guild_raid_youtube_click,/guild-raid/s105/,Guild Raid Season 105 | Terminus Maximus Infographics,false,https://www.youtube.com/watch?v=GqGL_7orsNs,L5,www.youtube.com,4,4
28 days (available 22 of requested 28),guild_raid_youtube_click,/guild-raid/s105/,Guild Raid Season 105 | Terminus Maximus Infographics,false,https://www.youtube.com/watch?v=OtGeKDHCdy0,Stringer de Los Redimidos,www.youtube.com,4,3
28 days (available 22 of requested 28),guild_raid_youtube_click,/guild-raid/s105/,Guild Raid Season 105 | Terminus Maximus Infographics,false,https://www.youtube.com/watch?v=OtGeKDHCdy0,960K,www.youtube.com,4,4
28 days (available 22 of requested 28),guild_raid_youtube_click,/guild-raid/s105/,Guild Raid Season 105 | Terminus Maximus Infographics,false,https://www.youtube.com/watch?v=UqouUwUZC_M,1.58M,www.youtube.com,4,4
28 days (available 22 of requested 28),guild_raid_youtube_click,/guild-raid/s105/,Guild Raid Season 105 | Terminus Maximus Infographics,false,https://www.youtube.com/watch?v=kX3ncIq8hIs,Machiep,www.youtube.com,4,2
28 days (available 22 of requested 28),guild_raid_youtube_click,/guild-raid/s106/,Guild Raid Season 106 | Terminus Maximus Infographics,false,https://www.youtube.com/watch?v=Z2xM4hJ4udc,950K,www.youtube.com,4,4
28 days (available 22 of requested 28),guild_raid_youtube_click,/guild-raid/s106/,Guild Raid Season 106 | Terminus Maximus Infographics,false,https://www.youtube.com/watch?v=i7KSpAVjR8Y,1.20M,www.youtube.com,4,4
28 days (available 22 of requested 28),guild_raid_youtube_click,/guild-raid/boss-meta/,Guild Raid Boss Meta Guide | Terminus Maximus Infographics,false,https://www.youtube.com/watch?v=12SB6y5r7LA,1.56M,www.youtube.com,3,3
28 days (available 22 of requested 28),guild_raid_youtube_click,/guild-raid/boss-meta/,Guild Raid Boss Meta Guide | Terminus Maximus Infographics,false,https://www.youtube.com/watch?v=6KpLdTvORyo,Jordan,www.youtube.com,3,3
28 days (available 22 of requested 28),guild_raid_youtube_click,/guild-raid/boss-meta/,Guild Raid Boss Meta Guide | Terminus Maximus Infographics,false,https://www.youtube.com/watch?v=Eo8Dan2RbNI,Prufrock,www.youtube.com,3,2
28 days (available 22 of requested 28),guild_raid_youtube_click,/guild-raid/boss-meta/,Guild Raid Boss Meta Guide | Terminus Maximus Infographics,false,https://www.youtube.com/watch?v=GmTQDi0hZWc,Stringer de Los Redimidos,www.youtube.com,3,2
28 days (available 22 of requested 28),guild_raid_youtube_click,/guild-raid/boss-meta/,Guild Raid Boss Meta Guide | Terminus Maximus Infographics,false,https://www.youtube.com/watch?v=HKo5oXc2S2M,L2,www.youtube.com,3,3
28 days (available 22 of requested 28),guild_raid_youtube_click,/guild-raid/boss-meta/,Guild Raid Boss Meta Guide | Terminus Maximus Infographics,false,https://www.youtube.com/watch?v=JedfR5QadFc,Kitty Bebop,www.youtube.com,3,3
28 days (available 22 of requested 28),guild_raid_youtube_click,/guild-raid/boss-meta/,Guild Raid Boss Meta Guide | Terminus Maximus Infographics,false,https://www.youtube.com/watch?v=LFadN-J6CUE,Tactical Raven,www.youtube.com,3,3
28 days (available 22 of requested 28),guild_raid_youtube_click,/guild-raid/boss-meta/,Guild Raid Boss Meta Guide | Terminus Maximus Infographics,false,https://www.youtube.com/watch?v=Q8gU2_2L5AE,Mawg,www.youtube.com,3,1
28 days (available 22 of requested 28),guild_raid_youtube_click,/guild-raid/boss-meta/,Guild Raid Boss Meta Guide | Terminus Maximus Infographics,false,https://www.youtube.com/watch?v=Q8gU2_2L5AE,L2,www.youtube.com,3,3
28 days (available 22 of requested 28),guild_raid_youtube_click,/guild-raid/boss-meta/,Guild Raid Boss Meta Guide | Terminus Maximus Infographics,false,https://www.youtube.com/watch?v=Q8gU2_2L5AE,1.74M,www.youtube.com,3,3
28 days (available 22 of requested 28),guild_raid_youtube_click,/guild-raid/boss-meta/,Guild Raid Boss Meta Guide | Terminus Maximus Infographics,false,https://www.youtube.com/watch?v=Qt-tPFBF44k,Mawg,www.youtube.com,3,3
28 days (available 22 of requested 28),guild_raid_youtube_click,/guild-raid/boss-meta/,Guild Raid Boss Meta Guide | Terminus Maximus Infographics,false,https://www.youtube.com/watch?v=R3DZZ9xuUUk,960K,www.youtube.com,3,3
28 days (available 22 of requested 28),guild_raid_youtube_click,/guild-raid/boss-meta/,Guild Raid Boss Meta Guide | Terminus Maximus Infographics,false,https://www.youtube.com/watch?v=Rp_8vzble-E,1.60M,www.youtube.com,3,3
28 days (available 22 of requested 28),guild_raid_youtube_click,/guild-raid/boss-meta/,Guild Raid Boss Meta Guide | Terminus Maximus Infographics,false,https://www.youtube.com/watch?v=Suf_83LaaAg,HozzMidnight,www.youtube.com,3,3
28 days (available 22 of requested 28),guild_raid_youtube_click,/guild-raid/boss-meta/,Guild Raid Boss Meta Guide | Terminus Maximus Infographics,false,https://www.youtube.com/watch?v=U_mWgZF3Bvs,Don’t Call Me Shirley Tacticus Replays,www.youtube.com,3,1
28 days (available 22 of requested 28),guild_raid_youtube_click,/guild-raid/boss-meta/,Guild Raid Boss Meta Guide | Terminus Maximus Infographics,false,https://www.youtube.com/watch?v=ah_1SAeBttM,L2,www.youtube.com,3,3
28 days (available 22 of requested 28),guild_raid_youtube_click,/guild-raid/boss-meta/,Guild Raid Boss Meta Guide | Terminus Maximus Infographics,false,https://www.youtube.com/watch?v=doBjk8eUinI,Ulf,www.youtube.com,3,3
28 days (available 22 of requested 28),guild_raid_youtube_click,/guild-raid/boss-meta/,Guild Raid Boss Meta Guide | Terminus Maximus Infographics,false,https://www.youtube.com/watch?v=isMvZ_huR1w,Kitty Bebop,www.youtube.com,3,3
28 days (available 22 of requested 28),guild_raid_youtube_click,/guild-raid/boss-meta/,Guild Raid Boss Meta Guide | Terminus Maximus Infographics,false,https://www.youtube.com/watch?v=pAR6TjBvcVU,cpunerd (kharnage),www.youtube.com,3,1
28 days (available 22 of requested 28),guild_raid_youtube_click,/guild-raid/boss-meta/,Guild Raid Boss Meta Guide | Terminus Maximus Infographics,false,https://www.youtube.com/watch?v=pS0D8UQ_kv4,Mawg,www.youtube.com,3,3
28 days (available 22 of requested 28),guild_raid_youtube_click,/guild-raid/boss-meta/,Guild Raid Boss Meta Guide | Terminus Maximus Infographics,false,https://www.youtube.com/watch?v=pS0D8UQ_kv4,2.94M,www.youtube.com,3,3
28 days (available 22 of requested 28),guild_raid_youtube_click,/guild-raid/s105/,Guild Raid Season 105 | Terminus Maximus Infographics,false,https://www.youtube.com/watch?v=0OZSP8-gn7U,,www.youtube.com,3,2
28 days (available 22 of requested 28),guild_raid_youtube_click,/guild-raid/s105/,Guild Raid Season 105 | Terminus Maximus Infographics,false,https://www.youtube.com/watch?v=fjBrAtXrOZI,GarviLoken,www.youtube.com,3,3
28 days (available 22 of requested 28),guild_raid_youtube_click,/guild-raid/s106/,Guild Raid Season 106 | Terminus Maximus Infographics,false,https://www.youtube.com/watch?v=Z2xM4hJ4udc,M2,www.youtube.com,3,3
28 days (available 22 of requested 28),guild_raid_youtube_click,/guild-raid/s106/,Guild Raid Season 106 | Terminus Maximus Infographics,false,https://www.youtube.com/watch?v=_RpiTVyoI98,Kyle UK 40k,www.youtube.com,3,3
28 days (available 22 of requested 28),guild_raid_youtube_click,/guild-raid/s106/,Guild Raid Season 106 | Terminus Maximus Infographics,false,https://www.youtube.com/watch?v=_RpiTVyoI98,L1,www.youtube.com,3,3
28 days (available 22 of requested 28),guild_raid_youtube_click,/guild-raid/s106/,Guild Raid Season 106 | Terminus Maximus Infographics,false,https://www.youtube.com/watch?v=dgTNhzPZcXI,Yagyuu,www.youtube.com,3,2
28 days (available 22 of requested 28),guild_raid_youtube_click,/guild-raid/s106/,Guild Raid Season 106 | Terminus Maximus Infographics,false,https://www.youtube.com/watch?v=i1YgoVnKY0c,Lyell,www.youtube.com,3,2
28 days (available 22 of requested 28),guild_raid_youtube_click,/guild-raid/s106/,Guild Raid Season 106 | Terminus Maximus Infographics,false,https://www.youtube.com/watch?v=mdGcowa65mQ,M2,www.youtube.com,3,3
28 days (available 22 of requested 28),guild_raid_youtube_click,/guild-raid/boss-meta/,Guild Raid Boss Meta Guide | Terminus Maximus Infographics,false,https://www.youtube.com/shorts/IrBhWwFkz5c,⭐ Meta Team,www.youtube.com,2,1
28 days (available 22 of requested 28),guild_raid_youtube_click,/guild-raid/boss-meta/,Guild Raid Boss Meta Guide | Terminus Maximus Infographics,false,https://www.youtube.com/watch?v=0gQyyUSz0hA,,www.youtube.com,2,2
28 days (available 22 of requested 28),guild_raid_youtube_click,/guild-raid/boss-meta/,Guild Raid Boss Meta Guide | Terminus Maximus Infographics,false,https://www.youtube.com/watch?v=1aABdUSrvKk,Mawg,www.youtube.com,2,2
28 days (available 22 of requested 28),guild_raid_youtube_click,/guild-raid/boss-meta/,Guild Raid Boss Meta Guide | Terminus Maximus Infographics,false,https://www.youtube.com/watch?v=1cxu6gi0UFw,Mawg,www.youtube.com,2,2
28 days (available 22 of requested 28),guild_raid_youtube_click,/guild-raid/boss-meta/,Guild Raid Boss Meta Guide | Terminus Maximus Infographics,false,https://www.youtube.com/watch?v=6DNL9hyZAzo,1.72M,www.youtube.com,2,2
28 days (available 22 of requested 28),guild_raid_youtube_click,/guild-raid/boss-meta/,Guild Raid Boss Meta Guide | Terminus Maximus Infographics,false,https://www.youtube.com/watch?v=7wltu4R6hbE,,www.youtube.com,2,2
28 days (available 22 of requested 28),guild_raid_youtube_click,/guild-raid/boss-meta/,Guild Raid Boss Meta Guide | Terminus Maximus Infographics,false,https://www.youtube.com/watch?v=EYd3fcq-Wx4,L1,www.youtube.com,2,2
28 days (available 22 of requested 28),guild_raid_youtube_click,/guild-raid/boss-meta/,Guild Raid Boss Meta Guide | Terminus Maximus Infographics,false,https://www.youtube.com/watch?v=JedfR5QadFc,2.50M,www.youtube.com,2,2
28 days (available 22 of requested 28),guild_raid_youtube_click,/guild-raid/boss-meta/,Guild Raid Boss Meta Guide | Terminus Maximus Infographics,false,https://www.youtube.com/watch?v=NK5sd4-g5zg,2.19M,www.youtube.com,2,1
28 days (available 22 of requested 28),guild_raid_youtube_click,/guild-raid/boss-meta/,Guild Raid Boss Meta Guide | Terminus Maximus Infographics,false,https://www.youtube.com/watch?v=R3DZZ9xuUUk,Ulf,www.youtube.com,2,1
28 days (available 22 of requested 28),guild_raid_youtube_click,/guild-raid/boss-meta/,Guild Raid Boss Meta Guide | Terminus Maximus Infographics,false,https://www.youtube.com/watch?v=UeLI_8LDGAs,GarviLoken,www.youtube.com,2,2
28 days (available 22 of requested 28),guild_raid_youtube_click,/guild-raid/boss-meta/,Guild Raid Boss Meta Guide | Terminus Maximus Infographics,false,https://www.youtube.com/watch?v=a7NgeKIwGFY,JurassicKyle,www.youtube.com,2,2
28 days (available 22 of requested 28),guild_raid_youtube_click,/guild-raid/boss-meta/,Guild Raid Boss Meta Guide | Terminus Maximus Infographics,false,https://www.youtube.com/watch?v=doBjk8eUinI,L4,www.youtube.com,2,2
28 days (available 22 of requested 28),guild_raid_youtube_click,/guild-raid/boss-meta/,Guild Raid Boss Meta Guide | Terminus Maximus Infographics,false,https://www.youtube.com/watch?v=doBjk8eUinI,1.10M,www.youtube.com,2,2
28 days (available 22 of requested 28),guild_raid_youtube_click,/guild-raid/boss-meta/,Guild Raid Boss Meta Guide | Terminus Maximus Infographics,false,https://www.youtube.com/watch?v=kWHcibwzhZo,Unessentials,www.youtube.com,2,2
28 days (available 22 of requested 28),guild_raid_youtube_click,/guild-raid/boss-meta/,Guild Raid Boss Meta Guide | Terminus Maximus Infographics,false,https://www.youtube.com/watch?v=ljw_rny1f5g,UltraBrother,www.youtube.com,2,2
28 days (available 22 of requested 28),guild_raid_youtube_click,/guild-raid/boss-meta/,Guild Raid Boss Meta Guide | Terminus Maximus Infographics,false,https://www.youtube.com/watch?v=mWtu5iEqsJc,1.66M,www.youtube.com,2,1
28 days (available 22 of requested 28),guild_raid_youtube_click,/guild-raid/boss-meta/,Guild Raid Boss Meta Guide | Terminus Maximus Infographics,false,https://www.youtube.com/watch?v=mnDoSbll_VM,1.80M,www.youtube.com,2,2
28 days (available 22 of requested 28),guild_raid_youtube_click,/guild-raid/boss-meta/,Guild Raid Boss Meta Guide | Terminus Maximus Infographics,false,https://www.youtube.com/watch?v=rUJk1tltXmc,1.82M,www.youtube.com,2,1
28 days (available 22 of requested 28),guild_raid_youtube_click,/guild-raid/boss-meta/,Guild Raid Boss Meta Guide | Terminus Maximus Infographics,false,https://www.youtube.com/watch?v=s4VBvxSzPj0,1.82M,www.youtube.com,2,2
28 days (available 22 of requested 28),guild_raid_youtube_click,/guild-raid/boss-meta/,Guild Raid Boss Meta Guide | Terminus Maximus Infographics,false,https://www.youtube.com/watch?v=s4VBvxSzPj0,Stringer de Los Redimidos,www.youtube.com,2,2
28 days (available 22 of requested 28),guild_raid_youtube_click,/guild-raid/boss-meta/,Guild Raid Boss Meta Guide | Terminus Maximus Infographics,false,https://www.youtube.com/watch?v=uKuTn0wRvpU,L4,www.youtube.com,2,2
28 days (available 22 of requested 28),guild_raid_youtube_click,/guild-raid/boss-meta/,Guild Raid Boss Meta Guide | Terminus Maximus Infographics,false,https://www.youtube.com/watch?v=wlqc3NPAc4E,1.80M,www.youtube.com,2,2
28 days (available 22 of requested 28),guild_raid_youtube_click,/guild-raid/boss-meta/,Guild Raid Boss Meta Guide | Terminus Maximus Infographics,false,https://www.youtube.com/watch?v=wlqc3NPAc4E,Painhawk,www.youtube.com,2,2
28 days (available 22 of requested 28),guild_raid_youtube_click,/guild-raid/s103/,Guild Raid Season 103 | Terminus Maximus Infographics,false,https://www.youtube.com/watch?v=rtEqdG50ss8,1.10M,www.youtube.com,2,2
28 days (available 22 of requested 28),guild_raid_youtube_click,/guild-raid/s104/,Guild Raid Season 104 | Terminus Maximus Infographics,false,https://www.youtube.com/watch?v=xsTygubUf3k,2.00M,www.youtube.com,2,2
28 days (available 22 of requested 28),guild_raid_youtube_click,/guild-raid/s105/,Рейды гильдии 105-го сезона | Инфографика «Терминус Максимус»,false,https://www.youtube.com/watch?v=0OZSP8-gn7U,"1,30 М",www.youtube.com,2,1
28 days (available 22 of requested 28),guild_raid_youtube_click,/guild-raid/s105/,Guild Raid Season 105 | Terminus Maximus Infographics,false,https://www.youtube.com/watch?v=0gQyyUSz0hA,M1,www.youtube.com,2,2
28 days (available 22 of requested 28),guild_raid_youtube_click,/guild-raid/s105/,Guild Raid Season 105 | Terminus Maximus Infographics,false,https://www.youtube.com/watch?v=0gQyyUSz0hA,,www.youtube.com,2,2
28 days (available 22 of requested 28),guild_raid_youtube_click,/guild-raid/s105/,Guild Raid Season 105 | Terminus Maximus Infographics,false,https://www.youtube.com/watch?v=0m5N-GCmpKE,950K,www.youtube.com,2,2
28 days (available 22 of requested 28),guild_raid_youtube_click,/guild-raid/s105/,Guild Raid Season 105 | Terminus Maximus Infographics,false,https://www.youtube.com/watch?v=2YA89zo_u1Q,L5,www.youtube.com,2,2
28 days (available 22 of requested 28),guild_raid_youtube_click,/guild-raid/s105/,Guild Raid Season 105 | Terminus Maximus Infographics,false,https://www.youtube.com/watch?v=CNEOWyf4kpA,L4,www.youtube.com,2,2
28 days (available 22 of requested 28),guild_raid_youtube_click,/guild-raid/s105/,Guild Raid Season 105 | Terminus Maximus Infographics,false,https://www.youtube.com/watch?v=LoL5L2SSLgA,L3,www.youtube.com,2,2
28 days (available 22 of requested 28),guild_raid_youtube_click,/guild-raid/s105/,Temporada 105 de la Incursión de Gremio | Infografías de Terminus Maximus,false,https://www.youtube.com/watch?v=LoL5L2SSLgA,Yagyuu,www.youtube.com,2,1
28 days (available 22 of requested 28),guild_raid_youtube_click,/guild-raid/s105/,Guild Raid Season 105 | Terminus Maximus Infographics,false,https://www.youtube.com/watch?v=LoL5L2SSLgA,1.39M,www.youtube.com,2,2
28 days (available 22 of requested 28),guild_raid_youtube_click,/guild-raid/s105/,Guild Raid Season 105 | Terminus Maximus Infographics,false,https://www.youtube.com/watch?v=Y74uUgSfZrw,,www.youtube.com,2,2
28 days (available 22 of requested 28),guild_raid_youtube_click,/guild-raid/s105/,Guild Raid Season 105 | Terminus Maximus Infographics,false,https://www.youtube.com/watch?v=kX3ncIq8hIs,1.98M,www.youtube.com,2,2
28 days (available 22 of requested 28),guild_raid_youtube_click,/guild-raid/s106/,Guild Raid Season 106 | Terminus Maximus Infographics,false,https://www.youtube.com/watch?v=LRtGzA-RRMM,L4,www.youtube.com,2,2
28 days (available 22 of requested 28),guild_raid_youtube_click,/guild-raid/s106/,Guild Raid Season 106 | Terminus Maximus Infographics,false,https://www.youtube.com/watch?v=MXPm2jXwR4c,1.30M,www.youtube.com,2,2
28 days (available 22 of requested 28),guild_raid_youtube_click,/guild-raid/s106/,Guild Raid Season 106 | Terminus Maximus Infographics,false,https://www.youtube.com/watch?v=UekSS6iakNE,GarviLoken,www.youtube.com,2,2
28 days (available 22 of requested 28),guild_raid_youtube_click,/guild-raid/s106/,Guild Raid Season 106 | Terminus Maximus Infographics,false,https://www.youtube.com/watch?v=mdGcowa65mQ,,www.youtube.com,2,2
28 days (available 22 of requested 28),guild_raid_youtube_click,/guild-raid/s106/,Guild Raid Season 106 | Terminus Maximus Infographics,false,https://www.youtube.com/watch?v=mnDoSbll_VM,1.80M,www.youtube.com,2,2
28 days (available 22 of requested 28),guild_raid_youtube_click,/guild-raid/s106/,Guild Raid Season 106 | Terminus Maximus Infographics,false,https://www.youtube.com/watch?v=oDwQz8YlLWQ,,www.youtube.com,2,2
28 days (available 22 of requested 28),guild_raid_youtube_click,/guild-raid/s106/,Guild Raid Season 106 | Terminus Maximus Infographics,false,https://www.youtube.com/watch?v=oDwQz8YlLWQ,M1,www.youtube.com,2,2
28 days (available 22 of requested 28),guild_raid_youtube_click,/guild-raid/s106/,Guild Raid Season 106 | Terminus Maximus Infographics,false,https://www.youtube.com/watch?v=wfLVf7Zso7Y,1.25M,www.youtube.com,2,2
28 days (available 22 of requested 28),guild_raid_youtube_click,/guild-raid/s106/,Guild Raid Season 106 | Terminus Maximus Infographics,false,https://www.youtube.com/watch?v=wfLVf7Zso7Y,Stringer de Los Redimidos,www.youtube.com,2,2
28 days (available 22 of requested 28),guild_raid_youtube_click,/guild-raid/s106/,Guild Raid Season 106 | Terminus Maximus Infographics,false,https://www.youtube.com/watch?v=yDOfO0aEwXY,UNDV jonowen,www.youtube.com,2,2
28 days (available 22 of requested 28),guild_raid_youtube_click,/guild-raid/boss-meta/,Guild Raid Boss Meta Guide | Terminus Maximus Infographics,false,https://www.youtube.com/shorts/3kNT-gyAgOc,⭐ Meta Team,www.youtube.com,1,1
28 days (available 22 of requested 28),guild_raid_youtube_click,/guild-raid/boss-meta/,Guild Raid Boss Meta Guide | Terminus Maximus Infographics,false,https://www.youtube.com/shorts/3woxpWMicUw,⭐ Meta Team,www.youtube.com,1,1
28 days (available 22 of requested 28),guild_raid_youtube_click,/guild-raid/boss-meta/,Guild Raid Boss Meta Guide | Terminus Maximus Infographics,false,https://www.youtube.com/shorts/5vhyaTEyGp8,"961,000",www.youtube.com,1,1
28 days (available 22 of requested 28),guild_raid_youtube_click,/guild-raid/boss-meta/,Guild Raid Boss Meta Guide | Terminus Maximus Infographics,false,https://www.youtube.com/shorts/Noe0IiYGMME,⭐ Meta Team,www.youtube.com,1,1
28 days (available 22 of requested 28),guild_raid_youtube_click,/guild-raid/boss-meta/,Guild Raid Boss Meta Guide | Terminus Maximus Infographics,false,https://www.youtube.com/shorts/OFi9QmOy7AU,⭐ Meta Team,www.youtube.com,1,1
28 days (available 22 of requested 28),guild_raid_youtube_click,/guild-raid/boss-meta/,Guild Raid Boss Meta Guide | Terminus Maximus Infographics,false,https://www.youtube.com/shorts/T_hwsSxYxJo,Mawg,www.youtube.com,1,1
28 days (available 22 of requested 28),guild_raid_youtube_click,/guild-raid/boss-meta/,Guild Raid Boss Meta Guide | Terminus Maximus Infographics,false,https://www.youtube.com/shorts/T_hwsSxYxJo,"Lav, Kari, Traj, Boss, Aesoth, Biovore",www.youtube.com,1,1
28 days (available 22 of requested 28),guild_raid_youtube_click,/guild-raid/boss-meta/,Guild Raid Boss Meta Guide | Terminus Maximus Infographics,false,https://www.youtube.com/shorts/nWoTFktMBok,Liquid Paper,www.youtube.com,1,1
28 days (available 22 of requested 28),guild_raid_youtube_click,/guild-raid/boss-meta/,Guild Raid Boss Meta Guide | Terminus Maximus Infographics,false,https://www.youtube.com/watch?v=0TRTyZ9H5m0,1.00M,www.youtube.com,1,1
28 days (available 22 of requested 28),guild_raid_youtube_click,/guild-raid/boss-meta/,Guild Raid Boss Meta Guide | Terminus Maximus Infographics,false,https://www.youtube.com/watch?v=0gQyyUSz0hA,L5,www.youtube.com,1,1
28 days (available 22 of requested 28),guild_raid_youtube_click,/guild-raid/boss-meta/,Guild Raid Boss Meta Guide | Terminus Maximus Infographics,false,https://www.youtube.com/watch?v=0lbFrOlJcDY,Mawg,www.youtube.com,1,1
28 days (available 22 of requested 28),guild_raid_youtube_click,/guild-raid/boss-meta/,Guild Raid Boss Meta Guide | Terminus Maximus Infographics,false,https://www.youtube.com/watch?v=12SB6y5r7LA,Mawg,www.youtube.com,1,1
28 days (available 22 of requested 28),guild_raid_youtube_click,/guild-raid/boss-meta/,Guild Raid Boss Meta Guide | Terminus Maximus Infographics,false,https://www.youtube.com/watch?v=12SB6y5r7LA,L2,www.youtube.com,1,1
28 days (available 22 of requested 28),guild_raid_youtube_click,/guild-raid/boss-meta/,Guild Raid Boss Meta Guide | Terminus Maximus Infographics,false,https://www.youtube.com/watch?v=1_aJsXDjF5E,Un4given,www.youtube.com,1,1
28 days (available 22 of requested 28),guild_raid_youtube_click,/guild-raid/boss-meta/,Guild Raid Boss Meta Guide | Terminus Maximus Infographics,false,https://www.youtube.com/watch?v=1_xHLgUeRA0,850K,www.youtube.com,1,1
28 days (available 22 of requested 28),guild_raid_youtube_click,/guild-raid/boss-meta/,Guild Raid Boss Meta Guide | Terminus Maximus Infographics,false,https://www.youtube.com/watch?v=1aABdUSrvKk,1.83M,www.youtube.com,1,1
28 days (available 22 of requested 28),guild_raid_youtube_click,/guild-raid/boss-meta/,Guild Raid Boss Meta Guide | Terminus Maximus Infographics,false,https://www.youtube.com/watch?v=2YA89zo_u1Q,1.40M,www.youtube.com,1,1
28 days (available 22 of requested 28),guild_raid_youtube_click,/guild-raid/boss-meta/,Guild Raid Boss Meta Guide | Terminus Maximus Infographics,false,https://www.youtube.com/watch?v=3bLTPzJu2_Y,Stringer de Los Redimidos,www.youtube.com,1,1
28 days (available 22 of requested 28),guild_raid_youtube_click,/guild-raid/boss-meta/,Guild Raid Boss Meta Guide | Terminus Maximus Infographics,false,https://www.youtube.com/watch?v=45WPpXb3k-E,,www.youtube.com,1,1
28 days (available 22 of requested 28),guild_raid_youtube_click,/guild-raid/boss-meta/,Guild Raid Boss Meta Guide | Terminus Maximus Infographics,false,https://www.youtube.com/watch?v=6KpLdTvORyo,1.50M,www.youtube.com,1,1
28 days (available 22 of requested 28),guild_raid_youtube_click,/guild-raid/boss-meta/,Guild Raid Boss Meta Guide | Terminus Maximus Infographics,false,https://www.youtube.com/watch?v=6sqZ2CSOF_s,Kyle UK 40k,www.youtube.com,1,1
28 days (available 22 of requested 28),guild_raid_youtube_click,/guild-raid/boss-meta/,Guild Raid Boss Meta Guide | Terminus Maximus Infographics,false,https://www.youtube.com/watch?v=7mT0va16Hr4,Mawg,www.youtube.com,1,1
28 days (available 22 of requested 28),guild_raid_youtube_click,/guild-raid/boss-meta/,Guild Raid Boss Meta Guide | Terminus Maximus Infographics,false,https://www.youtube.com/watch?v=8GJ1o3JvhLE,1.50M,www.youtube.com,1,1
28 days (available 22 of requested 28),guild_raid_youtube_click,/guild-raid/boss-meta/,Guild Raid Boss Meta Guide | Terminus Maximus Infographics,false,https://www.youtube.com/watch?v=9On7TATDb94,Un4given,www.youtube.com,1,1
28 days (available 22 of requested 28),guild_raid_youtube_click,/guild-raid/boss-meta/,Guild Raid Boss Meta Guide | Terminus Maximus Infographics,false,https://www.youtube.com/watch?v=AdOYEMc4DFQ,1.09M,www.youtube.com,1,1
28 days (available 22 of requested 28),guild_raid_youtube_click,/guild-raid/boss-meta/,Guild Raid Boss Meta Guide | Terminus Maximus Infographics,false,https://www.youtube.com/watch?v=BS1zeKkJgpI,2.00M,www.youtube.com,1,1
28 days (available 22 of requested 28),guild_raid_youtube_click,/guild-raid/boss-meta/,Guild Raid Boss Meta Guide | Terminus Maximus Infographics,false,https://www.youtube.com/watch?v=Bmrpd-8RYkk,Un4given,www.youtube.com,1,1
28 days (available 22 of requested 28),guild_raid_youtube_click,/guild-raid/boss-meta/,Guild Raid Boss Meta Guide | Terminus Maximus Infographics,false,https://www.youtube.com/watch?v=CemyXtub9Lg,1.47M,www.youtube.com,1,1
28 days (available 22 of requested 28),guild_raid_youtube_click,/guild-raid/boss-meta/,Guild Raid Boss Meta Guide | Terminus Maximus Infographics,false,https://www.youtube.com/watch?v=Dc9jbz4_Tpk,L5,www.youtube.com,1,1
28 days (available 22 of requested 28),guild_raid_youtube_click,/guild-raid/boss-meta/,Guild Raid Boss Meta Guide | Terminus Maximus Infographics,false,https://www.youtube.com/watch?v=Dc9jbz4_Tpk,,www.youtube.com,1,1
28 days (available 22 of requested 28),guild_raid_youtube_click,/guild-raid/boss-meta/,Guild Raid Boss Meta Guide | Terminus Maximus Infographics,false,https://www.youtube.com/watch?v=EYd3fcq-Wx4,,www.youtube.com,1,1
28 days (available 22 of requested 28),guild_raid_youtube_click,/guild-raid/boss-meta/,Guild Raid Boss Meta Guide | Terminus Maximus Infographics,false,https://www.youtube.com/watch?v=Eo8Dan2RbNI,L2,www.youtube.com,1,1
28 days (available 22 of requested 28),guild_raid_youtube_click,/guild-raid/boss-meta/,Guild Raid Boss Meta Guide | Terminus Maximus Infographics,false,https://www.youtube.com/watch?v=FI4WukOzisc,M2,www.youtube.com,1,1
28 days (available 22 of requested 28),guild_raid_youtube_click,/guild-raid/boss-meta/,Guild Raid Boss Meta Guide | Terminus Maximus Infographics,false,https://www.youtube.com/watch?v=GoFX3ND0XEg,1.60M,www.youtube.com,1,1
28 days (available 22 of requested 28),guild_raid_youtube_click,/guild-raid/boss-meta/,Guild Raid Boss Meta Guide | Terminus Maximus Infographics,false,https://www.youtube.com/watch?v=H74Pxb6cCJc,Don’t Call Me Shirley Tacticus Replays,www.youtube.com,1,1
28 days (available 22 of requested 28),guild_raid_youtube_click,/guild-raid/boss-meta/,Guild Raid Boss Meta Guide | Terminus Maximus Infographics,false,https://www.youtube.com/watch?v=H74Pxb6cCJc,1.70M,www.youtube.com,1,1
28 days (available 22 of requested 28),guild_raid_youtube_click,/guild-raid/boss-meta/,Guild Raid Boss Meta Guide | Terminus Maximus Infographics,false,https://www.youtube.com/watch?v=HGXZcLf5Il4,944K,www.youtube.com,1,1
28 days (available 22 of requested 28),guild_raid_youtube_click,/guild-raid/boss-meta/,Guild Raid Boss Meta Guide | Terminus Maximus Infographics,false,https://www.youtube.com/watch?v=HkQKEEQXe58,M2,www.youtube.com,1,1
28 days (available 22 of requested 28),guild_raid_youtube_click,/guild-raid/boss-meta/,Guild Raid Boss Meta Guide | Terminus Maximus Infographics,false,https://www.youtube.com/watch?v=IgJ3Xe7cdWs,Loknar,www.youtube.com,1,1
28 days (available 22 of requested 28),guild_raid_youtube_click,/guild-raid/boss-meta/,Guild Raid Boss Meta Guide | Terminus Maximus Infographics,false,https://www.youtube.com/watch?v=IgJ3Xe7cdWs,1.95M,www.youtube.com,1,1
28 days (available 22 of requested 28),guild_raid_youtube_click,/guild-raid/boss-meta/,Guild Raid Boss Meta Guide | Terminus Maximus Infographics,false,https://www.youtube.com/watch?v=IvNxEq3Lh74,1.90M,www.youtube.com,1,1
28 days (available 22 of requested 28),guild_raid_youtube_click,/guild-raid/boss-meta/,Guild Raid Boss Meta Guide | Terminus Maximus Infographics,false,https://www.youtube.com/watch?v=IvNxEq3Lh74,Don’t Call Me Shirley Tacticus Replays,www.youtube.com,1,1
28 days (available 22 of requested 28),guild_raid_youtube_click,/guild-raid/boss-meta/,Guild Raid Boss Meta Guide | Terminus Maximus Infographics,false,https://www.youtube.com/watch?v=JedfR5QadFc,L3,www.youtube.com,1,1
28 days (available 22 of requested 28),guild_raid_youtube_click,/guild-raid/boss-meta/,Guild Raid Boss Meta Guide | Terminus Maximus Infographics,false,https://www.youtube.com/watch?v=K-a4aWF2-F4,1.30M,www.youtube.com,1,1
28 days (available 22 of requested 28),guild_raid_youtube_click,/guild-raid/boss-meta/,Guild Raid Boss Meta Guide | Terminus Maximus Infographics,false,https://www.youtube.com/watch?v=M1ez3giLYYE,Jordan,www.youtube.com,1,1
28 days (available 22 of requested 28),guild_raid_youtube_click,/guild-raid/boss-meta/,Guild Raid Boss Meta Guide | Terminus Maximus Infographics,false,https://www.youtube.com/watch?v=NK5sd4-g5zg,Machiep,www.youtube.com,1,1
28 days (available 22 of requested 28),guild_raid_youtube_click,/guild-raid/boss-meta/,Guild Raid Boss Meta Guide | Terminus Maximus Infographics,false,https://www.youtube.com/watch?v=Q8gU2_2L5AE,Jun 30,www.youtube.com,1,1
28 days (available 22 of requested 28),guild_raid_youtube_click,/guild-raid/boss-meta/,Guild Raid Boss Meta Guide | Terminus Maximus Infographics,false,https://www.youtube.com/watch?v=QKB70NiN4LQ,Painhawk,www.youtube.com,1,1
28 days (available 22 of requested 28),guild_raid_youtube_click,/guild-raid/boss-meta/,Guild Raid Boss Meta Guide | Terminus Maximus Infographics,false,https://www.youtube.com/watch?v=QUDrle-dxMg,Painhawk,www.youtube.com,1,1
28 days (available 22 of requested 28),guild_raid_youtube_click,/guild-raid/boss-meta/,Guild Raid Boss Meta Guide | Terminus Maximus Infographics,false,https://www.youtube.com/watch?v=Qt-tPFBF44k,,www.youtube.com,1,1
28 days (available 22 of requested 28),guild_raid_youtube_click,/guild-raid/boss-meta/,Guild Raid Boss Meta Guide | Terminus Maximus Infographics,false,https://www.youtube.com/watch?v=R7zFXKNMwQs,800K,www.youtube.com,1,1
28 days (available 22 of requested 28),guild_raid_youtube_click,/guild-raid/boss-meta/,Guild Raid Boss Meta Guide | Terminus Maximus Infographics,false,https://www.youtube.com/watch?v=RsI6OJuyETU,2.62M,www.youtube.com,1,1
28 days (available 22 of requested 28),guild_raid_youtube_click,/guild-raid/boss-meta/,Guild Raid Boss Meta Guide | Terminus Maximus Infographics,false,https://www.youtube.com/watch?v=RsI6OJuyETU,Mawg,www.youtube.com,1,1
28 days (available 22 of requested 28),guild_raid_youtube_click,/guild-raid/boss-meta/,Guild Raid Boss Meta Guide | Terminus Maximus Infographics,false,https://www.youtube.com/watch?v=SPMh78mIOaw,Peste,www.youtube.com,1,1
28 days (available 22 of requested 28),guild_raid_youtube_click,/guild-raid/boss-meta/,Guild Raid Boss Meta Guide | Terminus Maximus Infographics,false,https://www.youtube.com/watch?v=SPMh78mIOaw,1.29M,www.youtube.com,1,1
28 days (available 22 of requested 28),guild_raid_youtube_click,/guild-raid/boss-meta/,Guild Raid Boss Meta Guide | Terminus Maximus Infographics,false,https://www.youtube.com/watch?v=STHC1VInOT8,1.40M,www.youtube.com,1,1
28 days (available 22 of requested 28),guild_raid_youtube_click,/guild-raid/boss-meta/,Guild Raid Boss Meta Guide | Terminus Maximus Infographics,false,https://www.youtube.com/watch?v=TM-dCi2q6D4,1.87M,www.youtube.com,1,1
28 days (available 22 of requested 28),guild_raid_youtube_click,/guild-raid/boss-meta/,Guild Raid Boss Meta Guide | Terminus Maximus Infographics,false,https://www.youtube.com/watch?v=TT087KhBF0k,1.40M,www.youtube.com,1,1
28 days (available 22 of requested 28),guild_raid_youtube_click,/guild-raid/boss-meta/,Guild Raid Boss Meta Guide | Terminus Maximus Infographics,false,https://www.youtube.com/watch?v=TY8ldEI-7Mw,Prufrock,www.youtube.com,1,1
28 days (available 22 of requested 28),guild_raid_youtube_click,/guild-raid/boss-meta/,Guild Raid Boss Meta Guide | Terminus Maximus Infographics,false,https://www.youtube.com/watch?v=TqUgkJJr4hc,Prufrock,www.youtube.com,1,1
28 days (available 22 of requested 28),guild_raid_youtube_click,/guild-raid/boss-meta/,Guild Raid Boss Meta Guide | Terminus Maximus Infographics,false,https://www.youtube.com/watch?v=UeLI_8LDGAs,2.40M,www.youtube.com,1,1
28 days (available 22 of requested 28),guild_raid_youtube_click,/guild-raid/boss-meta/,Guild Raid Boss Meta Guide | Terminus Maximus Infographics,false,https://www.youtube.com/watch?v=Vc7Ba32wrQw,Stringer de Los Redimidos,www.youtube.com,1,1
28 days (available 22 of requested 28),guild_raid_youtube_click,/guild-raid/boss-meta/,Guild Raid Boss Meta Guide | Terminus Maximus Infographics,false,https://www.youtube.com/watch?v=WY64Gpxgjjs,1.77M,www.youtube.com,1,1
28 days (available 22 of requested 28),guild_raid_youtube_click,/guild-raid/boss-meta/,Guild Raid Boss Meta Guide | Terminus Maximus Infographics,false,https://www.youtube.com/watch?v=W_lrbV2_OuM,1.04M,www.youtube.com,1,1
28 days (available 22 of requested 28),guild_raid_youtube_click,/guild-raid/boss-meta/,Guild Raid Boss Meta Guide | Terminus Maximus Infographics,false,https://www.youtube.com/watch?v=W_lrbV2_OuM,Prufrock,www.youtube.com,1,1
28 days (available 22 of requested 28),guild_raid_youtube_click,/guild-raid/boss-meta/,Guild Raid Boss Meta Guide | Terminus Maximus Infographics,false,https://www.youtube.com/watch?v=X0iEhhruB7o,1.90M,www.youtube.com,1,1
28 days (available 22 of requested 28),guild_raid_youtube_click,/guild-raid/boss-meta/,Guild Raid Boss Meta Guide | Terminus Maximus Infographics,false,https://www.youtube.com/watch?v=ZcQITqMbGCI,Blackmane Gaming,www.youtube.com,1,1
28 days (available 22 of requested 28),guild_raid_youtube_click,/guild-raid/boss-meta/,Guild Raid Boss Meta Guide | Terminus Maximus Infographics,false,https://www.youtube.com/watch?v=Zz5kvJevkNM,"Neuro, Abrax, Ahri, Abaddon, Archi, Zkar",www.youtube.com,1,1
28 days (available 22 of requested 28),guild_raid_youtube_click,/guild-raid/boss-meta/,Guild Raid Boss Meta Guide | Terminus Maximus Infographics,false,https://www.youtube.com/watch?v=Zz5kvJevkNM,⭐ Meta Team,www.youtube.com,1,1
28 days (available 22 of requested 28),guild_raid_youtube_click,/guild-raid/boss-meta/,Guild Raid Boss Meta Guide | Terminus Maximus Infographics,false,https://www.youtube.com/watch?v=_3U6vrs7wUA,790K,www.youtube.com,1,1
28 days (available 22 of requested 28),guild_raid_youtube_click,/guild-raid/boss-meta/,Guild Raid Boss Meta Guide | Terminus Maximus Infographics,false,https://www.youtube.com/watch?v=_RpiTVyoI98,L3,www.youtube.com,1,1
28 days (available 22 of requested 28),guild_raid_youtube_click,/guild-raid/boss-meta/,Guild Raid Boss Meta Guide | Terminus Maximus Infographics,false,https://www.youtube.com/watch?v=_RpiTVyoI98,1.50M,www.youtube.com,1,1
28 days (available 22 of requested 28),guild_raid_youtube_click,/guild-raid/boss-meta/,Guild Raid Boss Meta Guide | Terminus Maximus Infographics,false,https://www.youtube.com/watch?v=a7NgeKIwGFY,,www.youtube.com,1,1
28 days (available 22 of requested 28),guild_raid_youtube_click,/guild-raid/boss-meta/,Guild Raid Boss Meta Guide | Terminus Maximus Infographics,false,https://www.youtube.com/watch?v=ab1xAr0UeqE,Stringer de Los Redimidos,www.youtube.com,1,1
28 days (available 22 of requested 28),guild_raid_youtube_click,/guild-raid/boss-meta/,Guild Raid Boss Meta Guide | Terminus Maximus Infographics,false,https://www.youtube.com/watch?v=ah_1SAeBttM,1.64M,www.youtube.com,1,1
28 days (available 22 of requested 28),guild_raid_youtube_click,/guild-raid/boss-meta/,Guild Raid Boss Meta Guide | Terminus Maximus Infographics,false,https://www.youtube.com/watch?v=bUKq4x_7kIU,1.70M,www.youtube.com,1,1
28 days (available 22 of requested 28),guild_raid_youtube_click,/guild-raid/boss-meta/,Guild Raid Boss Meta Guide | Terminus Maximus Infographics,false,https://www.youtube.com/watch?v=cbeBUvUiKPg,1.00M,www.youtube.com,1,1
28 days (available 22 of requested 28),guild_raid_youtube_click,/guild-raid/boss-meta/,Guild Raid Boss Meta Guide | Terminus Maximus Infographics,false,https://www.youtube.com/watch?v=ezAdTuu0qVY,1.48M,www.youtube.com,1,1
28 days (available 22 of requested 28),guild_raid_youtube_click,/guild-raid/boss-meta/,Guild Raid Boss Meta Guide | Terminus Maximus Infographics,false,https://www.youtube.com/watch?v=f-QOlT_gwgU,2.88M,www.youtube.com,1,1
28 days (available 22 of requested 28),guild_raid_youtube_click,/guild-raid/boss-meta/,Guild Raid Boss Meta Guide | Terminus Maximus Infographics,false,https://www.youtube.com/watch?v=hi4WgmJDNaE,1.62M,www.youtube.com,1,1
28 days (available 22 of requested 28),guild_raid_youtube_click,/guild-raid/boss-meta/,Guild Raid Boss Meta Guide | Terminus Maximus Infographics,false,https://www.youtube.com/watch?v=hjKR5GN77ic,1.50M,www.youtube.com,1,1
28 days (available 22 of requested 28),guild_raid_youtube_click,/guild-raid/boss-meta/,Guild Raid Boss Meta Guide | Terminus Maximus Infographics,false,https://www.youtube.com/watch?v=iExkbpE0XzY,Kitty Bebop,www.youtube.com,1,1
28 days (available 22 of requested 28),guild_raid_youtube_click,/guild-raid/boss-meta/,Guild Raid Boss Meta Guide | Terminus Maximus Infographics,false,https://www.youtube.com/watch?v=ibLMlFU-tC0,1.40M,www.youtube.com,1,1
28 days (available 22 of requested 28),guild_raid_youtube_click,/guild-raid/boss-meta/,Guild Raid Boss Meta Guide | Terminus Maximus Infographics,false,https://www.youtube.com/watch?v=isMvZ_huR1w,L4,www.youtube.com,1,1
28 days (available 22 of requested 28),guild_raid_youtube_click,/guild-raid/boss-meta/,Guild Raid Boss Meta Guide | Terminus Maximus Infographics,false,https://www.youtube.com/watch?v=isMvZ_huR1w,,www.youtube.com,1,1
28 days (available 22 of requested 28),guild_raid_youtube_click,/guild-raid/boss-meta/,Guild Raid Boss Meta Guide | Terminus Maximus Infographics,false,https://www.youtube.com/watch?v=jBN3upBD5GI,Jordan,www.youtube.com,1,1
28 days (available 22 of requested 28),guild_raid_youtube_click,/guild-raid/boss-meta/,Guild Raid Boss Meta Guide | Terminus Maximus Infographics,false,https://www.youtube.com/watch?v=kX3ncIq8hIs,1.98M,www.youtube.com,1,1
28 days (available 22 of requested 28),guild_raid_youtube_click,/guild-raid/boss-meta/,Guild Raid Boss Meta Guide | Terminus Maximus Infographics,false,https://www.youtube.com/watch?v=kX3ncIq8hIs,L1,www.youtube.com,1,1
28 days (available 22 of requested 28),guild_raid_youtube_click,/guild-raid/boss-meta/,Guild Raid Boss Meta Guide | Terminus Maximus Infographics,false,https://www.youtube.com/watch?v=kX3ncIq8hIs,Machiep,www.youtube.com,1,1
28 days (available 22 of requested 28),guild_raid_youtube_click,/guild-raid/boss-meta/,Guild Raid Boss Meta Guide | Terminus Maximus Infographics,false,https://www.youtube.com/watch?v=l_dJJCf8aNY,L5,www.youtube.com,1,1
28 days (available 22 of requested 28),guild_raid_youtube_click,/guild-raid/boss-meta/,Guild Raid Boss Meta Guide | Terminus Maximus Infographics,false,https://www.youtube.com/watch?v=ldZipqV3RK8,M1,www.youtube.com,1,1
28 days (available 22 of requested 28),guild_raid_youtube_click,/guild-raid/boss-meta/,Guild Raid Boss Meta Guide | Terminus Maximus Infographics,false,https://www.youtube.com/watch?v=ldZipqV3RK8,Prufrock,www.youtube.com,1,1
28 days (available 22 of requested 28),guild_raid_youtube_click,/guild-raid/boss-meta/,Guild Raid Boss Meta Guide | Terminus Maximus Infographics,false,https://www.youtube.com/watch?v=ljw_rny1f5g,M1,www.youtube.com,1,1
28 days (available 22 of requested 28),guild_raid_youtube_click,/guild-raid/boss-meta/,Guild Raid Boss Meta Guide | Terminus Maximus Infographics,false,https://www.youtube.com/watch?v=m2E3Mlvlt_g,1.40M,www.youtube.com,1,1
28 days (available 22 of requested 28),guild_raid_youtube_click,/guild-raid/boss-meta/,Guild Raid Boss Meta Guide | Terminus Maximus Infographics,false,https://www.youtube.com/watch?v=mWtu5iEqsJc,L3,www.youtube.com,1,1
28 days (available 22 of requested 28),guild_raid_youtube_click,/guild-raid/boss-meta/,Guild Raid Boss Meta Guide | Terminus Maximus Infographics,false,https://www.youtube.com/watch?v=pAR6TjBvcVU,992K,www.youtube.com,1,1
28 days (available 22 of requested 28),guild_raid_youtube_click,/guild-raid/boss-meta/,Guild Raid Boss Meta Guide | Terminus Maximus Infographics,false,https://www.youtube.com/watch?v=px9Y47KS2WI,Un4given,www.youtube.com,1,1
28 days (available 22 of requested 28),guild_raid_youtube_click,/guild-raid/boss-meta/,Guild Raid Boss Meta Guide | Terminus Maximus Infographics,false,https://www.youtube.com/watch?v=rUJk1tltXmc,Mawg,www.youtube.com,1,1
28 days (available 22 of requested 28),guild_raid_youtube_click,/guild-raid/boss-meta/,Guild Raid Boss Meta Guide | Terminus Maximus Infographics,false,https://www.youtube.com/watch?v=rUJk1tltXmc,,www.youtube.com,1,1
28 days (available 22 of requested 28),guild_raid_youtube_click,/guild-raid/boss-meta/,Guild Raid Boss Meta Guide | Terminus Maximus Infographics,false,https://www.youtube.com/watch?v=sJkqW0SZiAU,Painhawk,www.youtube.com,1,1
28 days (available 22 of requested 28),guild_raid_youtube_click,/guild-raid/boss-meta/,Guild Raid Boss Meta Guide | Terminus Maximus Infographics,false,https://www.youtube.com/watch?v=sJkqW0SZiAU,L3,www.youtube.com,1,1
28 days (available 22 of requested 28),guild_raid_youtube_click,/guild-raid/boss-meta/,Guild Raid Boss Meta Guide | Terminus Maximus Infographics,false,https://www.youtube.com/watch?v=tXJrGZpYdng,,www.youtube.com,1,1
28 days (available 22 of requested 28),guild_raid_youtube_click,/guild-raid/boss-meta/,Guild Raid Boss Meta Guide | Terminus Maximus Infographics,false,https://www.youtube.com/watch?v=tXJrGZpYdng,L3,www.youtube.com,1,1
28 days (available 22 of requested 28),guild_raid_youtube_click,/guild-raid/boss-meta/,Guild Raid Boss Meta Guide | Terminus Maximus Infographics,false,https://www.youtube.com/watch?v=uKuTn0wRvpU,Jun 26,www.youtube.com,1,1
28 days (available 22 of requested 28),guild_raid_youtube_click,/guild-raid/boss-meta/,Guild Raid Boss Meta Guide | Terminus Maximus Infographics,false,https://www.youtube.com/watch?v=uUhXfNZFT5Y,1.22M,www.youtube.com,1,1
28 days (available 22 of requested 28),guild_raid_youtube_click,/guild-raid/boss-meta/,Guild Raid Boss Meta Guide | Terminus Maximus Infographics,false,https://www.youtube.com/watch?v=vSD_4HZtQUQ,🔄 Alternate Team,www.youtube.com,1,1
28 days (available 22 of requested 28),guild_raid_youtube_click,/guild-raid/boss-meta/,Guild Raid Boss Meta Guide | Terminus Maximus Infographics,false,https://www.youtube.com/watch?v=w2P8uoGo5oo,1.66M,www.youtube.com,1,1
28 days (available 22 of requested 28),guild_raid_youtube_click,/guild-raid/boss-meta/,Guild Raid Boss Meta Guide | Terminus Maximus Infographics,false,https://www.youtube.com/watch?v=wfLVf7Zso7Y,Stringer de Los Redimidos,www.youtube.com,1,1
28 days (available 22 of requested 28),guild_raid_youtube_click,/guild-raid/boss-meta/,Guild Raid Boss Meta Guide | Terminus Maximus Infographics,false,https://www.youtube.com/watch?v=wlZUgv9qX6Q,1.80M,www.youtube.com,1,1
28 days (available 22 of requested 28),guild_raid_youtube_click,/guild-raid/boss-meta/,Guild Raid Boss Meta Guide | Terminus Maximus Infographics,false,https://www.youtube.com/watch?v=x5xRU1vQUjA,1.55M,www.youtube.com,1,1
28 days (available 22 of requested 28),guild_raid_youtube_click,/guild-raid/boss-meta/,Guild Raid Boss Meta Guide | Terminus Maximus Infographics,false,https://www.youtube.com/watch?v=x5xRU1vQUjA,,www.youtube.com,1,1
28 days (available 22 of requested 28),guild_raid_youtube_click,/guild-raid/boss-meta/,Guild Raid Boss Meta Guide | Terminus Maximus Infographics,false,https://www.youtube.com/watch?v=xCPTvdInpiw,1.95M,www.youtube.com,1,1
28 days (available 22 of requested 28),guild_raid_youtube_click,/guild-raid/boss-meta/,Guild Raid Boss Meta Guide | Terminus Maximus Infographics,false,https://www.youtube.com/watch?v=xxieXsCqfdk,1.78M,www.youtube.com,1,1
28 days (available 22 of requested 28),guild_raid_youtube_click,/guild-raid/boss-meta/,Guild Raid Boss Meta Guide | Terminus Maximus Infographics,false,https://www.youtube.com/watch?v=y-6dGBTlqBI,Blackmane Gaming,www.youtube.com,1,1
28 days (available 22 of requested 28),guild_raid_youtube_click,/guild-raid/boss-meta/,Guild Raid Boss Meta Guide | Terminus Maximus Infographics,false,https://www.youtube.com/watch?v=y-6dGBTlqBI,1.92M,www.youtube.com,1,1
28 days (available 22 of requested 28),guild_raid_youtube_click,/guild-raid/boss-meta/,Guild Raid Boss Meta Guide | Terminus Maximus Infographics,false,https://www.youtube.com/watch?v=z0KVejHSRCg,1.65M,www.youtube.com,1,1
28 days (available 22 of requested 28),guild_raid_youtube_click,/guild-raid/boss-meta/,Guild Raid Boss Meta Guide | Terminus Maximus Infographics,false,https://www.youtube.com/watch?v=zB62xwG5xYA,Un4given,www.youtube.com,1,1
28 days (available 22 of requested 28),guild_raid_youtube_click,/guild-raid/s103/,Guild Raid Season 103 | Terminus Maximus Infographics,false,https://www.youtube.com/watch?v=H6b3ofcOSTI,1.64M,www.youtube.com,1,1
28 days (available 22 of requested 28),guild_raid_youtube_click,/guild-raid/s104/,Guild Raid Season 104 | Terminus Maximus Infographics,false,https://www.youtube.com/watch?v=B5I_AYTHRmQ,,www.youtube.com,1,1
28 days (available 22 of requested 28),guild_raid_youtube_click,/guild-raid/s104/,Guild Raid Season 104 | Terminus Maximus Infographics,false,https://www.youtube.com/watch?v=xsTygubUf3k,Painhawk,www.youtube.com,1,1
28 days (available 22 of requested 28),guild_raid_youtube_click,/guild-raid/s104/,Guild Raid Season 104 | Terminus Maximus Infographics,false,https://www.youtube.com/watch?v=xsTygubUf3k,,www.youtube.com,1,1
28 days (available 22 of requested 28),guild_raid_youtube_click,/guild-raid/s105/,Temporada 105 de la Incursión de Gremio | Infografías de Terminus Maximus,false,https://www.youtube.com/watch?v=0gQyyUSz0hA,Blackmane Gaming,www.youtube.com,1,1
28 days (available 22 of requested 28),guild_raid_youtube_click,/guild-raid/s105/,Guild Raid Season 105 | Terminus Maximus Infographics,false,https://www.youtube.com/watch?v=0m5N-GCmpKE,M1,www.youtube.com,1,1
28 days (available 22 of requested 28),guild_raid_youtube_click,/guild-raid/s105/,Raid de guilde Saison 105 | Infographie Terminus Maximus,false,https://www.youtube.com/watch?v=6AgE4JZw5aU,,www.youtube.com,1,1
28 days (available 22 of requested 28),guild_raid_youtube_click,/guild-raid/s105/,Guild Raid Season 105 | Terminus Maximus Infographics,false,https://www.youtube.com/watch?v=CNEOWyf4kpA,Mar 20,www.youtube.com,1,1
28 days (available 22 of requested 28),guild_raid_youtube_click,/guild-raid/s105/,Guild Raid Season 105 | Terminus Maximus Infographics,false,https://www.youtube.com/watch?v=CNEOWyf4kpA,,www.youtube.com,1,1
28 days (available 22 of requested 28),guild_raid_youtube_click,/guild-raid/s105/,Рейды гильдии 105-го сезона | Инфографика «Терминус Максимус»,false,https://www.youtube.com/watch?v=CNEOWyf4kpA,"1,31 млн.",www.youtube.com,1,1
28 days (available 22 of requested 28),guild_raid_youtube_click,/guild-raid/s105/,Temporada 105 de la Incursión de Gremio | Infografías de Terminus Maximus,false,https://www.youtube.com/watch?v=CNEOWyf4kpA,Ulf,www.youtube.com,1,1
28 days (available 22 of requested 28),guild_raid_youtube_click,/guild-raid/s105/,Temporada 105 de la Incursión de Gremio | Infografías de Terminus Maximus,false,https://www.youtube.com/watch?v=GqGL_7orsNs,"1,56 millones",www.youtube.com,1,1
28 days (available 22 of requested 28),guild_raid_youtube_click,/guild-raid/s105/,Temporada 105 de la Incursión de Gremio | Infografías de Terminus Maximus,false,https://www.youtube.com/watch?v=LoL5L2SSLgA,"1,39 millones",www.youtube.com,1,1
28 days (available 22 of requested 28),guild_raid_youtube_click,/guild-raid/s105/,Guild Raid Season 105 | Terminus Maximus Infographics,false,https://www.youtube.com/watch?v=LoL5L2SSLgA,Yagyuu,www.youtube.com,1,1
28 days (available 22 of requested 28),guild_raid_youtube_click,/guild-raid/s105/,Guild Raid Season 105 | Terminus Maximus Infographics,false,https://www.youtube.com/watch?v=LoL5L2SSLgA,,www.youtube.com,1,1
28 days (available 22 of requested 28),guild_raid_youtube_click,/guild-raid/s105/,Temporada 105 de la Incursión de Gremio | Infografías de Terminus Maximus,false,https://www.youtube.com/watch?v=UqouUwUZC_M,Yagyuu,www.youtube.com,1,1
28 days (available 22 of requested 28),guild_raid_youtube_click,/guild-raid/s105/,Guild Raid Season 105 | Terminus Maximus Infographics,false,https://www.youtube.com/watch?v=UqouUwUZC_M,L2,www.youtube.com,1,1
28 days (available 22 of requested 28),guild_raid_youtube_click,/guild-raid/s105/,Guild Raid Season 105 | Terminus Maximus Infographics,false,https://www.youtube.com/watch?v=UqouUwUZC_M,,www.youtube.com,1,1
28 days (available 22 of requested 28),guild_raid_youtube_click,/guild-raid/s105/,Temporada 105 de la Incursión de Gremio | Infografías de Terminus Maximus,false,https://www.youtube.com/watch?v=XLcECO6lJA0,Prufrock,www.youtube.com,1,1
28 days (available 22 of requested 28),guild_raid_youtube_click,/guild-raid/s105/,Рейды гильдии 105-го сезона | Инфографика «Терминус Максимус»,false,https://www.youtube.com/watch?v=XLcECO6lJA0,"2,10 млн.",www.youtube.com,1,1
28 days (available 22 of requested 28),guild_raid_youtube_click,/guild-raid/s105/,Guild Raid Season 105 | Terminus Maximus Infographics,false,https://www.youtube.com/watch?v=XLcECO6lJA0,,www.youtube.com,1,1
28 days (available 22 of requested 28),guild_raid_youtube_click,/guild-raid/s105/,Guild Raid Season 105 | Terminus Maximus Infographics,false,https://www.youtube.com/watch?v=Y74uUgSfZrw,L1,www.youtube.com,1,1
28 days (available 22 of requested 28),guild_raid_youtube_click,/guild-raid/s105/,길드 레이드 시즌 105 | 터미너스 막시무스 인포그래픽,false,https://www.youtube.com/watch?v=Y74uUgSfZrw,페인호크,www.youtube.com,1,1
28 days (available 22 of requested 28),guild_raid_youtube_click,/guild-raid/s105/,Guild Raid Season 105 | Terminus Maximus Infographics,false,https://www.youtube.com/watch?v=fjBrAtXrOZI,,www.youtube.com,1,1
28 days (available 22 of requested 28),guild_raid_youtube_click,/guild-raid/s105/,Рейды гильдии 105-го сезона | Инфографика «Терминус Максимус»,false,https://www.youtube.com/watch?v=kX3ncIq8hIs,"1,98 млн.",www.youtube.com,1,1
28 days (available 22 of requested 28),guild_raid_youtube_click,/guild-raid/s106/,Рейды гильдии 106-го сезона | Инфографика «Терминус Максимус»,false,https://www.youtube.com/watch?v=Hf5j6qg1jtU,"1,67М",www.youtube.com,1,1
28 days (available 22 of requested 28),guild_raid_youtube_click,/guild-raid/s106/,Guild Raid Season 106 | Terminus Maximus Infographics,false,https://www.youtube.com/watch?v=LRtGzA-RRMM,1.60M,www.youtube.com,1,1
28 days (available 22 of requested 28),guild_raid_youtube_click,/guild-raid/s106/,Рейды гильдии 106-го сезона | Инфографика «Терминус Максимус»,false,https://www.youtube.com/watch?v=XLcECO6lJA0,"2,10 млн.",www.youtube.com,1,1
28 days (available 22 of requested 28),guild_raid_youtube_click,/guild-raid/s106/,Рейды гильдии 106-го сезона | Инфографика «Терминус Максимус»,false,https://www.youtube.com/watch?v=_RpiTVyoI98,"1,50 М",www.youtube.com,1,1
28 days (available 22 of requested 28),guild_raid_youtube_click,/guild-raid/s106/,Guild Raid Season 106 | Terminus Maximus Infographics,false,https://www.youtube.com/watch?v=dgTNhzPZcXI,981K,www.youtube.com,1,1
28 days (available 22 of requested 28),guild_raid_youtube_click,/guild-raid/s106/,Guild Raid Season 106 | Terminus Maximus Infographics,false,https://www.youtube.com/watch?v=doBjk8eUinI,L5,www.youtube.com,1,1
28 days (available 22 of requested 28),guild_raid_youtube_click,/guild-raid/s106/,Guild Raid Season 106 | Terminus Maximus Infographics,false,https://www.youtube.com/watch?v=i7KSpAVjR8Y,Painhawk,www.youtube.com,1,1
28 days (available 22 of requested 28),guild_raid_youtube_click,/guild-raid/s106/,Рейды гильдии 106-го сезона | Инфографика «Терминус Максимус»,false,https://www.youtube.com/watch?v=i7KSpAVjR8Y,"1,20 млн.",www.youtube.com,1,1
28 days (available 22 of requested 28),guild_raid_youtube_click,/guild-raid/s106/,Guild Raid Season 106 | Terminus Maximus Infographics,false,https://www.youtube.com/watch?v=pS0D8UQ_kv4,L4,www.youtube.com,1,1
28 days (available 22 of requested 28),guild_raid_youtube_click,/guild-raid/s106/,Guild Raid Season 106 | Terminus Maximus Infographics,false,https://www.youtube.com/watch?v=wfLVf7Zso7Y,,www.youtube.com,1,1
28 days (available 22 of requested 28),guild_raid_youtube_click,/guild-raid/s106/,Guild Raid Season 106 | Terminus Maximus Infographics,false,https://www.youtube.com/watch?v=yDOfO0aEwXY,M2,www.youtube.com,1,1
28 days (available 22 of requested 28),guild_raid_youtube_click,/guild-raid/s106/,Guild Raid Season 106 | Terminus Maximus Infographics,false,https://www.youtube.com/watch?v=yDOfO0aEwXY,1.00M,www.youtube.com,1,1
90 days (available 22 of requested 90),full_resolution_infographic_open,/guild-raid/boss-meta/,Guild Raid Boss Meta Guide | Terminus Maximus Infographics,false,https://terminusmaximus.com/images/boss-meta.png,Guild Raid Boss Meta Guide,terminusmaximus.com,789,514
90 days (available 22 of requested 90),full_resolution_infographic_open,/elite-campaigns/,Elite Campaigns | Terminus Maximus Infographics,false,https://terminusmaximus.com/images/elite-campaigns.png,Elite Campaigns,terminusmaximus.com,662,424
90 days (available 22 of requested 90),full_resolution_infographic_open,/lre/lysander/,Lysander Legendary Release Event | Terminus Maximus Infographics,false,https://terminusmaximus.com/images/lysander-lre.png,Lysander Legendary Release Event,terminusmaximus.com,611,477
90 days (available 22 of requested 90),full_resolution_infographic_open,/lre/lucius/,Lucius Legendary Release Event | Terminus Maximus Infographics,false,https://terminusmaximus.com/images/lucius-lre.png,Lucius Legendary Release Event,terminusmaximus.com,504,356
90 days (available 22 of requested 90),full_resolution_infographic_open,/beginner-guide/,Beginner Guide | Terminus Maximus Infographics,false,https://terminusmaximus.com/images/beginner-guide.png,Beginner Guide,terminusmaximus.com,387,271
90 days (available 22 of requested 90),full_resolution_infographic_open,/campaign-event/,Campaign Event | Terminus Maximus Infographics,false,https://terminusmaximus.com/images/campaign-event.png,Campaign Event,terminusmaximus.com,328,227
90 days (available 22 of requested 90),full_resolution_infographic_open,/incursion-mow/,Incursion & Machine of War | Terminus Maximus Infographics,false,https://terminusmaximus.com/images/incursion-mow.png,Incursion & Machine of War,terminusmaximus.com,202,171
90 days (available 22 of requested 90),full_resolution_infographic_open,/guild-raid/s106/,Guild Raid Season 106 | Terminus Maximus Infographics,false,https://terminusmaximus.com/images/guild-raid-s106-mythic.png,Guild Raid Season 106 - Mythic Bosses,terminusmaximus.com,99,78
90 days (available 22 of requested 90),full_resolution_infographic_open,/lre/farsight/,Farsight Legendary Release Event | Terminus Maximus Infographics,false,https://terminusmaximus.com/images/farsight-lre.png,Farsight Legendary Release Event,terminusmaximus.com,99,74
90 days (available 22 of requested 90),full_resolution_infographic_open,/guild-raid/s105/,Guild Raid Season 105 | Terminus Maximus Infographics,false,https://terminusmaximus.com/images/guild-raid-s105-mythic.png,Guild Raid Season 105 - Mythic Bosses,terminusmaximus.com,95,84
90 days (available 22 of requested 90),full_resolution_infographic_open,/guild-raid/s105/,Guild Raid Season 105 | Terminus Maximus Infographics,false,https://terminusmaximus.com/images/guild-raid-s105-legendary.png,Guild Raid Season 105 - Legendary Bosses,terminusmaximus.com,85,71
90 days (available 22 of requested 90),full_resolution_infographic_open,/lre/uthar/,Uthar Legendary Release Event | Terminus Maximus Infographics,false,https://terminusmaximus.com/images/uthar-lre.png,Uthar Legendary Release Event,terminusmaximus.com,82,66
90 days (available 22 of requested 90),full_resolution_infographic_open,/guild-raid/s106/,Guild Raid Season 106 | Terminus Maximus Infographics,false,https://terminusmaximus.com/images/guild-raid-s106-legendary.png,Guild Raid Season 106 - Legendary Bosses,terminusmaximus.com,61,57
90 days (available 22 of requested 90),full_resolution_infographic_open,/guild-raid/s105/,Guild Raid Season 105 | Terminus Maximus Infographics,false,https://terminusmaximus.com/images/guild-raid-s105-epic.png,Guild Raid Season 105 - Epic Bosses,terminusmaximus.com,54,46
90 days (available 22 of requested 90),full_resolution_infographic_open,/hre/,Hero Release Events | Terminus Maximus Infographics,false,https://terminusmaximus.com/images/hre.png,Hero Release Events,terminusmaximus.com,49,46
90 days (available 22 of requested 90),full_resolution_infographic_open,/guild-raid/s106/,Guild Raid Season 106 | Terminus Maximus Infographics,false,https://terminusmaximus.com/images/guild-raid-s106-epic.png,Guild Raid Season 106 - Epic Bosses,terminusmaximus.com,37,30
90 days (available 22 of requested 90),full_resolution_infographic_open,/campaign-event/,Campaign Event | Terminus Maximus Infographics,false,https://www.terminusmaximus.com/images/campaign-event.png,Campaign Event,www.terminusmaximus.com,25,6
90 days (available 22 of requested 90),full_resolution_infographic_open,/guild-raid/s105/,Guild Raid Season 105 | Terminus Maximus Infographics,false,https://terminusmaximus.com/images/guild-raid-s105-coming-soon.png,Guild Raid Season 105 - Coming Soon,terminusmaximus.com,25,22
90 days (available 22 of requested 90),full_resolution_infographic_open,/guild-raid/s106/,Guild Raid Season 106 | Terminus Maximus Infographics,false,https://terminusmaximus.com/images/guild-raid-s106-coming-soon.png,Guild Raid Season 106 - Coming Soon,terminusmaximus.com,23,19
90 days (available 22 of requested 90),full_resolution_infographic_open,/elite-campaigns/,Elite Campaigns | Terminus Maximus Infographics,false,https://www.terminusmaximus.com/images/elite-campaigns.png,Elite Campaigns,www.terminusmaximus.com,22,9
90 days (available 22 of requested 90),full_resolution_infographic_open,/guild-raid/boss-meta/,Guild Raid Boss Meta Guide | Terminus Maximus Infographics,false,https://www.terminusmaximus.com/images/boss-meta.png,Guild Raid Boss Meta Guide,www.terminusmaximus.com,18,7
90 days (available 22 of requested 90),full_resolution_infographic_open,/beginner-guide/,Beginner Guide | Terminus Maximus Infographics,false,https://www.terminusmaximus.com/images/beginner-guide.png,Beginner Guide,www.terminusmaximus.com,15,10
90 days (available 22 of requested 90),full_resolution_infographic_open,/lre/lysander/,Lysander Legendary Release Event | Terminus Maximus Infographics,false,https://www.terminusmaximus.com/images/lysander-lre.png,Lysander Legendary Release Event,www.terminusmaximus.com,15,10
90 days (available 22 of requested 90),full_resolution_infographic_open,/campaigns/indomitus/,Tacticus Indomitus Campaign Guide,false,https://terminusmaximus.com/images/indomitus.png,Indomitus Campaign Guide,terminusmaximus.com,14,14
90 days (available 22 of requested 90),full_resolution_infographic_open,/lre/lucius/,Lucius Legendary Release Event | Terminus Maximus Infographics,false,https://www.terminusmaximus.com/images/lucius-lre.png,Lucius Legendary Release Event,www.terminusmaximus.com,14,11
90 days (available 22 of requested 90),full_resolution_infographic_open,/lre/farsight/,Farsight Legendary Release Event | Terminus Maximus Infographics,false,https://www.terminusmaximus.com/images/farsight-lre.png,Farsight Legendary Release Event,www.terminusmaximus.com,10,2
90 days (available 22 of requested 90),full_resolution_infographic_open,/guild-raid/s104/,Guild Raid Season 104 | Terminus Maximus Infographics,false,https://terminusmaximus.com/images/guild-raid-s104-mythic.png,Guild Raid Season 104 - Mythic Bosses,terminusmaximus.com,9,6
90 days (available 22 of requested 90),full_resolution_infographic_open,/lre/uthar/,Uthar Legendary Release Event | Terminus Maximus Infographics,false,https://www.terminusmaximus.com/images/uthar-lre.png,Uthar Legendary Release Event,www.terminusmaximus.com,7,3
90 days (available 22 of requested 90),full_resolution_infographic_open,/elite-campaigns/,Элитные кампании | Инфографика Terminus Maximus,false,https://terminusmaximus.com/images/elite-campaigns.png,Elite Campaigns,terminusmaximus.com,5,3
90 days (available 22 of requested 90),full_resolution_infographic_open,/guild-raid/s104/,Guild Raid Season 104 | Terminus Maximus Infographics,false,https://terminusmaximus.com/images/guild-raid-s104-legendary.png,Guild Raid Season 104 - Legendary Bosses,terminusmaximus.com,5,3
90 days (available 22 of requested 90),full_resolution_infographic_open,/lre/lucius/,"Событие, посвященное выходу легендарного персонажа Луция | Инфографика Терминус Максимус",false,https://terminusmaximus.com/images/lucius-lre.png,Lucius Legendary Release Event,terminusmaximus.com,5,2
90 days (available 22 of requested 90),full_resolution_infographic_open,/campaign-event/,Мероприятие в рамках кампании | Инфографика «Терминус Максимус»,false,https://terminusmaximus.com/images/campaign-event.png,Campaign Event,terminusmaximus.com,4,3
90 days (available 22 of requested 90),full_resolution_infographic_open,/guild-raid/s104/,Guild Raid Season 104 | Terminus Maximus Infographics,false,https://terminusmaximus.com/images/guild-raid-s104-coming-soon.png,Guild Raid Season 104 - Coming Soon,terminusmaximus.com,4,2
90 days (available 22 of requested 90),full_resolution_infographic_open,/hre/,Hero Release Events | Terminus Maximus Infographics,false,https://www.terminusmaximus.com/images/hre.png,Hero Release Events,www.terminusmaximus.com,4,3
90 days (available 22 of requested 90),full_resolution_infographic_open,/incursion-mow/,Вторжение и Военная машина | Инфографика Terminus Maximus,false,https://terminusmaximus.com/images/incursion-mow.png,Incursion & Machine of War,terminusmaximus.com,4,2
90 days (available 22 of requested 90),full_resolution_infographic_open,/incursion-mow/,Incursion & Machine of War | Terminus Maximus Infographics,false,https://www.terminusmaximus.com/images/incursion-mow.png,Incursion & Machine of War,www.terminusmaximus.com,4,3
90 days (available 22 of requested 90),full_resolution_infographic_open,/lre/lysander/,"Событие, посвященное выходу легендарного Лисандера | Инфографика Терминус Максимус",false,https://terminusmaximus.com/images/lysander-lre.png,Lysander Legendary Release Event,terminusmaximus.com,4,3
90 days (available 22 of requested 90),full_resolution_infographic_open,/elite-campaigns/,Elite-Kampagnen | Terminus Maximus Infografiken,false,https://terminusmaximus.com/images/elite-campaigns.png,Elite Campaigns,terminusmaximus.com,3,2
90 days (available 22 of requested 90),full_resolution_infographic_open,/elite-campaigns/,Campagnes d'élite | Infographies Terminus Maximus,false,https://terminusmaximus.com/images/elite-campaigns.png,Elite Campaigns,terminusmaximus.com,3,2
90 days (available 22 of requested 90),full_resolution_infographic_open,/lre/lucius/,Lucius Legendary Release Event | Terminus Maximus Infografiken,false,https://terminusmaximus.com/images/lucius-lre.png,Lucius Legendary Release Event,terminusmaximus.com,3,2
90 days (available 22 of requested 90),full_resolution_infographic_open,/beginner-guide/,Руководство для начинающих | Инфографика Terminus Maximus,false,https://terminusmaximus.com/images/beginner-guide.png,Beginner Guide,terminusmaximus.com,2,1
90 days (available 22 of requested 90),full_resolution_infographic_open,/guild-raid/s106/,Raid de guilde Saison 106 | Infographie Terminus Maximus,false,https://terminusmaximus.com/images/guild-raid-s106-mythic.png,Guild Raid Season 106 - Mythic Bosses,terminusmaximus.com,2,2
90 days (available 22 of requested 90),full_resolution_infographic_open,/guild-raid/s106/,Sezon 106 rajdów gildii | Infografiki Terminus Maximus,false,https://terminusmaximus.com/images/guild-raid-s106-mythic.png,Guild Raid Season 106 - Mythic Bosses,terminusmaximus.com,2,1
90 days (available 22 of requested 90),full_resolution_infographic_open,/incursion-mow/,Invasion & Kriegsmaschinerie | Terminus Maximus Infografiken,false,https://terminusmaximus.com/images/incursion-mow.png,Incursion & Machine of War,terminusmaximus.com,2,2
90 days (available 22 of requested 90),full_resolution_infographic_open,/lre/lucius/,Evento de lanzamiento legendario de Lucius | Infografía de Terminus Maximus,false,https://terminusmaximus.com/images/lucius-lre.png,Lucius Legendary Release Event,terminusmaximus.com,2,1
90 days (available 22 of requested 90),full_resolution_infographic_open,/lre/lysander/,Événement de lancement légendaire de Lysander | Infographies Terminus Maximus,false,https://terminusmaximus.com/images/lysander-lre.png,Lysander Legendary Release Event,terminusmaximus.com,2,2
90 days (available 22 of requested 90),full_resolution_infographic_open,/beginner-guide/,Guide du débutant | Infographies Terminus Maximus,false,https://terminusmaximus.com/images/beginner-guide.png,Beginner Guide,terminusmaximus.com,1,1
90 days (available 22 of requested 90),full_resolution_infographic_open,/beginner-guide/,Anfängerleitfaden | Terminus Maximus Infografiken,false,https://terminusmaximus.com/images/beginner-guide.png,Beginner Guide,terminusmaximus.com,1,1
90 days (available 22 of requested 90),full_resolution_infographic_open,/campaign-event/,Événement de campagne | Infographies Terminus Maximus,false,https://terminusmaximus.com/images/campaign-event.png,Campaign Event,terminusmaximus.com,1,1
90 days (available 22 of requested 90),full_resolution_infographic_open,/elite-campaigns/,Campañas de élite | Infografías de Terminus Maximus,false,https://terminusmaximus.com/images/elite-campaigns.png,Elite Campaigns,terminusmaximus.com,1,1
90 days (available 22 of requested 90),full_resolution_infographic_open,/elite-campaigns/,Елітні кампанії | Інфографіка Terminus Maximus,false,https://terminusmaximus.com/images/elite-campaigns.png,Elite Campaigns,terminusmaximus.com,1,1
90 days (available 22 of requested 90),full_resolution_infographic_open,/elite-campaigns/,Campanhas de Elite | Infográficos da Terminus Maximus,false,https://terminusmaximus.com/images/elite-campaigns.png,Elite Campaigns,terminusmaximus.com,1,1
90 days (available 22 of requested 90),full_resolution_infographic_open,/guild-raid/s100/,Guild Raid Season 100 | Terminus Maximus Infographics,false,https://terminusmaximus.com/images/guild-raid-s100-mythic.png,Guild Raid Season 100 - Mythic Bosses,terminusmaximus.com,1,1
90 days (available 22 of requested 90),full_resolution_infographic_open,/guild-raid/s103/,Guild Raid Season 103 | Terminus Maximus Infographics,false,https://terminusmaximus.com/images/guild-raid-s103-epic.png,Guild Raid Season 103 - Epic Bosses,terminusmaximus.com,1,1
90 days (available 22 of requested 90),full_resolution_infographic_open,/guild-raid/s103/,Guild Raid Season 103 | Terminus Maximus Infographics,false,https://terminusmaximus.com/images/guild-raid-s103-legendary.png,Guild Raid Season 103 - Legendary Bosses,terminusmaximus.com,1,1
90 days (available 22 of requested 90),full_resolution_infographic_open,/guild-raid/s104/,Guild Raid Season 104 | Terminus Maximus Infographics,false,https://terminusmaximus.com/images/guild-raid-s104-epic.png,Guild Raid Season 104 - Epic Bosses,terminusmaximus.com,1,1
90 days (available 22 of requested 90),full_resolution_infographic_open,/guild-raid/s105/,Рейды гильдии 105-го сезона | Инфографика «Терминус Максимус»,false,https://terminusmaximus.com/images/guild-raid-s105-coming-soon.png,Guild Raid Season 105 - Coming Soon,terminusmaximus.com,1,1
90 days (available 22 of requested 90),full_resolution_infographic_open,/guild-raid/s105/,길드 레이드 시즌 105 | 터미너스 막시무스 인포그래픽,false,https://terminusmaximus.com/images/guild-raid-s105-epic.png,Guild Raid Season 105 - Epic Bosses,terminusmaximus.com,1,1
90 days (available 22 of requested 90),full_resolution_infographic_open,/guild-raid/s105/,Рейды гильдии 105-го сезона | Инфографика «Терминус Максимус»,false,https://terminusmaximus.com/images/guild-raid-s105-epic.png,Guild Raid Season 105 - Epic Bosses,terminusmaximus.com,1,1
90 days (available 22 of requested 90),full_resolution_infographic_open,/guild-raid/s105/,Рейды гильдии 105-го сезона | Инфографика «Терминус Максимус»,false,https://terminusmaximus.com/images/guild-raid-s105-legendary.png,Guild Raid Season 105 - Legendary Bosses,terminusmaximus.com,1,1
90 days (available 22 of requested 90),full_resolution_infographic_open,/guild-raid/s105/,Raid de guilde Saison 105 | Infographie Terminus Maximus,false,https://terminusmaximus.com/images/guild-raid-s105-mythic.png,Guild Raid Season 105 - Mythic Bosses,terminusmaximus.com,1,1
90 days (available 22 of requested 90),full_resolution_infographic_open,/guild-raid/s105/,Рейды гильдии 105-го сезона | Инфографика «Терминус Максимус»,false,https://terminusmaximus.com/images/guild-raid-s105-mythic.png,Guild Raid Season 105 - Mythic Bosses,terminusmaximus.com,1,1
90 days (available 22 of requested 90),full_resolution_infographic_open,/guild-raid/s105/,Temporada 105 de la Incursión de Gremio | Infografías de Terminus Maximus,false,https://terminusmaximus.com/images/guild-raid-s105-mythic.png,Guild Raid Season 105 - Mythic Bosses,terminusmaximus.com,1,1
90 days (available 22 of requested 90),full_resolution_infographic_open,/guild-raid/s105/,Guild Raid Season 105 | Terminus Maximus Infographics,false,https://www.terminusmaximus.com/images/guild-raid-s105-epic.png,Guild Raid Season 105 - Epic Bosses,www.terminusmaximus.com,1,1
90 days (available 22 of requested 90),full_resolution_infographic_open,/guild-raid/s105/,Guild Raid Season 105 | Terminus Maximus Infographics,false,https://www.terminusmaximus.com/images/guild-raid-s105-legendary.png,Guild Raid Season 105 - Legendary Bosses,www.terminusmaximus.com,1,1
90 days (available 22 of requested 90),full_resolution_infographic_open,/guild-raid/s106/,Stagione 106 dei Raid di Gilda | Infografiche di Terminus Maximus,false,https://terminusmaximus.com/images/guild-raid-s106-coming-soon.png,Guild Raid Season 106 - Coming Soon,terminusmaximus.com,1,1
90 days (available 22 of requested 90),full_resolution_infographic_open,/guild-raid/s106/,Sezon 106 rajdów gildii | Infografiki Terminus Maximus,false,https://terminusmaximus.com/images/guild-raid-s106-epic.png,Guild Raid Season 106 - Epic Bosses,terminusmaximus.com,1,1
90 days (available 22 of requested 90),full_resolution_infographic_open,/guild-raid/s106/,Raid de guilde Saison 106 | Infographie Terminus Maximus,false,https://terminusmaximus.com/images/guild-raid-s106-legendary.png,Guild Raid Season 106 - Legendary Bosses,terminusmaximus.com,1,1
90 days (available 22 of requested 90),full_resolution_infographic_open,/guild-raid/s106/,Sezon 106 rajdów gildii | Infografiki Terminus Maximus,false,https://terminusmaximus.com/images/guild-raid-s106-legendary.png,Guild Raid Season 106 - Legendary Bosses,terminusmaximus.com,1,1
90 days (available 22 of requested 90),full_resolution_infographic_open,/guild-raid/s106/,Guild Raid Season 106 | Terminus Maximus Infographics,false,https://www.terminusmaximus.com/images/guild-raid-s106-mythic.png,Guild Raid Season 106 - Mythic Bosses,www.terminusmaximus.com,1,1
90 days (available 22 of requested 90),full_resolution_infographic_open,/hre/,"События, связанные с выпуском новых героев | Инфографика Terminus Maximus",false,https://terminusmaximus.com/images/hre.png,Hero Release Events,terminusmaximus.com,1,1
90 days (available 22 of requested 90),full_resolution_infographic_open,/incursion-mow/,Вторгнення та Машина війни | Інфографіка Термінус Максимус,false,https://terminusmaximus.com/images/incursion-mow.png,Incursion & Machine of War,terminusmaximus.com,1,1
90 days (available 22 of requested 90),full_resolution_infographic_open,/incursion-mow/,Incursão e Máquina de Guerra | Infográficos de Terminus Maximus,false,https://terminusmaximus.com/images/incursion-mow.png,Incursion & Machine of War,terminusmaximus.com,1,1
90 days (available 22 of requested 90),full_resolution_infographic_open,/lre/lucius/,Подія виходу легендарного персонажа Lucius | Інфографіка Terminus Maximus,false,https://terminusmaximus.com/images/lucius-lre.png,Lucius Legendary Release Event,terminusmaximus.com,1,1
90 days (available 22 of requested 90),full_resolution_infographic_open,/lre/lysander/,Lysander Legendary Release Event | Terminus Maximus Infografiken,false,https://terminusmaximus.com/images/lysander-lre.png,Lysander Legendary Release Event,terminusmaximus.com,1,1
90 days (available 22 of requested 90),full_resolution_infographic_open,/lre/lysander/,Lysander Legendary Release Event | Terminus Maximus Infographics - https://terminusmaximus.com/lre/lysander/,false,https://terminusmaximus.com/images/lysander-lre.png,Lysander Legendary Release Event,terminusmaximus.com,1,1
90 days (available 22 of requested 90),full_resolution_infographic_open,/lre/uthar/,Legendäres Uthar-Release-Event | Terminus Maximus Infografiken,false,https://terminusmaximus.com/images/uthar-lre.png,Uthar Legendary Release Event,terminusmaximus.com,1,1
90 days (available 22 of requested 90),full_resolution_infographic_open,/lre/uthar/,"Событие, посвященное выходу легендарного Утара | Инфографика Терминус Максимус",false,https://terminusmaximus.com/images/uthar-lre.png,Uthar Legendary Release Event,terminusmaximus.com,1,1
90 days (available 22 of requested 90),guild_raid_youtube_click,/guild-raid/s105/,Guild Raid Season 105 | Terminus Maximus Infographics,false,https://www.youtube.com/watch?v=XLcECO6lJA0,2.10M,www.youtube.com,32,24
90 days (available 22 of requested 90),guild_raid_youtube_click,/guild-raid/s105/,Guild Raid Season 105 | Terminus Maximus Infographics,false,https://www.youtube.com/watch?v=0gQyyUSz0hA,Blackmane Gaming,www.youtube.com,23,20
90 days (available 22 of requested 90),guild_raid_youtube_click,/guild-raid/s105/,Guild Raid Season 105 | Terminus Maximus Infographics,false,https://www.youtube.com/watch?v=CNEOWyf4kpA,1.31M,www.youtube.com,21,17
90 days (available 22 of requested 90),guild_raid_youtube_click,/guild-raid/s105/,Guild Raid Season 105 | Terminus Maximus Infographics,false,https://www.youtube.com/watch?v=0gQyyUSz0hA,1.90M,www.youtube.com,18,16
90 days (available 22 of requested 90),guild_raid_youtube_click,/guild-raid/s105/,Guild Raid Season 105 | Terminus Maximus Infographics,false,https://www.youtube.com/watch?v=XLcECO6lJA0,Prufrock,www.youtube.com,18,16
90 days (available 22 of requested 90),guild_raid_youtube_click,/guild-raid/s105/,Guild Raid Season 105 | Terminus Maximus Infographics,false,https://www.youtube.com/watch?v=GqGL_7orsNs,1.56M,www.youtube.com,16,14
90 days (available 22 of requested 90),guild_raid_youtube_click,/guild-raid/s105/,Guild Raid Season 105 | Terminus Maximus Infographics,false,https://www.youtube.com/watch?v=0OZSP8-gn7U,Don’t Call Me Shirley Tacticus Replays,www.youtube.com,15,13
90 days (available 22 of requested 90),guild_raid_youtube_click,/guild-raid/s105/,Guild Raid Season 105 | Terminus Maximus Infographics,false,https://www.youtube.com/watch?v=0OZSP8-gn7U,1.30M,www.youtube.com,14,14
90 days (available 22 of requested 90),guild_raid_youtube_click,/guild-raid/s105/,Guild Raid Season 105 | Terminus Maximus Infographics,false,https://www.youtube.com/watch?v=Y74uUgSfZrw,1.80M,www.youtube.com,14,11
90 days (available 22 of requested 90),guild_raid_youtube_click,/guild-raid/boss-meta/,Guild Raid Boss Meta Guide | Terminus Maximus Infographics,false,https://www.youtube.com/watch?v=7wltu4R6hbE,Painhawk,www.youtube.com,13,12
90 days (available 22 of requested 90),guild_raid_youtube_click,/guild-raid/boss-meta/,Guild Raid Boss Meta Guide | Terminus Maximus Infographics,false,https://www.youtube.com/watch?v=uKuTn0wRvpU,Mawg,www.youtube.com,12,8
90 days (available 22 of requested 90),guild_raid_youtube_click,/guild-raid/s106/,Guild Raid Season 106 | Terminus Maximus Infographics,false,https://www.youtube.com/watch?v=pS0D8UQ_kv4,2.94M,www.youtube.com,12,10
90 days (available 22 of requested 90),guild_raid_youtube_click,/guild-raid/s105/,Guild Raid Season 105 | Terminus Maximus Infographics,false,https://www.youtube.com/watch?v=2YA89zo_u1Q,1.40M,www.youtube.com,11,9
90 days (available 22 of requested 90),guild_raid_youtube_click,/guild-raid/s105/,Guild Raid Season 105 | Terminus Maximus Infographics,false,https://www.youtube.com/watch?v=GqGL_7orsNs,Mawg,www.youtube.com,11,9
90 days (available 22 of requested 90),guild_raid_youtube_click,/guild-raid/s106/,Guild Raid Season 106 | Terminus Maximus Infographics,false,https://www.youtube.com/watch?v=Hf5j6qg1jtU,Painhawk,www.youtube.com,11,8
90 days (available 22 of requested 90),guild_raid_youtube_click,/guild-raid/s105/,Guild Raid Season 105 | Terminus Maximus Infographics,false,https://www.youtube.com/watch?v=2YA89zo_u1Q,Adeptus Gorditas,www.youtube.com,10,8
90 days (available 22 of requested 90),guild_raid_youtube_click,/guild-raid/s105/,Guild Raid Season 105 | Terminus Maximus Infographics,false,https://www.youtube.com/watch?v=6AgE4JZw5aU,812K,www.youtube.com,10,9
90 days (available 22 of requested 90),guild_raid_youtube_click,/guild-raid/s105/,Guild Raid Season 105 | Terminus Maximus Infographics,false,https://www.youtube.com/watch?v=CNEOWyf4kpA,Ulf,www.youtube.com,10,8
90 days (available 22 of requested 90),guild_raid_youtube_click,/guild-raid/s106/,Guild Raid Season 106 | Terminus Maximus Infographics,false,https://www.youtube.com/watch?v=Hf5j6qg1jtU,1.67M,www.youtube.com,10,9
90 days (available 22 of requested 90),guild_raid_youtube_click,/guild-raid/s106/,Guild Raid Season 106 | Terminus Maximus Infographics,false,https://www.youtube.com/watch?v=XLcECO6lJA0,2.10M,www.youtube.com,10,9
90 days (available 22 of requested 90),guild_raid_youtube_click,/guild-raid/s106/,Guild Raid Season 106 | Terminus Maximus Infographics,false,https://www.youtube.com/watch?v=doBjk8eUinI,Ulf,www.youtube.com,10,7
90 days (available 22 of requested 90),guild_raid_youtube_click,/guild-raid/s106/,Guild Raid Season 106 | Terminus Maximus Infographics,false,https://www.youtube.com/watch?v=mdGcowa65mQ,1.71M,www.youtube.com,10,9
90 days (available 22 of requested 90),guild_raid_youtube_click,/guild-raid/s105/,Guild Raid Season 105 | Terminus Maximus Infographics,false,https://www.youtube.com/watch?v=6AgE4JZw5aU,Painhawk,www.youtube.com,9,9
90 days (available 22 of requested 90),guild_raid_youtube_click,/guild-raid/s105/,Guild Raid Season 105 | Terminus Maximus Infographics,false,https://www.youtube.com/watch?v=UqouUwUZC_M,Yagyuu,www.youtube.com,9,7
90 days (available 22 of requested 90),guild_raid_youtube_click,/guild-raid/s106/,Guild Raid Season 106 | Terminus Maximus Infographics,false,https://www.youtube.com/watch?v=oDwQz8YlLWQ,Prufrock,www.youtube.com,9,8
90 days (available 22 of requested 90),guild_raid_youtube_click,/guild-raid/s106/,Guild Raid Season 106 | Terminus Maximus Infographics,false,https://www.youtube.com/watch?v=oDwQz8YlLWQ,1.45M,www.youtube.com,9,9
90 days (available 22 of requested 90),guild_raid_youtube_click,/guild-raid/boss-meta/,Guild Raid Boss Meta Guide | Terminus Maximus Infographics,false,https://www.youtube.com/watch?v=EYd3fcq-Wx4,Mawg,www.youtube.com,8,8
90 days (available 22 of requested 90),guild_raid_youtube_click,/guild-raid/boss-meta/,Guild Raid Boss Meta Guide | Terminus Maximus Infographics,false,https://www.youtube.com/watch?v=EYd3fcq-Wx4,1.89M,www.youtube.com,8,8
90 days (available 22 of requested 90),guild_raid_youtube_click,/guild-raid/s106/,Guild Raid Season 106 | Terminus Maximus Infographics,false,https://www.youtube.com/watch?v=XLcECO6lJA0,Prufrock,www.youtube.com,8,6
90 days (available 22 of requested 90),guild_raid_youtube_click,/guild-raid/s106/,Guild Raid Season 106 | Terminus Maximus Infographics,false,https://www.youtube.com/watch?v=pS0D8UQ_kv4,Mawg,www.youtube.com,8,8
90 days (available 22 of requested 90),guild_raid_youtube_click,/guild-raid/boss-meta/,Guild Raid Boss Meta Guide | Terminus Maximus Infographics,false,https://www.youtube.com/watch?v=7wltu4R6hbE,2.00M,www.youtube.com,7,7
90 days (available 22 of requested 90),guild_raid_youtube_click,/guild-raid/boss-meta/,Guild Raid Boss Meta Guide | Terminus Maximus Infographics,false,https://www.youtube.com/watch?v=HKo5oXc2S2M,Mawg,www.youtube.com,7,4
90 days (available 22 of requested 90),guild_raid_youtube_click,/guild-raid/s106/,Guild Raid Season 106 | Terminus Maximus Infographics,false,https://www.youtube.com/watch?v=UekSS6iakNE,1.10M,www.youtube.com,7,6
90 days (available 22 of requested 90),guild_raid_youtube_click,/guild-raid/boss-meta/,Guild Raid Boss Meta Guide | Terminus Maximus Infographics,false,https://www.youtube.com/watch?v=2YA89zo_u1Q,Adeptus Gorditas,www.youtube.com,6,4
90 days (available 22 of requested 90),guild_raid_youtube_click,/guild-raid/boss-meta/,Guild Raid Boss Meta Guide | Terminus Maximus Infographics,false,https://www.youtube.com/watch?v=7wltu4R6hbE,L5,www.youtube.com,6,4
90 days (available 22 of requested 90),guild_raid_youtube_click,/guild-raid/s105/,Guild Raid Season 105 | Terminus Maximus Infographics,false,https://www.youtube.com/watch?v=Y74uUgSfZrw,Painhawk,www.youtube.com,6,4
90 days (available 22 of requested 90),guild_raid_youtube_click,/guild-raid/s105/,Guild Raid Season 105 | Terminus Maximus Infographics,false,https://www.youtube.com/watch?v=fjBrAtXrOZI,785K,www.youtube.com,6,4
90 days (available 22 of requested 90),guild_raid_youtube_click,/guild-raid/s106/,Guild Raid Season 106 | Terminus Maximus Infographics,false,https://www.youtube.com/watch?v=_RpiTVyoI98,1.50M,www.youtube.com,6,6
90 days (available 22 of requested 90),guild_raid_youtube_click,/guild-raid/s106/,Guild Raid Season 106 | Terminus Maximus Infographics,false,https://www.youtube.com/watch?v=doBjk8eUinI,1.10M,www.youtube.com,6,5
90 days (available 22 of requested 90),guild_raid_youtube_click,/guild-raid/boss-meta/,Guild Raid Boss Meta Guide | Terminus Maximus Infographics,false,https://www.youtube.com/watch?v=0gQyyUSz0hA,Blackmane Gaming,www.youtube.com,5,5
90 days (available 22 of requested 90),guild_raid_youtube_click,/guild-raid/boss-meta/,Guild Raid Boss Meta Guide | Terminus Maximus Infographics,false,https://www.youtube.com/watch?v=Suf_83LaaAg,1.84M,www.youtube.com,5,4
90 days (available 22 of requested 90),guild_raid_youtube_click,/guild-raid/boss-meta/,Guild Raid Boss Meta Guide | Terminus Maximus Infographics,false,https://www.youtube.com/watch?v=Suf_83LaaAg,M1,www.youtube.com,5,4
90 days (available 22 of requested 90),guild_raid_youtube_click,/guild-raid/s105/,Guild Raid Season 105 | Terminus Maximus Infographics,false,https://www.youtube.com/watch?v=2YA89zo_u1Q,,www.youtube.com,5,4
90 days (available 22 of requested 90),guild_raid_youtube_click,/guild-raid/s106/,Guild Raid Season 106 | Terminus Maximus Infographics,false,https://www.youtube.com/watch?v=LRtGzA-RRMM,Un4given,www.youtube.com,5,3
90 days (available 22 of requested 90),guild_raid_youtube_click,/guild-raid/s106/,Guild Raid Season 106 | Terminus Maximus Infographics,false,https://www.youtube.com/watch?v=mdGcowa65mQ,HozzMidnight,www.youtube.com,5,5
90 days (available 22 of requested 90),guild_raid_youtube_click,/guild-raid/boss-meta/,Guild Raid Boss Meta Guide | Terminus Maximus Infographics,false,https://www.youtube.com/watch?v=0gQyyUSz0hA,1.90M,www.youtube.com,4,3
90 days (available 22 of requested 90),guild_raid_youtube_click,/guild-raid/boss-meta/,Guild Raid Boss Meta Guide | Terminus Maximus Infographics,false,https://www.youtube.com/watch?v=BS1zeKkJgpI,Painhawk,www.youtube.com,4,4
90 days (available 22 of requested 90),guild_raid_youtube_click,/guild-raid/boss-meta/,Guild Raid Boss Meta Guide | Terminus Maximus Infographics,false,https://www.youtube.com/watch?v=ah_1SAeBttM,Best Replays,www.youtube.com,4,2
90 days (available 22 of requested 90),guild_raid_youtube_click,/guild-raid/boss-meta/,Guild Raid Boss Meta Guide | Terminus Maximus Infographics,false,https://www.youtube.com/watch?v=isMvZ_huR1w,2.30M,www.youtube.com,4,4
90 days (available 22 of requested 90),guild_raid_youtube_click,/guild-raid/boss-meta/,Guild Raid Boss Meta Guide | Terminus Maximus Infographics,false,https://www.youtube.com/watch?v=ljw_rny1f5g,1.56M,www.youtube.com,4,4
90 days (available 22 of requested 90),guild_raid_youtube_click,/guild-raid/boss-meta/,Guild Raid Boss Meta Guide | Terminus Maximus Infographics,false,https://www.youtube.com/watch?v=uKuTn0wRvpU,1.48M,www.youtube.com,4,3
90 days (available 22 of requested 90),guild_raid_youtube_click,/guild-raid/boss-meta/,Guild Raid Boss Meta Guide | Terminus Maximus Infographics,false,https://www.youtube.com/watch?v=x5xRU1vQUjA,Un4given,www.youtube.com,4,3
90 days (available 22 of requested 90),guild_raid_youtube_click,/guild-raid/boss-meta/,Guild Raid Boss Meta Guide | Terminus Maximus Infographics,false,https://www.youtube.com/watch?v=xCPTvdInpiw,Best Replays,www.youtube.com,4,4
90 days (available 22 of requested 90),guild_raid_youtube_click,/guild-raid/s105/,Guild Raid Season 105 | Terminus Maximus Infographics,false,https://www.youtube.com/watch?v=0m5N-GCmpKE,Un4given,www.youtube.com,4,2
90 days (available 22 of requested 90),guild_raid_youtube_click,/guild-raid/s105/,Guild Raid Season 105 | Terminus Maximus Infographics,false,https://www.youtube.com/watch?v=GqGL_7orsNs,,www.youtube.com,4,4
90 days (available 22 of requested 90),guild_raid_youtube_click,/guild-raid/s105/,Guild Raid Season 105 | Terminus Maximus Infographics,false,https://www.youtube.com/watch?v=GqGL_7orsNs,L5,www.youtube.com,4,4
90 days (available 22 of requested 90),guild_raid_youtube_click,/guild-raid/s105/,Guild Raid Season 105 | Terminus Maximus Infographics,false,https://www.youtube.com/watch?v=OtGeKDHCdy0,Stringer de Los Redimidos,www.youtube.com,4,3
90 days (available 22 of requested 90),guild_raid_youtube_click,/guild-raid/s105/,Guild Raid Season 105 | Terminus Maximus Infographics,false,https://www.youtube.com/watch?v=OtGeKDHCdy0,960K,www.youtube.com,4,4
90 days (available 22 of requested 90),guild_raid_youtube_click,/guild-raid/s105/,Guild Raid Season 105 | Terminus Maximus Infographics,false,https://www.youtube.com/watch?v=UqouUwUZC_M,1.58M,www.youtube.com,4,4
90 days (available 22 of requested 90),guild_raid_youtube_click,/guild-raid/s105/,Guild Raid Season 105 | Terminus Maximus Infographics,false,https://www.youtube.com/watch?v=kX3ncIq8hIs,Machiep,www.youtube.com,4,2
90 days (available 22 of requested 90),guild_raid_youtube_click,/guild-raid/s106/,Guild Raid Season 106 | Terminus Maximus Infographics,false,https://www.youtube.com/watch?v=Z2xM4hJ4udc,950K,www.youtube.com,4,4
90 days (available 22 of requested 90),guild_raid_youtube_click,/guild-raid/s106/,Guild Raid Season 106 | Terminus Maximus Infographics,false,https://www.youtube.com/watch?v=i7KSpAVjR8Y,1.20M,www.youtube.com,4,4
90 days (available 22 of requested 90),guild_raid_youtube_click,/guild-raid/boss-meta/,Guild Raid Boss Meta Guide | Terminus Maximus Infographics,false,https://www.youtube.com/watch?v=12SB6y5r7LA,1.56M,www.youtube.com,3,3
90 days (available 22 of requested 90),guild_raid_youtube_click,/guild-raid/boss-meta/,Guild Raid Boss Meta Guide | Terminus Maximus Infographics,false,https://www.youtube.com/watch?v=6KpLdTvORyo,Jordan,www.youtube.com,3,3
90 days (available 22 of requested 90),guild_raid_youtube_click,/guild-raid/boss-meta/,Guild Raid Boss Meta Guide | Terminus Maximus Infographics,false,https://www.youtube.com/watch?v=Eo8Dan2RbNI,Prufrock,www.youtube.com,3,2
90 days (available 22 of requested 90),guild_raid_youtube_click,/guild-raid/boss-meta/,Guild Raid Boss Meta Guide | Terminus Maximus Infographics,false,https://www.youtube.com/watch?v=GmTQDi0hZWc,Stringer de Los Redimidos,www.youtube.com,3,2
90 days (available 22 of requested 90),guild_raid_youtube_click,/guild-raid/boss-meta/,Guild Raid Boss Meta Guide | Terminus Maximus Infographics,false,https://www.youtube.com/watch?v=HKo5oXc2S2M,L2,www.youtube.com,3,3
90 days (available 22 of requested 90),guild_raid_youtube_click,/guild-raid/boss-meta/,Guild Raid Boss Meta Guide | Terminus Maximus Infographics,false,https://www.youtube.com/watch?v=JedfR5QadFc,Kitty Bebop,www.youtube.com,3,3
90 days (available 22 of requested 90),guild_raid_youtube_click,/guild-raid/boss-meta/,Guild Raid Boss Meta Guide | Terminus Maximus Infographics,false,https://www.youtube.com/watch?v=LFadN-J6CUE,Tactical Raven,www.youtube.com,3,3
90 days (available 22 of requested 90),guild_raid_youtube_click,/guild-raid/boss-meta/,Guild Raid Boss Meta Guide | Terminus Maximus Infographics,false,https://www.youtube.com/watch?v=Q8gU2_2L5AE,Mawg,www.youtube.com,3,1
90 days (available 22 of requested 90),guild_raid_youtube_click,/guild-raid/boss-meta/,Guild Raid Boss Meta Guide | Terminus Maximus Infographics,false,https://www.youtube.com/watch?v=Q8gU2_2L5AE,L2,www.youtube.com,3,3
90 days (available 22 of requested 90),guild_raid_youtube_click,/guild-raid/boss-meta/,Guild Raid Boss Meta Guide | Terminus Maximus Infographics,false,https://www.youtube.com/watch?v=Q8gU2_2L5AE,1.74M,www.youtube.com,3,3
90 days (available 22 of requested 90),guild_raid_youtube_click,/guild-raid/boss-meta/,Guild Raid Boss Meta Guide | Terminus Maximus Infographics,false,https://www.youtube.com/watch?v=Qt-tPFBF44k,Mawg,www.youtube.com,3,3
90 days (available 22 of requested 90),guild_raid_youtube_click,/guild-raid/boss-meta/,Guild Raid Boss Meta Guide | Terminus Maximus Infographics,false,https://www.youtube.com/watch?v=R3DZZ9xuUUk,960K,www.youtube.com,3,3
90 days (available 22 of requested 90),guild_raid_youtube_click,/guild-raid/boss-meta/,Guild Raid Boss Meta Guide | Terminus Maximus Infographics,false,https://www.youtube.com/watch?v=Rp_8vzble-E,1.60M,www.youtube.com,3,3
90 days (available 22 of requested 90),guild_raid_youtube_click,/guild-raid/boss-meta/,Guild Raid Boss Meta Guide | Terminus Maximus Infographics,false,https://www.youtube.com/watch?v=Suf_83LaaAg,HozzMidnight,www.youtube.com,3,3
90 days (available 22 of requested 90),guild_raid_youtube_click,/guild-raid/boss-meta/,Guild Raid Boss Meta Guide | Terminus Maximus Infographics,false,https://www.youtube.com/watch?v=U_mWgZF3Bvs,Don’t Call Me Shirley Tacticus Replays,www.youtube.com,3,1
90 days (available 22 of requested 90),guild_raid_youtube_click,/guild-raid/boss-meta/,Guild Raid Boss Meta Guide | Terminus Maximus Infographics,false,https://www.youtube.com/watch?v=ah_1SAeBttM,L2,www.youtube.com,3,3
90 days (available 22 of requested 90),guild_raid_youtube_click,/guild-raid/boss-meta/,Guild Raid Boss Meta Guide | Terminus Maximus Infographics,false,https://www.youtube.com/watch?v=doBjk8eUinI,Ulf,www.youtube.com,3,3
90 days (available 22 of requested 90),guild_raid_youtube_click,/guild-raid/boss-meta/,Guild Raid Boss Meta Guide | Terminus Maximus Infographics,false,https://www.youtube.com/watch?v=isMvZ_huR1w,Kitty Bebop,www.youtube.com,3,3
90 days (available 22 of requested 90),guild_raid_youtube_click,/guild-raid/boss-meta/,Guild Raid Boss Meta Guide | Terminus Maximus Infographics,false,https://www.youtube.com/watch?v=pAR6TjBvcVU,cpunerd (kharnage),www.youtube.com,3,1
90 days (available 22 of requested 90),guild_raid_youtube_click,/guild-raid/boss-meta/,Guild Raid Boss Meta Guide | Terminus Maximus Infographics,false,https://www.youtube.com/watch?v=pS0D8UQ_kv4,Mawg,www.youtube.com,3,3
90 days (available 22 of requested 90),guild_raid_youtube_click,/guild-raid/boss-meta/,Guild Raid Boss Meta Guide | Terminus Maximus Infographics,false,https://www.youtube.com/watch?v=pS0D8UQ_kv4,2.94M,www.youtube.com,3,3
90 days (available 22 of requested 90),guild_raid_youtube_click,/guild-raid/s105/,Guild Raid Season 105 | Terminus Maximus Infographics,false,https://www.youtube.com/watch?v=0OZSP8-gn7U,,www.youtube.com,3,2
90 days (available 22 of requested 90),guild_raid_youtube_click,/guild-raid/s105/,Guild Raid Season 105 | Terminus Maximus Infographics,false,https://www.youtube.com/watch?v=fjBrAtXrOZI,GarviLoken,www.youtube.com,3,3
90 days (available 22 of requested 90),guild_raid_youtube_click,/guild-raid/s106/,Guild Raid Season 106 | Terminus Maximus Infographics,false,https://www.youtube.com/watch?v=Z2xM4hJ4udc,M2,www.youtube.com,3,3
90 days (available 22 of requested 90),guild_raid_youtube_click,/guild-raid/s106/,Guild Raid Season 106 | Terminus Maximus Infographics,false,https://www.youtube.com/watch?v=_RpiTVyoI98,Kyle UK 40k,www.youtube.com,3,3
90 days (available 22 of requested 90),guild_raid_youtube_click,/guild-raid/s106/,Guild Raid Season 106 | Terminus Maximus Infographics,false,https://www.youtube.com/watch?v=_RpiTVyoI98,L1,www.youtube.com,3,3
90 days (available 22 of requested 90),guild_raid_youtube_click,/guild-raid/s106/,Guild Raid Season 106 | Terminus Maximus Infographics,false,https://www.youtube.com/watch?v=dgTNhzPZcXI,Yagyuu,www.youtube.com,3,2
90 days (available 22 of requested 90),guild_raid_youtube_click,/guild-raid/s106/,Guild Raid Season 106 | Terminus Maximus Infographics,false,https://www.youtube.com/watch?v=i1YgoVnKY0c,Lyell,www.youtube.com,3,2
90 days (available 22 of requested 90),guild_raid_youtube_click,/guild-raid/s106/,Guild Raid Season 106 | Terminus Maximus Infographics,false,https://www.youtube.com/watch?v=mdGcowa65mQ,M2,www.youtube.com,3,3
90 days (available 22 of requested 90),guild_raid_youtube_click,/guild-raid/boss-meta/,Guild Raid Boss Meta Guide | Terminus Maximus Infographics,false,https://www.youtube.com/shorts/IrBhWwFkz5c,⭐ Meta Team,www.youtube.com,2,1
90 days (available 22 of requested 90),guild_raid_youtube_click,/guild-raid/boss-meta/,Guild Raid Boss Meta Guide | Terminus Maximus Infographics,false,https://www.youtube.com/watch?v=0gQyyUSz0hA,,www.youtube.com,2,2
90 days (available 22 of requested 90),guild_raid_youtube_click,/guild-raid/boss-meta/,Guild Raid Boss Meta Guide | Terminus Maximus Infographics,false,https://www.youtube.com/watch?v=1aABdUSrvKk,Mawg,www.youtube.com,2,2
90 days (available 22 of requested 90),guild_raid_youtube_click,/guild-raid/boss-meta/,Guild Raid Boss Meta Guide | Terminus Maximus Infographics,false,https://www.youtube.com/watch?v=1cxu6gi0UFw,Mawg,www.youtube.com,2,2
90 days (available 22 of requested 90),guild_raid_youtube_click,/guild-raid/boss-meta/,Guild Raid Boss Meta Guide | Terminus Maximus Infographics,false,https://www.youtube.com/watch?v=6DNL9hyZAzo,1.72M,www.youtube.com,2,2
90 days (available 22 of requested 90),guild_raid_youtube_click,/guild-raid/boss-meta/,Guild Raid Boss Meta Guide | Terminus Maximus Infographics,false,https://www.youtube.com/watch?v=7wltu4R6hbE,,www.youtube.com,2,2
90 days (available 22 of requested 90),guild_raid_youtube_click,/guild-raid/boss-meta/,Guild Raid Boss Meta Guide | Terminus Maximus Infographics,false,https://www.youtube.com/watch?v=EYd3fcq-Wx4,L1,www.youtube.com,2,2
90 days (available 22 of requested 90),guild_raid_youtube_click,/guild-raid/boss-meta/,Guild Raid Boss Meta Guide | Terminus Maximus Infographics,false,https://www.youtube.com/watch?v=JedfR5QadFc,2.50M,www.youtube.com,2,2
90 days (available 22 of requested 90),guild_raid_youtube_click,/guild-raid/boss-meta/,Guild Raid Boss Meta Guide | Terminus Maximus Infographics,false,https://www.youtube.com/watch?v=NK5sd4-g5zg,2.19M,www.youtube.com,2,1
90 days (available 22 of requested 90),guild_raid_youtube_click,/guild-raid/boss-meta/,Guild Raid Boss Meta Guide | Terminus Maximus Infographics,false,https://www.youtube.com/watch?v=R3DZZ9xuUUk,Ulf,www.youtube.com,2,1
90 days (available 22 of requested 90),guild_raid_youtube_click,/guild-raid/boss-meta/,Guild Raid Boss Meta Guide | Terminus Maximus Infographics,false,https://www.youtube.com/watch?v=UeLI_8LDGAs,GarviLoken,www.youtube.com,2,2
90 days (available 22 of requested 90),guild_raid_youtube_click,/guild-raid/boss-meta/,Guild Raid Boss Meta Guide | Terminus Maximus Infographics,false,https://www.youtube.com/watch?v=a7NgeKIwGFY,JurassicKyle,www.youtube.com,2,2
90 days (available 22 of requested 90),guild_raid_youtube_click,/guild-raid/boss-meta/,Guild Raid Boss Meta Guide | Terminus Maximus Infographics,false,https://www.youtube.com/watch?v=doBjk8eUinI,L4,www.youtube.com,2,2
90 days (available 22 of requested 90),guild_raid_youtube_click,/guild-raid/boss-meta/,Guild Raid Boss Meta Guide | Terminus Maximus Infographics,false,https://www.youtube.com/watch?v=doBjk8eUinI,1.10M,www.youtube.com,2,2
90 days (available 22 of requested 90),guild_raid_youtube_click,/guild-raid/boss-meta/,Guild Raid Boss Meta Guide | Terminus Maximus Infographics,false,https://www.youtube.com/watch?v=kWHcibwzhZo,Unessentials,www.youtube.com,2,2
90 days (available 22 of requested 90),guild_raid_youtube_click,/guild-raid/boss-meta/,Guild Raid Boss Meta Guide | Terminus Maximus Infographics,false,https://www.youtube.com/watch?v=ljw_rny1f5g,UltraBrother,www.youtube.com,2,2
90 days (available 22 of requested 90),guild_raid_youtube_click,/guild-raid/boss-meta/,Guild Raid Boss Meta Guide | Terminus Maximus Infographics,false,https://www.youtube.com/watch?v=mWtu5iEqsJc,1.66M,www.youtube.com,2,1
90 days (available 22 of requested 90),guild_raid_youtube_click,/guild-raid/boss-meta/,Guild Raid Boss Meta Guide | Terminus Maximus Infographics,false,https://www.youtube.com/watch?v=mnDoSbll_VM,1.80M,www.youtube.com,2,2
90 days (available 22 of requested 90),guild_raid_youtube_click,/guild-raid/boss-meta/,Guild Raid Boss Meta Guide | Terminus Maximus Infographics,false,https://www.youtube.com/watch?v=rUJk1tltXmc,1.82M,www.youtube.com,2,1
90 days (available 22 of requested 90),guild_raid_youtube_click,/guild-raid/boss-meta/,Guild Raid Boss Meta Guide | Terminus Maximus Infographics,false,https://www.youtube.com/watch?v=s4VBvxSzPj0,Stringer de Los Redimidos,www.youtube.com,2,2
90 days (available 22 of requested 90),guild_raid_youtube_click,/guild-raid/boss-meta/,Guild Raid Boss Meta Guide | Terminus Maximus Infographics,false,https://www.youtube.com/watch?v=s4VBvxSzPj0,1.82M,www.youtube.com,2,2
90 days (available 22 of requested 90),guild_raid_youtube_click,/guild-raid/boss-meta/,Guild Raid Boss Meta Guide | Terminus Maximus Infographics,false,https://www.youtube.com/watch?v=uKuTn0wRvpU,L4,www.youtube.com,2,2
90 days (available 22 of requested 90),guild_raid_youtube_click,/guild-raid/boss-meta/,Guild Raid Boss Meta Guide | Terminus Maximus Infographics,false,https://www.youtube.com/watch?v=wlqc3NPAc4E,Painhawk,www.youtube.com,2,2
90 days (available 22 of requested 90),guild_raid_youtube_click,/guild-raid/boss-meta/,Guild Raid Boss Meta Guide | Terminus Maximus Infographics,false,https://www.youtube.com/watch?v=wlqc3NPAc4E,1.80M,www.youtube.com,2,2
90 days (available 22 of requested 90),guild_raid_youtube_click,/guild-raid/s103/,Guild Raid Season 103 | Terminus Maximus Infographics,false,https://www.youtube.com/watch?v=rtEqdG50ss8,1.10M,www.youtube.com,2,2
90 days (available 22 of requested 90),guild_raid_youtube_click,/guild-raid/s104/,Guild Raid Season 104 | Terminus Maximus Infographics,false,https://www.youtube.com/watch?v=xsTygubUf3k,2.00M,www.youtube.com,2,2
90 days (available 22 of requested 90),guild_raid_youtube_click,/guild-raid/s105/,Рейды гильдии 105-го сезона | Инфографика «Терминус Максимус»,false,https://www.youtube.com/watch?v=0OZSP8-gn7U,"1,30 М",www.youtube.com,2,1
90 days (available 22 of requested 90),guild_raid_youtube_click,/guild-raid/s105/,Guild Raid Season 105 | Terminus Maximus Infographics,false,https://www.youtube.com/watch?v=0gQyyUSz0hA,M1,www.youtube.com,2,2
90 days (available 22 of requested 90),guild_raid_youtube_click,/guild-raid/s105/,Guild Raid Season 105 | Terminus Maximus Infographics,false,https://www.youtube.com/watch?v=0gQyyUSz0hA,,www.youtube.com,2,2
90 days (available 22 of requested 90),guild_raid_youtube_click,/guild-raid/s105/,Guild Raid Season 105 | Terminus Maximus Infographics,false,https://www.youtube.com/watch?v=0m5N-GCmpKE,950K,www.youtube.com,2,2
90 days (available 22 of requested 90),guild_raid_youtube_click,/guild-raid/s105/,Guild Raid Season 105 | Terminus Maximus Infographics,false,https://www.youtube.com/watch?v=2YA89zo_u1Q,L5,www.youtube.com,2,2
90 days (available 22 of requested 90),guild_raid_youtube_click,/guild-raid/s105/,Guild Raid Season 105 | Terminus Maximus Infographics,false,https://www.youtube.com/watch?v=CNEOWyf4kpA,L4,www.youtube.com,2,2
90 days (available 22 of requested 90),guild_raid_youtube_click,/guild-raid/s105/,Guild Raid Season 105 | Terminus Maximus Infographics,false,https://www.youtube.com/watch?v=LoL5L2SSLgA,L3,www.youtube.com,2,2
90 days (available 22 of requested 90),guild_raid_youtube_click,/guild-raid/s105/,Guild Raid Season 105 | Terminus Maximus Infographics,false,https://www.youtube.com/watch?v=LoL5L2SSLgA,1.39M,www.youtube.com,2,2
90 days (available 22 of requested 90),guild_raid_youtube_click,/guild-raid/s105/,Temporada 105 de la Incursión de Gremio | Infografías de Terminus Maximus,false,https://www.youtube.com/watch?v=LoL5L2SSLgA,Yagyuu,www.youtube.com,2,1
90 days (available 22 of requested 90),guild_raid_youtube_click,/guild-raid/s105/,Guild Raid Season 105 | Terminus Maximus Infographics,false,https://www.youtube.com/watch?v=Y74uUgSfZrw,,www.youtube.com,2,2
90 days (available 22 of requested 90),guild_raid_youtube_click,/guild-raid/s105/,Guild Raid Season 105 | Terminus Maximus Infographics,false,https://www.youtube.com/watch?v=kX3ncIq8hIs,1.98M,www.youtube.com,2,2
90 days (available 22 of requested 90),guild_raid_youtube_click,/guild-raid/s106/,Guild Raid Season 106 | Terminus Maximus Infographics,false,https://www.youtube.com/watch?v=LRtGzA-RRMM,L4,www.youtube.com,2,2
90 days (available 22 of requested 90),guild_raid_youtube_click,/guild-raid/s106/,Guild Raid Season 106 | Terminus Maximus Infographics,false,https://www.youtube.com/watch?v=MXPm2jXwR4c,1.30M,www.youtube.com,2,2
90 days (available 22 of requested 90),guild_raid_youtube_click,/guild-raid/s106/,Guild Raid Season 106 | Terminus Maximus Infographics,false,https://www.youtube.com/watch?v=UekSS6iakNE,GarviLoken,www.youtube.com,2,2
90 days (available 22 of requested 90),guild_raid_youtube_click,/guild-raid/s106/,Guild Raid Season 106 | Terminus Maximus Infographics,false,https://www.youtube.com/watch?v=mdGcowa65mQ,,www.youtube.com,2,2
90 days (available 22 of requested 90),guild_raid_youtube_click,/guild-raid/s106/,Guild Raid Season 106 | Terminus Maximus Infographics,false,https://www.youtube.com/watch?v=mnDoSbll_VM,1.80M,www.youtube.com,2,2
90 days (available 22 of requested 90),guild_raid_youtube_click,/guild-raid/s106/,Guild Raid Season 106 | Terminus Maximus Infographics,false,https://www.youtube.com/watch?v=oDwQz8YlLWQ,,www.youtube.com,2,2
90 days (available 22 of requested 90),guild_raid_youtube_click,/guild-raid/s106/,Guild Raid Season 106 | Terminus Maximus Infographics,false,https://www.youtube.com/watch?v=oDwQz8YlLWQ,M1,www.youtube.com,2,2
90 days (available 22 of requested 90),guild_raid_youtube_click,/guild-raid/s106/,Guild Raid Season 106 | Terminus Maximus Infographics,false,https://www.youtube.com/watch?v=wfLVf7Zso7Y,1.25M,www.youtube.com,2,2
90 days (available 22 of requested 90),guild_raid_youtube_click,/guild-raid/s106/,Guild Raid Season 106 | Terminus Maximus Infographics,false,https://www.youtube.com/watch?v=wfLVf7Zso7Y,Stringer de Los Redimidos,www.youtube.com,2,2
90 days (available 22 of requested 90),guild_raid_youtube_click,/guild-raid/s106/,Guild Raid Season 106 | Terminus Maximus Infographics,false,https://www.youtube.com/watch?v=yDOfO0aEwXY,UNDV jonowen,www.youtube.com,2,2
90 days (available 22 of requested 90),guild_raid_youtube_click,/guild-raid/boss-meta/,Guild Raid Boss Meta Guide | Terminus Maximus Infographics,false,https://www.youtube.com/shorts/3kNT-gyAgOc,⭐ Meta Team,www.youtube.com,1,1
90 days (available 22 of requested 90),guild_raid_youtube_click,/guild-raid/boss-meta/,Guild Raid Boss Meta Guide | Terminus Maximus Infographics,false,https://www.youtube.com/shorts/3woxpWMicUw,⭐ Meta Team,www.youtube.com,1,1
90 days (available 22 of requested 90),guild_raid_youtube_click,/guild-raid/boss-meta/,Guild Raid Boss Meta Guide | Terminus Maximus Infographics,false,https://www.youtube.com/shorts/5vhyaTEyGp8,"961,000",www.youtube.com,1,1
90 days (available 22 of requested 90),guild_raid_youtube_click,/guild-raid/boss-meta/,Guild Raid Boss Meta Guide | Terminus Maximus Infographics,false,https://www.youtube.com/shorts/Noe0IiYGMME,⭐ Meta Team,www.youtube.com,1,1
90 days (available 22 of requested 90),guild_raid_youtube_click,/guild-raid/boss-meta/,Guild Raid Boss Meta Guide | Terminus Maximus Infographics,false,https://www.youtube.com/shorts/OFi9QmOy7AU,⭐ Meta Team,www.youtube.com,1,1
90 days (available 22 of requested 90),guild_raid_youtube_click,/guild-raid/boss-meta/,Guild Raid Boss Meta Guide | Terminus Maximus Infographics,false,https://www.youtube.com/shorts/T_hwsSxYxJo,Mawg,www.youtube.com,1,1
90 days (available 22 of requested 90),guild_raid_youtube_click,/guild-raid/boss-meta/,Guild Raid Boss Meta Guide | Terminus Maximus Infographics,false,https://www.youtube.com/shorts/T_hwsSxYxJo,"Lav, Kari, Traj, Boss, Aesoth, Biovore",www.youtube.com,1,1
90 days (available 22 of requested 90),guild_raid_youtube_click,/guild-raid/boss-meta/,Guild Raid Boss Meta Guide | Terminus Maximus Infographics,false,https://www.youtube.com/shorts/nWoTFktMBok,Liquid Paper,www.youtube.com,1,1
90 days (available 22 of requested 90),guild_raid_youtube_click,/guild-raid/boss-meta/,Guild Raid Boss Meta Guide | Terminus Maximus Infographics,false,https://www.youtube.com/watch?v=0TRTyZ9H5m0,1.00M,www.youtube.com,1,1
90 days (available 22 of requested 90),guild_raid_youtube_click,/guild-raid/boss-meta/,Guild Raid Boss Meta Guide | Terminus Maximus Infographics,false,https://www.youtube.com/watch?v=0gQyyUSz0hA,L5,www.youtube.com,1,1
90 days (available 22 of requested 90),guild_raid_youtube_click,/guild-raid/boss-meta/,Guild Raid Boss Meta Guide | Terminus Maximus Infographics,false,https://www.youtube.com/watch?v=0lbFrOlJcDY,Mawg,www.youtube.com,1,1
90 days (available 22 of requested 90),guild_raid_youtube_click,/guild-raid/boss-meta/,Guild Raid Boss Meta Guide | Terminus Maximus Infographics,false,https://www.youtube.com/watch?v=12SB6y5r7LA,Mawg,www.youtube.com,1,1
90 days (available 22 of requested 90),guild_raid_youtube_click,/guild-raid/boss-meta/,Guild Raid Boss Meta Guide | Terminus Maximus Infographics,false,https://www.youtube.com/watch?v=12SB6y5r7LA,L2,www.youtube.com,1,1
90 days (available 22 of requested 90),guild_raid_youtube_click,/guild-raid/boss-meta/,Guild Raid Boss Meta Guide | Terminus Maximus Infographics,false,https://www.youtube.com/watch?v=1_aJsXDjF5E,Un4given,www.youtube.com,1,1
90 days (available 22 of requested 90),guild_raid_youtube_click,/guild-raid/boss-meta/,Guild Raid Boss Meta Guide | Terminus Maximus Infographics,false,https://www.youtube.com/watch?v=1_xHLgUeRA0,850K,www.youtube.com,1,1
90 days (available 22 of requested 90),guild_raid_youtube_click,/guild-raid/boss-meta/,Guild Raid Boss Meta Guide | Terminus Maximus Infographics,false,https://www.youtube.com/watch?v=1aABdUSrvKk,1.83M,www.youtube.com,1,1
90 days (available 22 of requested 90),guild_raid_youtube_click,/guild-raid/boss-meta/,Guild Raid Boss Meta Guide | Terminus Maximus Infographics,false,https://www.youtube.com/watch?v=2YA89zo_u1Q,1.40M,www.youtube.com,1,1
90 days (available 22 of requested 90),guild_raid_youtube_click,/guild-raid/boss-meta/,Guild Raid Boss Meta Guide | Terminus Maximus Infographics,false,https://www.youtube.com/watch?v=3bLTPzJu2_Y,Stringer de Los Redimidos,www.youtube.com,1,1
90 days (available 22 of requested 90),guild_raid_youtube_click,/guild-raid/boss-meta/,Guild Raid Boss Meta Guide | Terminus Maximus Infographics,false,https://www.youtube.com/watch?v=45WPpXb3k-E,,www.youtube.com,1,1
90 days (available 22 of requested 90),guild_raid_youtube_click,/guild-raid/boss-meta/,Guild Raid Boss Meta Guide | Terminus Maximus Infographics,false,https://www.youtube.com/watch?v=6KpLdTvORyo,1.50M,www.youtube.com,1,1
90 days (available 22 of requested 90),guild_raid_youtube_click,/guild-raid/boss-meta/,Guild Raid Boss Meta Guide | Terminus Maximus Infographics,false,https://www.youtube.com/watch?v=6sqZ2CSOF_s,Kyle UK 40k,www.youtube.com,1,1
90 days (available 22 of requested 90),guild_raid_youtube_click,/guild-raid/boss-meta/,Guild Raid Boss Meta Guide | Terminus Maximus Infographics,false,https://www.youtube.com/watch?v=7mT0va16Hr4,Mawg,www.youtube.com,1,1
90 days (available 22 of requested 90),guild_raid_youtube_click,/guild-raid/boss-meta/,Guild Raid Boss Meta Guide | Terminus Maximus Infographics,false,https://www.youtube.com/watch?v=8GJ1o3JvhLE,1.50M,www.youtube.com,1,1
90 days (available 22 of requested 90),guild_raid_youtube_click,/guild-raid/boss-meta/,Guild Raid Boss Meta Guide | Terminus Maximus Infographics,false,https://www.youtube.com/watch?v=9On7TATDb94,Un4given,www.youtube.com,1,1
90 days (available 22 of requested 90),guild_raid_youtube_click,/guild-raid/boss-meta/,Guild Raid Boss Meta Guide | Terminus Maximus Infographics,false,https://www.youtube.com/watch?v=AdOYEMc4DFQ,1.09M,www.youtube.com,1,1
90 days (available 22 of requested 90),guild_raid_youtube_click,/guild-raid/boss-meta/,Guild Raid Boss Meta Guide | Terminus Maximus Infographics,false,https://www.youtube.com/watch?v=BS1zeKkJgpI,2.00M,www.youtube.com,1,1
90 days (available 22 of requested 90),guild_raid_youtube_click,/guild-raid/boss-meta/,Guild Raid Boss Meta Guide | Terminus Maximus Infographics,false,https://www.youtube.com/watch?v=Bmrpd-8RYkk,Un4given,www.youtube.com,1,1
90 days (available 22 of requested 90),guild_raid_youtube_click,/guild-raid/boss-meta/,Guild Raid Boss Meta Guide | Terminus Maximus Infographics,false,https://www.youtube.com/watch?v=CemyXtub9Lg,1.47M,www.youtube.com,1,1
90 days (available 22 of requested 90),guild_raid_youtube_click,/guild-raid/boss-meta/,Guild Raid Boss Meta Guide | Terminus Maximus Infographics,false,https://www.youtube.com/watch?v=Dc9jbz4_Tpk,L5,www.youtube.com,1,1
90 days (available 22 of requested 90),guild_raid_youtube_click,/guild-raid/boss-meta/,Guild Raid Boss Meta Guide | Terminus Maximus Infographics,false,https://www.youtube.com/watch?v=Dc9jbz4_Tpk,,www.youtube.com,1,1
90 days (available 22 of requested 90),guild_raid_youtube_click,/guild-raid/boss-meta/,Guild Raid Boss Meta Guide | Terminus Maximus Infographics,false,https://www.youtube.com/watch?v=EYd3fcq-Wx4,,www.youtube.com,1,1
90 days (available 22 of requested 90),guild_raid_youtube_click,/guild-raid/boss-meta/,Guild Raid Boss Meta Guide | Terminus Maximus Infographics,false,https://www.youtube.com/watch?v=Eo8Dan2RbNI,L2,www.youtube.com,1,1
90 days (available 22 of requested 90),guild_raid_youtube_click,/guild-raid/boss-meta/,Guild Raid Boss Meta Guide | Terminus Maximus Infographics,false,https://www.youtube.com/watch?v=FI4WukOzisc,M2,www.youtube.com,1,1
90 days (available 22 of requested 90),guild_raid_youtube_click,/guild-raid/boss-meta/,Guild Raid Boss Meta Guide | Terminus Maximus Infographics,false,https://www.youtube.com/watch?v=GoFX3ND0XEg,1.60M,www.youtube.com,1,1
90 days (available 22 of requested 90),guild_raid_youtube_click,/guild-raid/boss-meta/,Guild Raid Boss Meta Guide | Terminus Maximus Infographics,false,https://www.youtube.com/watch?v=H74Pxb6cCJc,1.70M,www.youtube.com,1,1
90 days (available 22 of requested 90),guild_raid_youtube_click,/guild-raid/boss-meta/,Guild Raid Boss Meta Guide | Terminus Maximus Infographics,false,https://www.youtube.com/watch?v=H74Pxb6cCJc,Don’t Call Me Shirley Tacticus Replays,www.youtube.com,1,1
90 days (available 22 of requested 90),guild_raid_youtube_click,/guild-raid/boss-meta/,Guild Raid Boss Meta Guide | Terminus Maximus Infographics,false,https://www.youtube.com/watch?v=HGXZcLf5Il4,944K,www.youtube.com,1,1
90 days (available 22 of requested 90),guild_raid_youtube_click,/guild-raid/boss-meta/,Guild Raid Boss Meta Guide | Terminus Maximus Infographics,false,https://www.youtube.com/watch?v=HkQKEEQXe58,M2,www.youtube.com,1,1
90 days (available 22 of requested 90),guild_raid_youtube_click,/guild-raid/boss-meta/,Guild Raid Boss Meta Guide | Terminus Maximus Infographics,false,https://www.youtube.com/watch?v=IgJ3Xe7cdWs,1.95M,www.youtube.com,1,1
90 days (available 22 of requested 90),guild_raid_youtube_click,/guild-raid/boss-meta/,Guild Raid Boss Meta Guide | Terminus Maximus Infographics,false,https://www.youtube.com/watch?v=IgJ3Xe7cdWs,Loknar,www.youtube.com,1,1
90 days (available 22 of requested 90),guild_raid_youtube_click,/guild-raid/boss-meta/,Guild Raid Boss Meta Guide | Terminus Maximus Infographics,false,https://www.youtube.com/watch?v=IvNxEq3Lh74,Don’t Call Me Shirley Tacticus Replays,www.youtube.com,1,1
90 days (available 22 of requested 90),guild_raid_youtube_click,/guild-raid/boss-meta/,Guild Raid Boss Meta Guide | Terminus Maximus Infographics,false,https://www.youtube.com/watch?v=IvNxEq3Lh74,1.90M,www.youtube.com,1,1
90 days (available 22 of requested 90),guild_raid_youtube_click,/guild-raid/boss-meta/,Guild Raid Boss Meta Guide | Terminus Maximus Infographics,false,https://www.youtube.com/watch?v=JedfR5QadFc,L3,www.youtube.com,1,1
90 days (available 22 of requested 90),guild_raid_youtube_click,/guild-raid/boss-meta/,Guild Raid Boss Meta Guide | Terminus Maximus Infographics,false,https://www.youtube.com/watch?v=K-a4aWF2-F4,1.30M,www.youtube.com,1,1
90 days (available 22 of requested 90),guild_raid_youtube_click,/guild-raid/boss-meta/,Guild Raid Boss Meta Guide | Terminus Maximus Infographics,false,https://www.youtube.com/watch?v=M1ez3giLYYE,Jordan,www.youtube.com,1,1
90 days (available 22 of requested 90),guild_raid_youtube_click,/guild-raid/boss-meta/,Guild Raid Boss Meta Guide | Terminus Maximus Infographics,false,https://www.youtube.com/watch?v=NK5sd4-g5zg,Machiep,www.youtube.com,1,1
90 days (available 22 of requested 90),guild_raid_youtube_click,/guild-raid/boss-meta/,Guild Raid Boss Meta Guide | Terminus Maximus Infographics,false,https://www.youtube.com/watch?v=Q8gU2_2L5AE,Jun 30,www.youtube.com,1,1
90 days (available 22 of requested 90),guild_raid_youtube_click,/guild-raid/boss-meta/,Guild Raid Boss Meta Guide | Terminus Maximus Infographics,false,https://www.youtube.com/watch?v=QKB70NiN4LQ,Painhawk,www.youtube.com,1,1
90 days (available 22 of requested 90),guild_raid_youtube_click,/guild-raid/boss-meta/,Guild Raid Boss Meta Guide | Terminus Maximus Infographics,false,https://www.youtube.com/watch?v=QUDrle-dxMg,Painhawk,www.youtube.com,1,1
90 days (available 22 of requested 90),guild_raid_youtube_click,/guild-raid/boss-meta/,Guild Raid Boss Meta Guide | Terminus Maximus Infographics,false,https://www.youtube.com/watch?v=Qt-tPFBF44k,,www.youtube.com,1,1
90 days (available 22 of requested 90),guild_raid_youtube_click,/guild-raid/boss-meta/,Guild Raid Boss Meta Guide | Terminus Maximus Infographics,false,https://www.youtube.com/watch?v=R7zFXKNMwQs,800K,www.youtube.com,1,1
90 days (available 22 of requested 90),guild_raid_youtube_click,/guild-raid/boss-meta/,Guild Raid Boss Meta Guide | Terminus Maximus Infographics,false,https://www.youtube.com/watch?v=RsI6OJuyETU,2.62M,www.youtube.com,1,1
90 days (available 22 of requested 90),guild_raid_youtube_click,/guild-raid/boss-meta/,Guild Raid Boss Meta Guide | Terminus Maximus Infographics,false,https://www.youtube.com/watch?v=RsI6OJuyETU,Mawg,www.youtube.com,1,1
90 days (available 22 of requested 90),guild_raid_youtube_click,/guild-raid/boss-meta/,Guild Raid Boss Meta Guide | Terminus Maximus Infographics,false,https://www.youtube.com/watch?v=SPMh78mIOaw,1.29M,www.youtube.com,1,1
90 days (available 22 of requested 90),guild_raid_youtube_click,/guild-raid/boss-meta/,Guild Raid Boss Meta Guide | Terminus Maximus Infographics,false,https://www.youtube.com/watch?v=SPMh78mIOaw,Peste,www.youtube.com,1,1
90 days (available 22 of requested 90),guild_raid_youtube_click,/guild-raid/boss-meta/,Guild Raid Boss Meta Guide | Terminus Maximus Infographics,false,https://www.youtube.com/watch?v=STHC1VInOT8,1.40M,www.youtube.com,1,1
90 days (available 22 of requested 90),guild_raid_youtube_click,/guild-raid/boss-meta/,Guild Raid Boss Meta Guide | Terminus Maximus Infographics,false,https://www.youtube.com/watch?v=TM-dCi2q6D4,1.87M,www.youtube.com,1,1
90 days (available 22 of requested 90),guild_raid_youtube_click,/guild-raid/boss-meta/,Guild Raid Boss Meta Guide | Terminus Maximus Infographics,false,https://www.youtube.com/watch?v=TT087KhBF0k,1.40M,www.youtube.com,1,1
90 days (available 22 of requested 90),guild_raid_youtube_click,/guild-raid/boss-meta/,Guild Raid Boss Meta Guide | Terminus Maximus Infographics,false,https://www.youtube.com/watch?v=TY8ldEI-7Mw,Prufrock,www.youtube.com,1,1
90 days (available 22 of requested 90),guild_raid_youtube_click,/guild-raid/boss-meta/,Guild Raid Boss Meta Guide | Terminus Maximus Infographics,false,https://www.youtube.com/watch?v=TqUgkJJr4hc,Prufrock,www.youtube.com,1,1
90 days (available 22 of requested 90),guild_raid_youtube_click,/guild-raid/boss-meta/,Guild Raid Boss Meta Guide | Terminus Maximus Infographics,false,https://www.youtube.com/watch?v=UeLI_8LDGAs,2.40M,www.youtube.com,1,1
90 days (available 22 of requested 90),guild_raid_youtube_click,/guild-raid/boss-meta/,Guild Raid Boss Meta Guide | Terminus Maximus Infographics,false,https://www.youtube.com/watch?v=Vc7Ba32wrQw,Stringer de Los Redimidos,www.youtube.com,1,1
90 days (available 22 of requested 90),guild_raid_youtube_click,/guild-raid/boss-meta/,Guild Raid Boss Meta Guide | Terminus Maximus Infographics,false,https://www.youtube.com/watch?v=WY64Gpxgjjs,1.77M,www.youtube.com,1,1
90 days (available 22 of requested 90),guild_raid_youtube_click,/guild-raid/boss-meta/,Guild Raid Boss Meta Guide | Terminus Maximus Infographics,false,https://www.youtube.com/watch?v=W_lrbV2_OuM,1.04M,www.youtube.com,1,1
90 days (available 22 of requested 90),guild_raid_youtube_click,/guild-raid/boss-meta/,Guild Raid Boss Meta Guide | Terminus Maximus Infographics,false,https://www.youtube.com/watch?v=W_lrbV2_OuM,Prufrock,www.youtube.com,1,1
90 days (available 22 of requested 90),guild_raid_youtube_click,/guild-raid/boss-meta/,Guild Raid Boss Meta Guide | Terminus Maximus Infographics,false,https://www.youtube.com/watch?v=X0iEhhruB7o,1.90M,www.youtube.com,1,1
90 days (available 22 of requested 90),guild_raid_youtube_click,/guild-raid/boss-meta/,Guild Raid Boss Meta Guide | Terminus Maximus Infographics,false,https://www.youtube.com/watch?v=ZcQITqMbGCI,Blackmane Gaming,www.youtube.com,1,1
90 days (available 22 of requested 90),guild_raid_youtube_click,/guild-raid/boss-meta/,Guild Raid Boss Meta Guide | Terminus Maximus Infographics,false,https://www.youtube.com/watch?v=Zz5kvJevkNM,"Neuro, Abrax, Ahri, Abaddon, Archi, Zkar",www.youtube.com,1,1
90 days (available 22 of requested 90),guild_raid_youtube_click,/guild-raid/boss-meta/,Guild Raid Boss Meta Guide | Terminus Maximus Infographics,false,https://www.youtube.com/watch?v=Zz5kvJevkNM,⭐ Meta Team,www.youtube.com,1,1
90 days (available 22 of requested 90),guild_raid_youtube_click,/guild-raid/boss-meta/,Guild Raid Boss Meta Guide | Terminus Maximus Infographics,false,https://www.youtube.com/watch?v=_3U6vrs7wUA,790K,www.youtube.com,1,1
90 days (available 22 of requested 90),guild_raid_youtube_click,/guild-raid/boss-meta/,Guild Raid Boss Meta Guide | Terminus Maximus Infographics,false,https://www.youtube.com/watch?v=_RpiTVyoI98,L3,www.youtube.com,1,1
90 days (available 22 of requested 90),guild_raid_youtube_click,/guild-raid/boss-meta/,Guild Raid Boss Meta Guide | Terminus Maximus Infographics,false,https://www.youtube.com/watch?v=_RpiTVyoI98,1.50M,www.youtube.com,1,1
90 days (available 22 of requested 90),guild_raid_youtube_click,/guild-raid/boss-meta/,Guild Raid Boss Meta Guide | Terminus Maximus Infographics,false,https://www.youtube.com/watch?v=a7NgeKIwGFY,,www.youtube.com,1,1
90 days (available 22 of requested 90),guild_raid_youtube_click,/guild-raid/boss-meta/,Guild Raid Boss Meta Guide | Terminus Maximus Infographics,false,https://www.youtube.com/watch?v=ab1xAr0UeqE,Stringer de Los Redimidos,www.youtube.com,1,1
90 days (available 22 of requested 90),guild_raid_youtube_click,/guild-raid/boss-meta/,Guild Raid Boss Meta Guide | Terminus Maximus Infographics,false,https://www.youtube.com/watch?v=ah_1SAeBttM,1.64M,www.youtube.com,1,1
90 days (available 22 of requested 90),guild_raid_youtube_click,/guild-raid/boss-meta/,Guild Raid Boss Meta Guide | Terminus Maximus Infographics,false,https://www.youtube.com/watch?v=bUKq4x_7kIU,1.70M,www.youtube.com,1,1
90 days (available 22 of requested 90),guild_raid_youtube_click,/guild-raid/boss-meta/,Guild Raid Boss Meta Guide | Terminus Maximus Infographics,false,https://www.youtube.com/watch?v=cbeBUvUiKPg,1.00M,www.youtube.com,1,1
90 days (available 22 of requested 90),guild_raid_youtube_click,/guild-raid/boss-meta/,Guild Raid Boss Meta Guide | Terminus Maximus Infographics,false,https://www.youtube.com/watch?v=ezAdTuu0qVY,1.48M,www.youtube.com,1,1
90 days (available 22 of requested 90),guild_raid_youtube_click,/guild-raid/boss-meta/,Guild Raid Boss Meta Guide | Terminus Maximus Infographics,false,https://www.youtube.com/watch?v=f-QOlT_gwgU,2.88M,www.youtube.com,1,1
90 days (available 22 of requested 90),guild_raid_youtube_click,/guild-raid/boss-meta/,Guild Raid Boss Meta Guide | Terminus Maximus Infographics,false,https://www.youtube.com/watch?v=hi4WgmJDNaE,1.62M,www.youtube.com,1,1
90 days (available 22 of requested 90),guild_raid_youtube_click,/guild-raid/boss-meta/,Guild Raid Boss Meta Guide | Terminus Maximus Infographics,false,https://www.youtube.com/watch?v=hjKR5GN77ic,1.50M,www.youtube.com,1,1
90 days (available 22 of requested 90),guild_raid_youtube_click,/guild-raid/boss-meta/,Guild Raid Boss Meta Guide | Terminus Maximus Infographics,false,https://www.youtube.com/watch?v=iExkbpE0XzY,Kitty Bebop,www.youtube.com,1,1
90 days (available 22 of requested 90),guild_raid_youtube_click,/guild-raid/boss-meta/,Guild Raid Boss Meta Guide | Terminus Maximus Infographics,false,https://www.youtube.com/watch?v=ibLMlFU-tC0,1.40M,www.youtube.com,1,1
90 days (available 22 of requested 90),guild_raid_youtube_click,/guild-raid/boss-meta/,Guild Raid Boss Meta Guide | Terminus Maximus Infographics,false,https://www.youtube.com/watch?v=isMvZ_huR1w,,www.youtube.com,1,1
90 days (available 22 of requested 90),guild_raid_youtube_click,/guild-raid/boss-meta/,Guild Raid Boss Meta Guide | Terminus Maximus Infographics,false,https://www.youtube.com/watch?v=isMvZ_huR1w,L4,www.youtube.com,1,1
90 days (available 22 of requested 90),guild_raid_youtube_click,/guild-raid/boss-meta/,Guild Raid Boss Meta Guide | Terminus Maximus Infographics,false,https://www.youtube.com/watch?v=jBN3upBD5GI,Jordan,www.youtube.com,1,1
90 days (available 22 of requested 90),guild_raid_youtube_click,/guild-raid/boss-meta/,Guild Raid Boss Meta Guide | Terminus Maximus Infographics,false,https://www.youtube.com/watch?v=kX3ncIq8hIs,Machiep,www.youtube.com,1,1
90 days (available 22 of requested 90),guild_raid_youtube_click,/guild-raid/boss-meta/,Guild Raid Boss Meta Guide | Terminus Maximus Infographics,false,https://www.youtube.com/watch?v=kX3ncIq8hIs,L1,www.youtube.com,1,1
90 days (available 22 of requested 90),guild_raid_youtube_click,/guild-raid/boss-meta/,Guild Raid Boss Meta Guide | Terminus Maximus Infographics,false,https://www.youtube.com/watch?v=kX3ncIq8hIs,1.98M,www.youtube.com,1,1
90 days (available 22 of requested 90),guild_raid_youtube_click,/guild-raid/boss-meta/,Guild Raid Boss Meta Guide | Terminus Maximus Infographics,false,https://www.youtube.com/watch?v=l_dJJCf8aNY,L5,www.youtube.com,1,1
90 days (available 22 of requested 90),guild_raid_youtube_click,/guild-raid/boss-meta/,Guild Raid Boss Meta Guide | Terminus Maximus Infographics,false,https://www.youtube.com/watch?v=ldZipqV3RK8,Prufrock,www.youtube.com,1,1
90 days (available 22 of requested 90),guild_raid_youtube_click,/guild-raid/boss-meta/,Guild Raid Boss Meta Guide | Terminus Maximus Infographics,false,https://www.youtube.com/watch?v=ldZipqV3RK8,M1,www.youtube.com,1,1
90 days (available 22 of requested 90),guild_raid_youtube_click,/guild-raid/boss-meta/,Guild Raid Boss Meta Guide | Terminus Maximus Infographics,false,https://www.youtube.com/watch?v=ljw_rny1f5g,M1,www.youtube.com,1,1
90 days (available 22 of requested 90),guild_raid_youtube_click,/guild-raid/boss-meta/,Guild Raid Boss Meta Guide | Terminus Maximus Infographics,false,https://www.youtube.com/watch?v=m2E3Mlvlt_g,1.40M,www.youtube.com,1,1
90 days (available 22 of requested 90),guild_raid_youtube_click,/guild-raid/boss-meta/,Guild Raid Boss Meta Guide | Terminus Maximus Infographics,false,https://www.youtube.com/watch?v=mWtu5iEqsJc,L3,www.youtube.com,1,1
90 days (available 22 of requested 90),guild_raid_youtube_click,/guild-raid/boss-meta/,Guild Raid Boss Meta Guide | Terminus Maximus Infographics,false,https://www.youtube.com/watch?v=pAR6TjBvcVU,992K,www.youtube.com,1,1
90 days (available 22 of requested 90),guild_raid_youtube_click,/guild-raid/boss-meta/,Guild Raid Boss Meta Guide | Terminus Maximus Infographics,false,https://www.youtube.com/watch?v=px9Y47KS2WI,Un4given,www.youtube.com,1,1
90 days (available 22 of requested 90),guild_raid_youtube_click,/guild-raid/boss-meta/,Guild Raid Boss Meta Guide | Terminus Maximus Infographics,false,https://www.youtube.com/watch?v=rUJk1tltXmc,,www.youtube.com,1,1
90 days (available 22 of requested 90),guild_raid_youtube_click,/guild-raid/boss-meta/,Guild Raid Boss Meta Guide | Terminus Maximus Infographics,false,https://www.youtube.com/watch?v=rUJk1tltXmc,Mawg,www.youtube.com,1,1
90 days (available 22 of requested 90),guild_raid_youtube_click,/guild-raid/boss-meta/,Guild Raid Boss Meta Guide | Terminus Maximus Infographics,false,https://www.youtube.com/watch?v=sJkqW0SZiAU,Painhawk,www.youtube.com,1,1
90 days (available 22 of requested 90),guild_raid_youtube_click,/guild-raid/boss-meta/,Guild Raid Boss Meta Guide | Terminus Maximus Infographics,false,https://www.youtube.com/watch?v=sJkqW0SZiAU,L3,www.youtube.com,1,1
90 days (available 22 of requested 90),guild_raid_youtube_click,/guild-raid/boss-meta/,Guild Raid Boss Meta Guide | Terminus Maximus Infographics,false,https://www.youtube.com/watch?v=tXJrGZpYdng,,www.youtube.com,1,1
90 days (available 22 of requested 90),guild_raid_youtube_click,/guild-raid/boss-meta/,Guild Raid Boss Meta Guide | Terminus Maximus Infographics,false,https://www.youtube.com/watch?v=tXJrGZpYdng,L3,www.youtube.com,1,1
90 days (available 22 of requested 90),guild_raid_youtube_click,/guild-raid/boss-meta/,Guild Raid Boss Meta Guide | Terminus Maximus Infographics,false,https://www.youtube.com/watch?v=uKuTn0wRvpU,Jun 26,www.youtube.com,1,1
90 days (available 22 of requested 90),guild_raid_youtube_click,/guild-raid/boss-meta/,Guild Raid Boss Meta Guide | Terminus Maximus Infographics,false,https://www.youtube.com/watch?v=uUhXfNZFT5Y,1.22M,www.youtube.com,1,1
90 days (available 22 of requested 90),guild_raid_youtube_click,/guild-raid/boss-meta/,Guild Raid Boss Meta Guide | Terminus Maximus Infographics,false,https://www.youtube.com/watch?v=vSD_4HZtQUQ,🔄 Alternate Team,www.youtube.com,1,1
90 days (available 22 of requested 90),guild_raid_youtube_click,/guild-raid/boss-meta/,Guild Raid Boss Meta Guide | Terminus Maximus Infographics,false,https://www.youtube.com/watch?v=w2P8uoGo5oo,1.66M,www.youtube.com,1,1
90 days (available 22 of requested 90),guild_raid_youtube_click,/guild-raid/boss-meta/,Guild Raid Boss Meta Guide | Terminus Maximus Infographics,false,https://www.youtube.com/watch?v=wfLVf7Zso7Y,Stringer de Los Redimidos,www.youtube.com,1,1
90 days (available 22 of requested 90),guild_raid_youtube_click,/guild-raid/boss-meta/,Guild Raid Boss Meta Guide | Terminus Maximus Infographics,false,https://www.youtube.com/watch?v=wlZUgv9qX6Q,1.80M,www.youtube.com,1,1
90 days (available 22 of requested 90),guild_raid_youtube_click,/guild-raid/boss-meta/,Guild Raid Boss Meta Guide | Terminus Maximus Infographics,false,https://www.youtube.com/watch?v=x5xRU1vQUjA,,www.youtube.com,1,1
90 days (available 22 of requested 90),guild_raid_youtube_click,/guild-raid/boss-meta/,Guild Raid Boss Meta Guide | Terminus Maximus Infographics,false,https://www.youtube.com/watch?v=x5xRU1vQUjA,1.55M,www.youtube.com,1,1
90 days (available 22 of requested 90),guild_raid_youtube_click,/guild-raid/boss-meta/,Guild Raid Boss Meta Guide | Terminus Maximus Infographics,false,https://www.youtube.com/watch?v=xCPTvdInpiw,1.95M,www.youtube.com,1,1
90 days (available 22 of requested 90),guild_raid_youtube_click,/guild-raid/boss-meta/,Guild Raid Boss Meta Guide | Terminus Maximus Infographics,false,https://www.youtube.com/watch?v=xxieXsCqfdk,1.78M,www.youtube.com,1,1
90 days (available 22 of requested 90),guild_raid_youtube_click,/guild-raid/boss-meta/,Guild Raid Boss Meta Guide | Terminus Maximus Infographics,false,https://www.youtube.com/watch?v=y-6dGBTlqBI,Blackmane Gaming,www.youtube.com,1,1
90 days (available 22 of requested 90),guild_raid_youtube_click,/guild-raid/boss-meta/,Guild Raid Boss Meta Guide | Terminus Maximus Infographics,false,https://www.youtube.com/watch?v=y-6dGBTlqBI,1.92M,www.youtube.com,1,1
90 days (available 22 of requested 90),guild_raid_youtube_click,/guild-raid/boss-meta/,Guild Raid Boss Meta Guide | Terminus Maximus Infographics,false,https://www.youtube.com/watch?v=z0KVejHSRCg,1.65M,www.youtube.com,1,1
90 days (available 22 of requested 90),guild_raid_youtube_click,/guild-raid/boss-meta/,Guild Raid Boss Meta Guide | Terminus Maximus Infographics,false,https://www.youtube.com/watch?v=zB62xwG5xYA,Un4given,www.youtube.com,1,1
90 days (available 22 of requested 90),guild_raid_youtube_click,/guild-raid/s103/,Guild Raid Season 103 | Terminus Maximus Infographics,false,https://www.youtube.com/watch?v=H6b3ofcOSTI,1.64M,www.youtube.com,1,1
90 days (available 22 of requested 90),guild_raid_youtube_click,/guild-raid/s104/,Guild Raid Season 104 | Terminus Maximus Infographics,false,https://www.youtube.com/watch?v=B5I_AYTHRmQ,,www.youtube.com,1,1
90 days (available 22 of requested 90),guild_raid_youtube_click,/guild-raid/s104/,Guild Raid Season 104 | Terminus Maximus Infographics,false,https://www.youtube.com/watch?v=xsTygubUf3k,,www.youtube.com,1,1
90 days (available 22 of requested 90),guild_raid_youtube_click,/guild-raid/s104/,Guild Raid Season 104 | Terminus Maximus Infographics,false,https://www.youtube.com/watch?v=xsTygubUf3k,Painhawk,www.youtube.com,1,1
90 days (available 22 of requested 90),guild_raid_youtube_click,/guild-raid/s105/,Temporada 105 de la Incursión de Gremio | Infografías de Terminus Maximus,false,https://www.youtube.com/watch?v=0gQyyUSz0hA,Blackmane Gaming,www.youtube.com,1,1
90 days (available 22 of requested 90),guild_raid_youtube_click,/guild-raid/s105/,Guild Raid Season 105 | Terminus Maximus Infographics,false,https://www.youtube.com/watch?v=0m5N-GCmpKE,M1,www.youtube.com,1,1
90 days (available 22 of requested 90),guild_raid_youtube_click,/guild-raid/s105/,Raid de guilde Saison 105 | Infographie Terminus Maximus,false,https://www.youtube.com/watch?v=6AgE4JZw5aU,,www.youtube.com,1,1
90 days (available 22 of requested 90),guild_raid_youtube_click,/guild-raid/s105/,Guild Raid Season 105 | Terminus Maximus Infographics,false,https://www.youtube.com/watch?v=CNEOWyf4kpA,Mar 20,www.youtube.com,1,1
90 days (available 22 of requested 90),guild_raid_youtube_click,/guild-raid/s105/,Guild Raid Season 105 | Terminus Maximus Infographics,false,https://www.youtube.com/watch?v=CNEOWyf4kpA,,www.youtube.com,1,1
90 days (available 22 of requested 90),guild_raid_youtube_click,/guild-raid/s105/,Temporada 105 de la Incursión de Gremio | Infografías de Terminus Maximus,false,https://www.youtube.com/watch?v=CNEOWyf4kpA,Ulf,www.youtube.com,1,1
90 days (available 22 of requested 90),guild_raid_youtube_click,/guild-raid/s105/,Рейды гильдии 105-го сезона | Инфографика «Терминус Максимус»,false,https://www.youtube.com/watch?v=CNEOWyf4kpA,"1,31 млн.",www.youtube.com,1,1
90 days (available 22 of requested 90),guild_raid_youtube_click,/guild-raid/s105/,Temporada 105 de la Incursión de Gremio | Infografías de Terminus Maximus,false,https://www.youtube.com/watch?v=GqGL_7orsNs,"1,56 millones",www.youtube.com,1,1
90 days (available 22 of requested 90),guild_raid_youtube_click,/guild-raid/s105/,Guild Raid Season 105 | Terminus Maximus Infographics,false,https://www.youtube.com/watch?v=LoL5L2SSLgA,,www.youtube.com,1,1
90 days (available 22 of requested 90),guild_raid_youtube_click,/guild-raid/s105/,Temporada 105 de la Incursión de Gremio | Infografías de Terminus Maximus,false,https://www.youtube.com/watch?v=LoL5L2SSLgA,"1,39 millones",www.youtube.com,1,1
90 days (available 22 of requested 90),guild_raid_youtube_click,/guild-raid/s105/,Guild Raid Season 105 | Terminus Maximus Infographics,false,https://www.youtube.com/watch?v=LoL5L2SSLgA,Yagyuu,www.youtube.com,1,1
90 days (available 22 of requested 90),guild_raid_youtube_click,/guild-raid/s105/,Guild Raid Season 105 | Terminus Maximus Infographics,false,https://www.youtube.com/watch?v=UqouUwUZC_M,,www.youtube.com,1,1
90 days (available 22 of requested 90),guild_raid_youtube_click,/guild-raid/s105/,Temporada 105 de la Incursión de Gremio | Infografías de Terminus Maximus,false,https://www.youtube.com/watch?v=UqouUwUZC_M,Yagyuu,www.youtube.com,1,1
90 days (available 22 of requested 90),guild_raid_youtube_click,/guild-raid/s105/,Guild Raid Season 105 | Terminus Maximus Infographics,false,https://www.youtube.com/watch?v=UqouUwUZC_M,L2,www.youtube.com,1,1
90 days (available 22 of requested 90),guild_raid_youtube_click,/guild-raid/s105/,Guild Raid Season 105 | Terminus Maximus Infographics,false,https://www.youtube.com/watch?v=XLcECO6lJA0,,www.youtube.com,1,1
90 days (available 22 of requested 90),guild_raid_youtube_click,/guild-raid/s105/,Temporada 105 de la Incursión de Gremio | Infografías de Terminus Maximus,false,https://www.youtube.com/watch?v=XLcECO6lJA0,Prufrock,www.youtube.com,1,1
90 days (available 22 of requested 90),guild_raid_youtube_click,/guild-raid/s105/,Рейды гильдии 105-го сезона | Инфографика «Терминус Максимус»,false,https://www.youtube.com/watch?v=XLcECO6lJA0,"2,10 млн.",www.youtube.com,1,1
90 days (available 22 of requested 90),guild_raid_youtube_click,/guild-raid/s105/,길드 레이드 시즌 105 | 터미너스 막시무스 인포그래픽,false,https://www.youtube.com/watch?v=Y74uUgSfZrw,페인호크,www.youtube.com,1,1
90 days (available 22 of requested 90),guild_raid_youtube_click,/guild-raid/s105/,Guild Raid Season 105 | Terminus Maximus Infographics,false,https://www.youtube.com/watch?v=Y74uUgSfZrw,L1,www.youtube.com,1,1
90 days (available 22 of requested 90),guild_raid_youtube_click,/guild-raid/s105/,Guild Raid Season 105 | Terminus Maximus Infographics,false,https://www.youtube.com/watch?v=fjBrAtXrOZI,,www.youtube.com,1,1
90 days (available 22 of requested 90),guild_raid_youtube_click,/guild-raid/s105/,Рейды гильдии 105-го сезона | Инфографика «Терминус Максимус»,false,https://www.youtube.com/watch?v=kX3ncIq8hIs,"1,98 млн.",www.youtube.com,1,1
90 days (available 22 of requested 90),guild_raid_youtube_click,/guild-raid/s106/,Рейды гильдии 106-го сезона | Инфографика «Терминус Максимус»,false,https://www.youtube.com/watch?v=Hf5j6qg1jtU,"1,67М",www.youtube.com,1,1
90 days (available 22 of requested 90),guild_raid_youtube_click,/guild-raid/s106/,Guild Raid Season 106 | Terminus Maximus Infographics,false,https://www.youtube.com/watch?v=LRtGzA-RRMM,1.60M,www.youtube.com,1,1
90 days (available 22 of requested 90),guild_raid_youtube_click,/guild-raid/s106/,Рейды гильдии 106-го сезона | Инфографика «Терминус Максимус»,false,https://www.youtube.com/watch?v=XLcECO6lJA0,"2,10 млн.",www.youtube.com,1,1
90 days (available 22 of requested 90),guild_raid_youtube_click,/guild-raid/s106/,Рейды гильдии 106-го сезона | Инфографика «Терминус Максимус»,false,https://www.youtube.com/watch?v=_RpiTVyoI98,"1,50 М",www.youtube.com,1,1
90 days (available 22 of requested 90),guild_raid_youtube_click,/guild-raid/s106/,Guild Raid Season 106 | Terminus Maximus Infographics,false,https://www.youtube.com/watch?v=dgTNhzPZcXI,981K,www.youtube.com,1,1
90 days (available 22 of requested 90),guild_raid_youtube_click,/guild-raid/s106/,Guild Raid Season 106 | Terminus Maximus Infographics,false,https://www.youtube.com/watch?v=doBjk8eUinI,L5,www.youtube.com,1,1
90 days (available 22 of requested 90),guild_raid_youtube_click,/guild-raid/s106/,Guild Raid Season 106 | Terminus Maximus Infographics,false,https://www.youtube.com/watch?v=i7KSpAVjR8Y,Painhawk,www.youtube.com,1,1
90 days (available 22 of requested 90),guild_raid_youtube_click,/guild-raid/s106/,Рейды гильдии 106-го сезона | Инфографика «Терминус Максимус»,false,https://www.youtube.com/watch?v=i7KSpAVjR8Y,"1,20 млн.",www.youtube.com,1,1
90 days (available 22 of requested 90),guild_raid_youtube_click,/guild-raid/s106/,Guild Raid Season 106 | Terminus Maximus Infographics,false,https://www.youtube.com/watch?v=pS0D8UQ_kv4,L4,www.youtube.com,1,1
90 days (available 22 of requested 90),guild_raid_youtube_click,/guild-raid/s106/,Guild Raid Season 106 | Terminus Maximus Infographics,false,https://www.youtube.com/watch?v=wfLVf7Zso7Y,,www.youtube.com,1,1
90 days (available 22 of requested 90),guild_raid_youtube_click,/guild-raid/s106/,Guild Raid Season 106 | Terminus Maximus Infographics,false,https://www.youtube.com/watch?v=yDOfO0aEwXY,M2,www.youtube.com,1,1
90 days (available 22 of requested 90),guild_raid_youtube_click,/guild-raid/s106/,Guild Raid Season 106 | Terminus Maximus Infographics,false,https://www.youtube.com/watch?v=yDOfO0aEwXY,1.00M,www.youtube.com,1,1
