analysis_period_label,session_date,session_key,user_pseudo_id,ga_session_id,session_source,session_medium,session_campaign,first_replay_timestamp,first_replay_location,first_replay_query_string,first_replay_referrer,first_replay_referrer_host,previous_page_path,next_page_path,replay_was_landing_page,reached_replay_through_internal_navigation,session_page_views,replay_page_views,replay_entries,returned_to_replay_after_leaving,single_page_session,multi_page_session,multiple_replay_views,had_replay_library_youtube_click,had_guild_raid_youtube_click_elsewhere,replay_youtube_click_before_first_visit,replay_youtube_click_during_page_context,replay_youtube_click_after_first_visit
Available export: 2026-07-14 to 2026-08-04 (22 days),2026-07-14,1039556793.1783990708|1784047905,1039556793.1783990708,1784047905,google,organic,(organic),1784047906663572,https://terminusmaximus.com/replay-library/,,,,,,true,false,1,1,1,false,true,false,false,false,false,false,false,false
Available export: 2026-07-14 to 2026-08-04 (22 days),2026-07-14,1077976840.1784033906|1784033906,1077976840.1784033906,1784033906,reddit,post,s105,1784033906306635,https://terminusmaximus.com/replay-library/?utm_source=reddit&utm_medium=post&utm_campaign=s105,utm_source=reddit&utm_medium=post&utm_campaign=s105,https://www.reddit.com/,www.reddit.com,,,true,false,1,1,1,false,true,false,false,false,false,false,false,false
Available export: 2026-07-14 to 2026-08-04 (22 days),2026-07-14,1079571534.1784036714|1784036713,1079571534.1784036714,1784036713,reddit,post,s105,1784036714706536,https://terminusmaximus.com/replay-library/?utm_source=reddit&utm_medium=post&utm_campaign=s105,utm_source=reddit&utm_medium=post&utm_campaign=s105,,,,,true,false,1,1,1,false,true,false,false,false,false,false,false,false
Available export: 2026-07-14 to 2026-08-04 (22 days),2026-07-14,1079571534.1784036714|1784041305,1079571534.1784036714,1784041305,reddit,post,s105,1784041306500826,https://terminusmaximus.com/replay-library/?utm_source=reddit&utm_medium=post&utm_campaign=s105,utm_source=reddit&utm_medium=post&utm_campaign=s105,,,,,true,false,1,1,1,false,true,false,false,false,false,false,false,false
Available export: 2026-07-14 to 2026-08-04 (22 days),2026-07-14,1079571534.1784036714|1784084055,1079571534.1784036714,1784084055,reddit,post,s105,1784084056321642,https://terminusmaximus.com/replay-library/?utm_source=reddit&utm_medium=post&utm_campaign=s105,utm_source=reddit&utm_medium=post&utm_campaign=s105,,,,,true,false,1,1,1,false,true,false,false,false,false,false,false,false
Available export: 2026-07-14 to 2026-08-04 (22 days),2026-07-14,1112948100.1784030712|1784030711,1112948100.1784030712,1784030711,reddit,post,s105,1784030733112269,https://terminusmaximus.com/replay-library/?utm_source=reddit&utm_medium=post&utm_campaign=s105,utm_source=reddit&utm_medium=post&utm_campaign=s105,https://www.reddit.com/,www.reddit.com,/guild-raid/s105/,/incursion-mow/,false,true,3,1,1,false,false,true,false,false,false,false,false,false
Available export: 2026-07-14 to 2026-08-04 (22 days),2026-07-14,1113746012.1784034495|1784034494,1113746012.1784034495,1784034494,reddit,post,s105,1784034495755853,https://terminusmaximus.com/replay-library/?utm_source=reddit&utm_medium=post&utm_campaign=s105,utm_source=reddit&utm_medium=post&utm_campaign=s105,,,,,true,false,1,1,1,false,true,false,false,false,false,false,false,false
Available export: 2026-07-14 to 2026-08-04 (22 days),2026-07-14,1122872239.1784063325|1784063325,1122872239.1784063325,1784063325,(direct),(none),(direct),1784063350897980,https://terminusmaximus.com/replay-library/,,https://terminusmaximus.com/,terminusmaximus.com,/,/,false,true,6,1,1,false,false,true,false,false,false,false,false,false
Available export: 2026-07-14 to 2026-08-04 (22 days),2026-07-14,1123418904.1780682140|1784029487,1123418904.1780682140,1784029487,reddit,post,s105,1784029487890696,https://terminusmaximus.com/replay-library/?utm_source=reddit&utm_medium=post&utm_campaign=s105,utm_source=reddit&utm_medium=post&utm_campaign=s105,https://www.reddit.com/,www.reddit.com,,,true,false,1,1,1,false,true,false,false,false,false,false,false,false
Available export: 2026-07-14 to 2026-08-04 (22 days),2026-07-14,112562824.1783991168|1784013209,112562824.1783991168,1784013209,(direct),(none),(direct),1784014851173873,https://terminusmaximus.com/replay-library/,,https://terminusmaximus.com/,terminusmaximus.com,/,/guild-raid/,false,true,8,1,1,false,false,true,false,false,false,false,false,false
Available export: 2026-07-14 to 2026-08-04 (22 days),2026-07-14,1190884479.1784032427|1784032427,1190884479.1784032427,1784032427,reddit,post,s105,1784032564818448,https://terminusmaximus.com/replay-library/?utm_source=reddit&utm_medium=post&utm_campaign=s105,utm_source=reddit&utm_medium=post&utm_campaign=s105,,,/guild-raid/boss-meta/,/replay-library/,false,true,4,2,1,false,false,true,true,false,false,false,false,false
Available export: 2026-07-14 to 2026-08-04 (22 days),2026-07-14,1213626774.1784070884|1784070883,1213626774.1784070884,1784070883,reddit,post,s105,1784070883952559,https://terminusmaximus.com/replay-library/?utm_source=reddit&utm_medium=post&utm_campaign=s105,utm_source=reddit&utm_medium=post&utm_campaign=s105,https://www.reddit.com/,www.reddit.com,,,true,false,1,1,1,false,true,false,false,false,false,false,false,false
Available export: 2026-07-14 to 2026-08-04 (22 days),2026-07-14,1232065170.1784040456|1784040455,1232065170.1784040456,1784040455,reddit,post,s105,1784040455968524,https://terminusmaximus.com/replay-library/?utm_source=reddit&utm_medium=post&utm_campaign=s105,utm_source=reddit&utm_medium=post&utm_campaign=s105,,,,,true,false,1,1,1,false,true,false,false,false,false,false,false,false
Available export: 2026-07-14 to 2026-08-04 (22 days),2026-07-14,1258401518.1784029549|1784029549,1258401518.1784029549,1784029549,reddit,post,s105,1784029549500182,https://terminusmaximus.com/replay-library/?utm_source=reddit&utm_medium=post&utm_campaign=s105,utm_source=reddit&utm_medium=post&utm_campaign=s105,,,,,true,false,1,1,1,false,true,false,false,false,false,false,false,false
Available export: 2026-07-14 to 2026-08-04 (22 days),2026-07-14,1275188175.1781809042|1784033033,1275188175.1781809042,1784033033,reddit,post,s105,1784033063342854,https://terminusmaximus.com/replay-library/,,https://terminusmaximus.com/guild-raid/s105/?utm_source=reddit&utm_medium=post&utm_campaign=s105,terminusmaximus.com,/guild-raid/s105/,,false,true,2,1,1,false,false,true,false,false,false,false,false,false
Available export: 2026-07-14 to 2026-08-04 (22 days),2026-07-14,1301592759.1784042242|1784042242,1301592759.1784042242,1784042242,reddit,post,s105,1784042242062811,https://terminusmaximus.com/replay-library/?utm_source=reddit&utm_medium=post&utm_campaign=s105,utm_source=reddit&utm_medium=post&utm_campaign=s105,https://www.reddit.com/,www.reddit.com,,,true,false,1,1,1,false,true,false,false,false,false,false,false,false
Available export: 2026-07-14 to 2026-08-04 (22 days),2026-07-14,1309970771.1784064904|1784064903,1309970771.1784064904,1784064903,reddit,post,s105,1784064903895884,https://terminusmaximus.com/replay-library/?utm_source=reddit&utm_medium=post&utm_campaign=s105,utm_source=reddit&utm_medium=post&utm_campaign=s105,https://www.reddit.com/,www.reddit.com,,,true,false,1,1,1,false,true,false,false,false,false,false,false,false
Available export: 2026-07-14 to 2026-08-04 (22 days),2026-07-14,132530926.1784064299|1784064298,132530926.1784064299,1784064298,(direct),(none),(direct),1784064298646059,https://terminusmaximus.com/replay-library/,,,,,/replay-library/,true,false,2,2,1,false,false,true,true,false,false,false,false,false
Available export: 2026-07-14 to 2026-08-04 (22 days),2026-07-14,1334303150.1784055518|1784055517,1334303150.1784055518,1784055517,reddit,post,s105,1784055518131481,https://terminusmaximus.com/replay-library/?utm_source=reddit&utm_medium=post&utm_campaign=s105,utm_source=reddit&utm_medium=post&utm_campaign=s105,,,,,true,false,1,1,1,false,true,false,false,false,false,false,false,false
Available export: 2026-07-14 to 2026-08-04 (22 days),2026-07-14,1353535791.1784042323|1784059917,1353535791.1784042323,1784059917,reddit,post,s105,1784059935444563,https://terminusmaximus.com/replay-library/,,https://terminusmaximus.com/guild-raid/s105/,terminusmaximus.com,/guild-raid/s105/,,false,true,3,1,1,false,false,true,false,false,false,false,false,false
Available export: 2026-07-14 to 2026-08-04 (22 days),2026-07-14,1367722036.1784014474|1784014474,1367722036.1784014474,1784014474,google,organic,(organic),1784014523829794,https://terminusmaximus.com/replay-library/,,https://terminusmaximus.com/,terminusmaximus.com,/elite-campaigns/,,false,true,3,1,1,false,false,true,false,false,false,false,false,false
Available export: 2026-07-14 to 2026-08-04 (22 days),2026-07-14,1415397303.1784049328|1784049327,1415397303.1784049328,1784049327,reddit,post,s105,1784050550417185,https://terminusmaximus.com/replay-library/?utm_source=reddit&utm_medium=post&utm_campaign=s105,utm_source=reddit&utm_medium=post&utm_campaign=s105,https://www.reddit.com/,www.reddit.com,/guild-raid/s105/,/replay-library/,false,true,4,2,1,false,false,true,true,false,true,false,false,false
Available export: 2026-07-14 to 2026-08-04 (22 days),2026-07-14,143695960.1784031109|1784031108,143695960.1784031109,1784031108,reddit,post,s105,1784031108781662,https://terminusmaximus.com/replay-library/?utm_source=reddit&utm_medium=post&utm_campaign=s105,utm_source=reddit&utm_medium=post&utm_campaign=s105,https://www.reddit.com/,www.reddit.com,,,true,false,1,1,1,false,true,false,false,false,false,false,false,false
Available export: 2026-07-14 to 2026-08-04 (22 days),2026-07-14,1456826390.1784050632|1784050632,1456826390.1784050632,1784050632,(direct),(none),(direct),1784050643576605,https://terminusmaximus.com/replay-library/,,https://terminusmaximus.com/,terminusmaximus.com,/,,false,true,2,1,1,false,false,true,false,false,false,false,false,false
Available export: 2026-07-14 to 2026-08-04 (22 days),2026-07-14,1513919143.1784041353|1784041352,1513919143.1784041353,1784041352,(direct),(none),(direct),1784041362414790,https://terminusmaximus.com/replay-library/,,,,,,true,false,1,1,1,false,true,false,false,false,false,false,false,false
Available export: 2026-07-14 to 2026-08-04 (22 days),2026-07-14,1520165871.1784095012|1784095011,1520165871.1784095012,1784095011,reddit,post,s105,1784095012200138,https://terminusmaximus.com/replay-library/?utm_source=reddit&utm_medium=post&utm_campaign=s105,utm_source=reddit&utm_medium=post&utm_campaign=s105,,,,,true,false,1,1,1,false,true,false,false,false,false,false,false,false
Available export: 2026-07-14 to 2026-08-04 (22 days),2026-07-14,1534638850.1784029431|1784029431,1534638850.1784029431,1784029431,reddit,post,s105,1784029431679543,https://terminusmaximus.com/replay-library/?utm_source=reddit&utm_medium=post&utm_campaign=s105,utm_source=reddit&utm_medium=post&utm_campaign=s105,https://www.reddit.com/,www.reddit.com,,/,true,false,4,1,1,false,false,true,false,false,false,false,false,false
Available export: 2026-07-14 to 2026-08-04 (22 days),2026-07-14,1543694110.1780440876|1784038938,1543694110.1780440876,1784038938,reddit,post,boss-meta,1784040423187203,https://terminusmaximus.com/replay-library/,,https://terminusmaximus.com/,terminusmaximus.com,/guild-raid/boss-meta/,/,false,true,10,1,1,false,false,true,false,false,false,false,false,false
Available export: 2026-07-14 to 2026-08-04 (22 days),2026-07-14,1553674327.1784034083|1784034082,1553674327.1784034083,1784034082,(direct),(none),(direct),1784034083120577,https://terminusmaximus.com/replay-library/,,,,,/replay-library/,true,false,12,4,2,true,false,true,true,false,false,false,false,false
Available export: 2026-07-14 to 2026-08-04 (22 days),2026-07-14,1559684017.1784036275|1784036275,1559684017.1784036275,1784036275,reddit,post,s105,1784036404993887,https://terminusmaximus.com/replay-library/,,https://terminusmaximus.com/guild-raid/s105/?utm_source=reddit&utm_medium=post&utm_campaign=s105,terminusmaximus.com,/guild-raid/s105/,,false,true,2,1,1,false,false,true,false,false,false,false,false,false
Available export: 2026-07-14 to 2026-08-04 (22 days),2026-07-14,1635450058.1784031013|1784031013,1635450058.1784031013,1784031013,reddit,post,s105,1784031013709601,https://terminusmaximus.com/replay-library/?utm_source=reddit&utm_medium=post&utm_campaign=s105,utm_source=reddit&utm_medium=post&utm_campaign=s105,,,,,true,false,1,1,1,false,true,false,false,false,false,false,false,false
Available export: 2026-07-14 to 2026-08-04 (22 days),2026-07-14,1646952807.1784046732|1784046731,1646952807.1784046732,1784046731,reddit,post,s105,1784046731825134,https://terminusmaximus.com/replay-library/?utm_source=reddit&utm_medium=post&utm_campaign=s105,utm_source=reddit&utm_medium=post&utm_campaign=s105,https://www.reddit.com/,www.reddit.com,,/guild-raid/s105/,true,false,3,1,1,false,false,true,false,false,false,false,false,false
Available export: 2026-07-14 to 2026-08-04 (22 days),2026-07-14,1676063748.1784030038|1784030038,1676063748.1784030038,1784030038,reddit,post,s105,1784030038475888,https://terminusmaximus.com/replay-library/?utm_source=reddit&utm_medium=post&utm_campaign=s105,utm_source=reddit&utm_medium=post&utm_campaign=s105,https://www.reddit.com/,www.reddit.com,,,true,false,1,1,1,false,true,false,false,false,false,false,false,false
Available export: 2026-07-14 to 2026-08-04 (22 days),2026-07-14,168461473.1784028995|1784028995,168461473.1784028995,1784028995,reddit,post,s105,1784028996009715,https://terminusmaximus.com/replay-library/?utm_source=reddit&utm_medium=post&utm_campaign=s105,utm_source=reddit&utm_medium=post&utm_campaign=s105,https://www.reddit.com/,www.reddit.com,,/lre/farsight/,true,false,3,1,1,false,false,true,false,false,false,false,false,false
Available export: 2026-07-14 to 2026-08-04 (22 days),2026-07-14,1701199283.1784044494|1784044493,1701199283.1784044494,1784044493,reddit,post,s105,1784044493833652,https://terminusmaximus.com/replay-library/?utm_source=reddit&utm_medium=post&utm_campaign=s105,utm_source=reddit&utm_medium=post&utm_campaign=s105,android-app://com.reddit.frontpage/,com.reddit.frontpage,,,true,false,1,1,1,false,true,false,false,false,false,false,false,false
Available export: 2026-07-14 to 2026-08-04 (22 days),2026-07-14,1714669781.1784036980|1784036979,1714669781.1784036980,1784036979,reddit,post,s105,1784036994624197,https://terminusmaximus.com/replay-library/,,https://terminusmaximus.com/guild-raid/s105/?utm_source=reddit&utm_medium=post&utm_campaign=s105,terminusmaximus.com,/guild-raid/s105/,/replay-library/,false,true,3,2,1,false,false,true,true,false,false,false,false,false
Available export: 2026-07-14 to 2026-08-04 (22 days),2026-07-14,1767664512.1784079686|1784079685,1767664512.1784079686,1784079685,(direct),(none),(direct),1784079686275337,https://terminusmaximus.com/replay-library/,,,,,,true,false,1,1,1,false,true,false,false,false,false,false,false,false
Available export: 2026-07-14 to 2026-08-04 (22 days),2026-07-14,1776884398.1783490794|1784082830,1776884398.1783490794,1784082830,reddit,post,s105,1784082831256627,https://terminusmaximus.com/replay-library/,,https://terminusmaximus.com/guild-raid/s105/?utm_source=reddit&utm_medium=post&utm_campaign=s105,terminusmaximus.com,,,true,false,1,1,1,false,true,false,false,false,false,false,false,false
Available export: 2026-07-14 to 2026-08-04 (22 days),2026-07-14,1797376278.1784064897|1784064897,1797376278.1784064897,1784064897,reddit,post,s105,1784064897467751,https://terminusmaximus.com/replay-library/?utm_source=reddit&utm_medium=post&utm_campaign=s105,utm_source=reddit&utm_medium=post&utm_campaign=s105,https://www.reddit.com/,www.reddit.com,,,true,false,1,1,1,false,true,false,false,false,false,false,false,false
Available export: 2026-07-14 to 2026-08-04 (22 days),2026-07-14,1812317197.1784083089|1784083088,1812317197.1784083089,1784083088,reddit,post,s105,1784083089175594,https://terminusmaximus.com/replay-library/?utm_source=reddit&utm_medium=post&utm_campaign=s105,utm_source=reddit&utm_medium=post&utm_campaign=s105,,,,/guild-raid/,true,false,3,1,1,false,false,true,false,false,false,false,false,false
Available export: 2026-07-14 to 2026-08-04 (22 days),2026-07-14,1814173695.1784036017|1784036016,1814173695.1784036017,1784036016,reddit,post,s105,1784036016627752,https://terminusmaximus.com/replay-library/?utm_source=reddit&utm_medium=post&utm_campaign=s105,utm_source=reddit&utm_medium=post&utm_campaign=s105,https://www.reddit.com/,www.reddit.com,,,true,false,1,1,1,false,true,false,false,false,false,false,false,false
Available export: 2026-07-14 to 2026-08-04 (22 days),2026-07-14,1814173695.1784036017|1784041917,1814173695.1784036017,1784041917,reddit,post,s105,1784041923272454,https://terminusmaximus.com/replay-library/?utm_source=reddit&utm_medium=post&utm_campaign=s105,utm_source=reddit&utm_medium=post&utm_campaign=s105,https://www.reddit.com/,www.reddit.com,,,true,false,1,1,1,false,true,false,false,false,false,false,false,false
Available export: 2026-07-14 to 2026-08-04 (22 days),2026-07-14,1825710433.1784046228|1784046227,1825710433.1784046228,1784046227,reddit,post,s105,1784046227539855,https://terminusmaximus.com/replay-library/?utm_source=reddit&utm_medium=post&utm_campaign=s105,utm_source=reddit&utm_medium=post&utm_campaign=s105,https://www.reddit.com/,www.reddit.com,,,true,false,1,1,1,false,true,false,false,false,false,false,false,false
Available export: 2026-07-14 to 2026-08-04 (22 days),2026-07-14,1829971805.1784079550|1784079549,1829971805.1784079550,1784079549,(direct),(none),(direct),1784079550108957,https://terminusmaximus.com/replay-library/,,,,,,true,false,1,1,1,false,true,false,false,false,false,false,false,false
Available export: 2026-07-14 to 2026-08-04 (22 days),2026-07-14,1842308251.1784047838|1784047837,1842308251.1784047838,1784047837,(direct),(none),(direct),1784047839117946,https://terminusmaximus.com/replay-library/,,,,,,true,false,1,1,1,false,true,false,false,false,false,false,false,false
Available export: 2026-07-14 to 2026-08-04 (22 days),2026-07-14,1857345131.1784065398|1784065398,1857345131.1784065398,1784065398,reddit,post,boss-meta,1784065470588458,https://terminusmaximus.com/replay-library/,,https://terminusmaximus.com/guild-raid/boss-meta//?utm_source=reddit&utm_medium=post&utm_campaign=boss-meta,terminusmaximus.com,/guild-raid/boss-meta/,/guild-raid/boss-meta/,false,true,5,1,1,false,false,true,false,false,false,false,false,false
Available export: 2026-07-14 to 2026-08-04 (22 days),2026-07-14,1857347342.1784012526|1784012525,1857347342.1784012526,1784012525,google,organic,(organic),1784012537951949,https://terminusmaximus.com/replay-library/,,https://terminusmaximus.com/,terminusmaximus.com,/,,false,true,2,1,1,false,false,true,false,false,false,false,false,false
Available export: 2026-07-14 to 2026-08-04 (22 days),2026-07-14,1858047959.1784030123|1784030123,1858047959.1784030123,1784030123,reddit,post,s105,1784030123426191,https://terminusmaximus.com/replay-library/?utm_source=reddit&utm_medium=post&utm_campaign=s105,utm_source=reddit&utm_medium=post&utm_campaign=s105,,,,,true,false,1,1,1,false,true,false,false,false,false,false,false,false
Available export: 2026-07-14 to 2026-08-04 (22 days),2026-07-14,1875255514.1783113816|1784071964,1875255514.1783113816,1784071964,(direct),(none),(direct),1784071964474379,https://terminusmaximus.com/replay-library/,,,,,,true,false,1,1,1,false,true,false,false,false,false,false,false,false
Available export: 2026-07-14 to 2026-08-04 (22 days),2026-07-14,190922776.1780682759|1784031156,190922776.1780682759,1784031156,reddit,post,s105,1784031156027453,https://terminusmaximus.com/replay-library/?utm_source=reddit&utm_medium=post&utm_campaign=s105,utm_source=reddit&utm_medium=post&utm_campaign=s105,https://www.reddit.com/,www.reddit.com,,/replay-library/,true,false,3,3,1,false,false,true,true,false,false,false,false,false
Available export: 2026-07-14 to 2026-08-04 (22 days),2026-07-14,1928184872.1782751085|1784029698,1928184872.1782751085,1784029698,reddit,post,s105,1784029698803441,https://terminusmaximus.com/replay-library/?utm_source=reddit&utm_medium=post&utm_campaign=s105,utm_source=reddit&utm_medium=post&utm_campaign=s105,https://www.reddit.com/,www.reddit.com,,,true,false,1,1,1,false,true,false,false,false,false,false,false,false
Available export: 2026-07-14 to 2026-08-04 (22 days),2026-07-14,1937774638.1784057966|1784057966,1937774638.1784057966,1784057966,(direct),(none),(direct),1784057966729815,https://terminusmaximus.com/replay-library/,,,,,/replay-library/,true,false,2,2,1,false,false,true,true,false,false,false,false,false
Available export: 2026-07-14 to 2026-08-04 (22 days),2026-07-14,1958367767.1784045502|1784045501,1958367767.1784045502,1784045501,reddit,post,s105,1784045529944750,https://terminusmaximus.com/replay-library/?utm_source=reddit&utm_medium=post&utm_campaign=s105,utm_source=reddit&utm_medium=post&utm_campaign=s105,https://www.reddit.com/,www.reddit.com,/guild-raid/s105/,,false,true,3,1,1,false,false,true,false,false,false,false,false,false
Available export: 2026-07-14 to 2026-08-04 (22 days),2026-07-14,1979248383.1784077038|1784077038,1979248383.1784077038,1784077038,reddit,post,s105,1784077038665762,https://terminusmaximus.com/replay-library/?utm_source=reddit&utm_medium=post&utm_campaign=s105,utm_source=reddit&utm_medium=post&utm_campaign=s105,https://www.reddit.com/,www.reddit.com,,,true,false,1,1,1,false,true,false,false,false,false,false,false,false
Available export: 2026-07-14 to 2026-08-04 (22 days),2026-07-14,1981956156.1783410593|1784042793,1981956156.1783410593,1784042793,reddit,post,s105,1784042793652226,https://terminusmaximus.com/replay-library/?utm_source=reddit&utm_medium=post&utm_campaign=s105,utm_source=reddit&utm_medium=post&utm_campaign=s105,,,,/hre/,true,false,4,1,1,false,false,true,false,false,false,false,false,false
Available export: 2026-07-14 to 2026-08-04 (22 days),2026-07-14,2011870279.1784083044|1784083043,2011870279.1784083044,1784083043,reddit,post,s105,1784083043721964,https://terminusmaximus.com/replay-library/?utm_source=reddit&utm_medium=post&utm_campaign=s105,utm_source=reddit&utm_medium=post&utm_campaign=s105,,,,,true,false,1,1,1,false,true,false,false,false,false,false,false,false
Available export: 2026-07-14 to 2026-08-04 (22 days),2026-07-14,2016596507.1784035447|1784035447,2016596507.1784035447,1784035447,reddit,post,s105,1784035447558042,https://terminusmaximus.com/replay-library/?utm_source=reddit&utm_medium=post&utm_campaign=s105,utm_source=reddit&utm_medium=post&utm_campaign=s105,https://www.reddit.com/,www.reddit.com,,,true,false,1,1,1,false,true,false,false,false,false,false,false,false
Available export: 2026-07-14 to 2026-08-04 (22 days),2026-07-14,2069528094.1784032124|1784032124,2069528094.1784032124,1784032124,reddit,post,s105,1784032121869948,https://terminusmaximus.com/replay-library/?utm_source=reddit&utm_medium=post&utm_campaign=s105,utm_source=reddit&utm_medium=post&utm_campaign=s105,https://www.reddit.com/,www.reddit.com,,/guild-raid/s105/,true,false,2,1,1,false,false,true,false,false,false,false,false,false
Available export: 2026-07-14 to 2026-08-04 (22 days),2026-07-14,2091522092.1783954203|1784036693,2091522092.1783954203,1784036693,reddit,post,s105,1784036694697861,https://terminusmaximus.com/replay-library/?utm_source=reddit&utm_medium=post&utm_campaign=s105,utm_source=reddit&utm_medium=post&utm_campaign=s105,,,,,true,false,1,1,1,false,true,false,false,false,false,false,false,false
Available export: 2026-07-14 to 2026-08-04 (22 days),2026-07-14,2111859797.1784029962|1784029962,2111859797.1784029962,1784029962,reddit,post,s105,1784029962439255,https://terminusmaximus.com/replay-library/?utm_source=reddit&utm_medium=post&utm_campaign=s105,utm_source=reddit&utm_medium=post&utm_campaign=s105,https://www.reddit.com/,www.reddit.com,,,true,false,1,1,1,false,true,false,false,false,false,false,false,false
Available export: 2026-07-14 to 2026-08-04 (22 days),2026-07-14,213629588.1784058312|1784058311,213629588.1784058312,1784058311,(direct),(none),(direct),1784058311666683,https://terminusmaximus.com/replay-library/,,,,,,true,false,1,1,1,false,true,false,false,false,false,false,false,false
Available export: 2026-07-14 to 2026-08-04 (22 days),2026-07-14,215123035.1784036286|1784036286,215123035.1784036286,1784036286,reddit,post,s105,1784036384356524,https://terminusmaximus.com/replay-library/?utm_source=reddit&utm_medium=post&utm_campaign=s105,utm_source=reddit&utm_medium=post&utm_campaign=s105,https://www.reddit.com/,www.reddit.com,/guild-raid/s105/,,false,true,2,1,1,false,false,true,false,false,false,false,false,false
Available export: 2026-07-14 to 2026-08-04 (22 days),2026-07-14,216675988.1780652630|1784034022,216675988.1780652630,1784034022,reddit,post,s105,1784034023706736,https://terminusmaximus.com/replay-library/?utm_source=reddit&utm_medium=post&utm_campaign=s105,utm_source=reddit&utm_medium=post&utm_campaign=s105,android-app://com.reddit.frontpage/,com.reddit.frontpage,,/replay-library/,true,false,2,2,1,false,false,true,true,false,false,false,false,false
Available export: 2026-07-14 to 2026-08-04 (22 days),2026-07-14,226946661.1784040797|1784040797,226946661.1784040797,1784040797,reddit,post,s105,1784040797267162,https://terminusmaximus.com/replay-library/?utm_source=reddit&utm_medium=post&utm_campaign=s105,utm_source=reddit&utm_medium=post&utm_campaign=s105,,,,,true,false,1,1,1,false,true,false,false,false,false,false,false,false
Available export: 2026-07-14 to 2026-08-04 (22 days),2026-07-14,229915874.1784063075|1784063074,229915874.1784063075,1784063074,reddit,post,s105,1784063074736108,https://terminusmaximus.com/replay-library/?utm_source=reddit&utm_medium=post&utm_campaign=s105,utm_source=reddit&utm_medium=post&utm_campaign=s105,https://www.reddit.com/,www.reddit.com,,,true,false,1,1,1,false,true,false,false,false,false,false,false,false
Available export: 2026-07-14 to 2026-08-04 (22 days),2026-07-14,295824659.1784039548|1784039548,295824659.1784039548,1784039548,reddit,post,s105,1784039548332056,https://terminusmaximus.com/replay-library/?utm_source=reddit&utm_medium=post&utm_campaign=s105,utm_source=reddit&utm_medium=post&utm_campaign=s105,https://www.reddit.com/,www.reddit.com,,,true,false,1,1,1,false,true,false,false,false,false,false,false,false
Available export: 2026-07-14 to 2026-08-04 (22 days),2026-07-14,326441414.1784033939|1784033938,326441414.1784033939,1784033938,(direct),(none),(direct),1784033939875289,https://terminusmaximus.com/replay-library/,,,,,,true,false,1,1,1,false,true,false,false,false,false,false,false,false
Available export: 2026-07-14 to 2026-08-04 (22 days),2026-07-14,330056677.1784045988|1784045987,330056677.1784045988,1784045987,(direct),(none),(direct),1784045987781011,https://terminusmaximus.com/replay-library/,,https://terminusmaximus.com/guild-raid/boss-meta//?utm_source=reddit&utm_medium=post&utm_campaign=boss-meta,terminusmaximus.com,,,true,false,1,1,1,false,true,false,false,false,false,false,false,false
Available export: 2026-07-14 to 2026-08-04 (22 days),2026-07-14,337245847.1784059110|1784059109,337245847.1784059110,1784059109,(direct),(none),(direct),1784059110343668,https://terminusmaximus.com/replay-library/,,,,,,true,false,1,1,1,false,true,false,false,false,false,false,false,false
Available export: 2026-07-14 to 2026-08-04 (22 days),2026-07-14,33987380.1784055439|1784055439,33987380.1784055439,1784055439,reddit,post,s105,1784055439707395,https://terminusmaximus.com/replay-library/?utm_source=reddit&utm_medium=post&utm_campaign=s105,utm_source=reddit&utm_medium=post&utm_campaign=s105,,,,,true,false,1,1,1,false,true,false,false,false,false,false,false,false
Available export: 2026-07-14 to 2026-08-04 (22 days),2026-07-14,347087754.1784047690|1784047690,347087754.1784047690,1784047690,(direct),(none),(direct),1784047690472919,https://terminusmaximus.com/replay-library/,,,,,,true,false,1,1,1,false,true,false,false,false,false,false,false,false
Available export: 2026-07-14 to 2026-08-04 (22 days),2026-07-14,375592242.1784078311|1784078310,375592242.1784078311,1784078310,reddit,post,s105,1784078312474035,https://terminusmaximus.com/replay-library/?utm_source=reddit&utm_medium=post&utm_campaign=s105,utm_source=reddit&utm_medium=post&utm_campaign=s105,,,,,true,false,1,1,1,false,true,false,false,false,false,false,false,false
Available export: 2026-07-14 to 2026-08-04 (22 days),2026-07-14,400894684.1784032000|1784031999,400894684.1784032000,1784031999,reddit,post,s105,1784032000383568,https://terminusmaximus.com/replay-library/?utm_source=reddit&utm_medium=post&utm_campaign=s105,utm_source=reddit&utm_medium=post&utm_campaign=s105,,,,/replay-library/,true,false,2,2,1,false,false,true,true,false,false,false,false,false
Available export: 2026-07-14 to 2026-08-04 (22 days),2026-07-14,427180747.1784075059|1784075058,427180747.1784075059,1784075058,(direct),(none),(direct),1784075058989625,https://terminusmaximus.com/replay-library/,,,,,,true,false,1,1,1,false,true,false,false,false,false,false,false,false
Available export: 2026-07-14 to 2026-08-04 (22 days),2026-07-14,458195169.1780684872|1784037686,458195169.1780684872,1784037686,reddit,post,s105,1784038221837148,https://terminusmaximus.com/replay-library/,,https://terminusmaximus.com/guild-raid/s104/,terminusmaximus.com,/guild-raid/s104/,/guild-raid/s104/,false,true,12,1,1,false,false,true,false,false,true,false,false,false
Available export: 2026-07-14 to 2026-08-04 (22 days),2026-07-14,459408828.1782025286|1784050612,459408828.1782025286,1784050612,reddit,post,boss-meta,1784050930217884,https://terminusmaximus.com/replay-library/,,https://terminusmaximus.com/,terminusmaximus.com,/,/,false,true,7,1,1,false,false,true,false,false,false,false,false,false
Available export: 2026-07-14 to 2026-08-04 (22 days),2026-07-14,487460199.1784051700|1784051700,487460199.1784051700,1784051700,(direct),(none),(direct),1784051699567823,https://terminusmaximus.com/replay-library/,,,,,/guild-raid/boss-meta/,true,false,2,1,1,false,false,true,false,false,false,false,false,false
Available export: 2026-07-14 to 2026-08-04 (22 days),2026-07-14,495423252.1784074013|1784074012,495423252.1784074013,1784074012,reddit,post,s105,1784074012796645,https://terminusmaximus.com/replay-library/?utm_source=reddit&utm_medium=post&utm_campaign=s105,utm_source=reddit&utm_medium=post&utm_campaign=s105,https://www.reddit.com/,www.reddit.com,,,true,false,1,1,1,false,true,false,false,false,false,false,false,false
Available export: 2026-07-14 to 2026-08-04 (22 days),2026-07-14,506241053.1784051736|1784051735,506241053.1784051736,1784051735,reddit,post,s105,1784051735922406,https://terminusmaximus.com/replay-library/?utm_source=reddit&utm_medium=post&utm_campaign=s105,utm_source=reddit&utm_medium=post&utm_campaign=s105,https://www.reddit.com/,www.reddit.com,,,true,false,1,1,1,false,true,false,false,false,false,false,false,false
Available export: 2026-07-14 to 2026-08-04 (22 days),2026-07-14,537561536.1784031370|1784031369,537561536.1784031370,1784031369,reddit,post,s105,1784031380524170,https://terminusmaximus.com/replay-library/,,https://terminusmaximus.com/guild-raid/s105/?utm_source=reddit&utm_medium=post&utm_campaign=s105,terminusmaximus.com,/guild-raid/s105/,/,false,true,5,3,2,true,false,true,true,false,false,false,false,false
Available export: 2026-07-14 to 2026-08-04 (22 days),2026-07-14,543316261.1784036428|1784036427,543316261.1784036428,1784036427,reddit,post,s105,1784036428404308,https://terminusmaximus.com/replay-library/?utm_source=reddit&utm_medium=post&utm_campaign=s105,utm_source=reddit&utm_medium=post&utm_campaign=s105,https://www.reddit.com/,www.reddit.com,,/,true,false,3,1,1,false,false,true,false,false,false,false,false,false
Available export: 2026-07-14 to 2026-08-04 (22 days),2026-07-14,545849472.1784055494|1784055493,545849472.1784055494,1784055493,reddit,post,s105,1784055494587143,https://terminusmaximus.com/replay-library/?utm_source=reddit&utm_medium=post&utm_campaign=s105,utm_source=reddit&utm_medium=post&utm_campaign=s105,,,,,true,false,1,1,1,false,true,false,false,false,false,false,false,false
Available export: 2026-07-14 to 2026-08-04 (22 days),2026-07-14,574405935.1784031410|1784031409,574405935.1784031410,1784031409,reddit,post,s105,1784031409855914,https://terminusmaximus.com/replay-library/?utm_source=reddit&utm_medium=post&utm_campaign=s105,utm_source=reddit&utm_medium=post&utm_campaign=s105,,,,,true,false,1,1,1,false,true,false,false,false,false,false,false,false
Available export: 2026-07-14 to 2026-08-04 (22 days),2026-07-14,580327525.1784042943|1784042942,580327525.1784042943,1784042942,reddit,post,s105,1784042942707322,https://terminusmaximus.com/replay-library/?utm_source=reddit&utm_medium=post&utm_campaign=s105,utm_source=reddit&utm_medium=post&utm_campaign=s105,https://www.reddit.com/,www.reddit.com,,,true,false,1,1,1,false,true,false,false,false,false,false,false,false
Available export: 2026-07-14 to 2026-08-04 (22 days),2026-07-14,585271425.1784037398|1784037397,585271425.1784037398,1784037397,reddit,post,s105,1784037398145845,https://terminusmaximus.com/replay-library/?utm_source=reddit&utm_medium=post&utm_campaign=s105,utm_source=reddit&utm_medium=post&utm_campaign=s105,https://www.reddit.com/,www.reddit.com,,,true,false,1,1,1,false,true,false,false,false,false,false,false,false
Available export: 2026-07-14 to 2026-08-04 (22 days),2026-07-14,585271425.1784037398|1784055318,585271425.1784037398,1784055318,reddit,post,s105,1784055318687900,https://terminusmaximus.com/replay-library/?utm_source=reddit&utm_medium=post&utm_campaign=s105,utm_source=reddit&utm_medium=post&utm_campaign=s105,https://www.reddit.com/,www.reddit.com,,,true,false,1,1,1,false,true,false,false,false,false,false,false,false
Available export: 2026-07-14 to 2026-08-04 (22 days),2026-07-14,585271425.1784037398|1784058794,585271425.1784037398,1784058794,reddit,post,s105,1784058794487233,https://terminusmaximus.com/replay-library/?utm_source=reddit&utm_medium=post&utm_campaign=s105,utm_source=reddit&utm_medium=post&utm_campaign=s105,https://www.reddit.com/,www.reddit.com,,,true,false,1,1,1,false,true,false,false,false,false,false,false,false
Available export: 2026-07-14 to 2026-08-04 (22 days),2026-07-14,593467336.1784051765|1784051765,593467336.1784051765,1784051765,reddit,post,s105,1784051765173308,https://terminusmaximus.com/replay-library/?utm_source=reddit&utm_medium=post&utm_campaign=s105,utm_source=reddit&utm_medium=post&utm_campaign=s105,https://www.reddit.com/,www.reddit.com,,,true,false,1,1,1,false,true,false,false,false,false,false,false,false
Available export: 2026-07-14 to 2026-08-04 (22 days),2026-07-14,608731540.1784043540|1784056217,608731540.1784043540,1784056217,reddit,post,s105,1784057598363998,https://terminusmaximus.com/replay-library/,,https://terminusmaximus.com/lre/uthar/,terminusmaximus.com,/lre/uthar/,/elite-campaigns/,false,true,16,1,1,false,false,true,false,false,false,false,false,false
Available export: 2026-07-14 to 2026-08-04 (22 days),2026-07-14,628072320.1784033967|1784033966,628072320.1784033967,1784033966,reddit,post,s105,1784033967361406,https://terminusmaximus.com/replay-library/?utm_source=reddit&utm_medium=post&utm_campaign=s105,utm_source=reddit&utm_medium=post&utm_campaign=s105,,,,,true,false,1,1,1,false,true,false,false,false,false,false,false,false
Available export: 2026-07-14 to 2026-08-04 (22 days),2026-07-14,641004561.1783943314|1784024941,641004561.1783943314,1784024941,reddit,post,s105,1784024950507710,https://terminusmaximus.com/replay-library/,,https://terminusmaximus.com/guild-raid/s105/?utm_source=reddit&utm_medium=post&utm_campaign=s105,terminusmaximus.com,/guild-raid/s105/,/guild-raid/s105/,false,true,4,1,1,false,false,true,false,false,false,false,false,false
Available export: 2026-07-14 to 2026-08-04 (22 days),2026-07-14,649768767.1784032736|1784032736,649768767.1784032736,1784032736,reddit,post,s105,1784032736502229,https://terminusmaximus.com/replay-library/?utm_source=reddit&utm_medium=post&utm_campaign=s105,utm_source=reddit&utm_medium=post&utm_campaign=s105,,,,/hre/,true,false,8,1,1,false,false,true,false,false,true,false,false,false
Available export: 2026-07-14 to 2026-08-04 (22 days),2026-07-14,662022281.1783228762|1784023469,662022281.1783228762,1784023469,reddit,post,s105,1784023469532692,https://terminusmaximus.com/replay-library/,,https://terminusmaximus.com/,terminusmaximus.com,,,true,false,1,1,1,false,true,false,false,false,false,false,false,false
Available export: 2026-07-14 to 2026-08-04 (22 days),2026-07-14,662022281.1783228762|1784059801,662022281.1783228762,1784059801,reddit,post,s105,1784059801576359,https://terminusmaximus.com/replay-library/,,https://terminusmaximus.com/,terminusmaximus.com,,,true,false,1,1,1,false,true,false,false,false,false,false,false,false
Available export: 2026-07-14 to 2026-08-04 (22 days),2026-07-14,662022281.1783228762|1784095432,662022281.1783228762,1784095432,reddit,post,s105,1784095433057906,https://terminusmaximus.com/replay-library/,,https://terminusmaximus.com/,terminusmaximus.com,,,true,false,1,1,1,false,true,false,false,false,false,false,false,false
Available export: 2026-07-14 to 2026-08-04 (22 days),2026-07-14,677533815.1784054418|1784054417,677533815.1784054418,1784054417,reddit,post,s105,1784054417812178,https://terminusmaximus.com/replay-library/?utm_source=reddit&utm_medium=post&utm_campaign=s105,utm_source=reddit&utm_medium=post&utm_campaign=s105,https://www.reddit.com/,www.reddit.com,,,true,false,1,1,1,false,true,false,false,false,false,false,false,false
Available export: 2026-07-14 to 2026-08-04 (22 days),2026-07-14,678377700.1784028997|1784032044,678377700.1784028997,1784032044,(direct),(none),(direct),1784032044986726,https://terminusmaximus.com/replay-library/,,https://terminusmaximus.com/guild-raid/s105/,terminusmaximus.com,,,true,false,1,1,1,false,true,false,false,false,false,false,false,false
Available export: 2026-07-14 to 2026-08-04 (22 days),2026-07-14,680783471.1784029479|1784029479,680783471.1784029479,1784029479,reddit,post,s105,1784029479587246,https://terminusmaximus.com/replay-library/?utm_source=reddit&utm_medium=post&utm_campaign=s105,utm_source=reddit&utm_medium=post&utm_campaign=s105,android-app://com.reddit.frontpage/,com.reddit.frontpage,,,true,false,1,1,1,false,true,false,false,false,false,false,false,false
Available export: 2026-07-14 to 2026-08-04 (22 days),2026-07-14,680783471.1784029479|1784033684,680783471.1784029479,1784033684,reddit,post,s105,1784033685091721,https://terminusmaximus.com/replay-library/?utm_source=reddit&utm_medium=post&utm_campaign=s105,utm_source=reddit&utm_medium=post&utm_campaign=s105,android-app://com.reddit.frontpage/,com.reddit.frontpage,,,true,false,1,1,1,false,true,false,false,false,false,false,false,false
Available export: 2026-07-14 to 2026-08-04 (22 days),2026-07-14,707794402.1784038958|1784038957,707794402.1784038958,1784038957,reddit,post,s105,1784038958227596,https://terminusmaximus.com/replay-library/?utm_source=reddit&utm_medium=post&utm_campaign=s105,utm_source=reddit&utm_medium=post&utm_campaign=s105,,,,/guild-raid/s105/,true,false,2,1,1,false,false,true,false,false,false,false,false,false
Available export: 2026-07-14 to 2026-08-04 (22 days),2026-07-14,715198819.1784050277|1784050277,715198819.1784050277,1784050277,reddit,post,s105,1784050277221247,https://terminusmaximus.com/replay-library/?utm_source=reddit&utm_medium=post&utm_campaign=s105,utm_source=reddit&utm_medium=post&utm_campaign=s105,https://www.reddit.com/,www.reddit.com,,,true,false,1,1,1,false,true,false,false,false,false,false,false,false
Available export: 2026-07-14 to 2026-08-04 (22 days),2026-07-14,773241582.1784064197|1784064197,773241582.1784064197,1784064197,(direct),(none),(direct),1784064197305576,https://terminusmaximus.com/replay-library/,,,,,,true,false,1,1,1,false,true,false,false,false,false,false,false,false
Available export: 2026-07-14 to 2026-08-04 (22 days),2026-07-14,825552384.1780936128|1784020858,825552384.1780936128,1784020858,(direct),(none),(direct),1784021000137986,https://terminusmaximus.com/replay-library/,,https://terminusmaximus.com/,terminusmaximus.com,/guild-raid/s105/,/lre/lucius/,false,true,6,1,1,false,false,true,false,false,false,false,false,false
Available export: 2026-07-14 to 2026-08-04 (22 days),2026-07-14,84474621.1784035133|1784035133,84474621.1784035133,1784035133,reddit,post,s105,1784035227534611,https://terminusmaximus.com/replay-library/?utm_source=reddit&utm_medium=post&utm_campaign=s105,utm_source=reddit&utm_medium=post&utm_campaign=s105,https://www.reddit.com/,www.reddit.com,/guild-raid/s105/,,false,true,2,1,1,false,false,true,false,false,false,false,false,false
Available export: 2026-07-14 to 2026-08-04 (22 days),2026-07-14,856663162.1784031376|1784031375,856663162.1784031376,1784031375,(direct),(none),(direct),1784031375717148,https://terminusmaximus.com/replay-library/,,https://terminusmaximus.com/guild-raid/s105/?utm_source=reddit&utm_medium=post&utm_campaign=s105,terminusmaximus.com,,,true,false,1,1,1,false,true,false,false,false,false,false,false,false
Available export: 2026-07-14 to 2026-08-04 (22 days),2026-07-14,89940566.1784065864|1784065864,89940566.1784065864,1784065864,(direct),(none),(direct),1784065864354497,https://terminusmaximus.com/replay-library/,,,,,,true,false,1,1,1,false,true,false,false,false,false,false,false,false
Available export: 2026-07-14 to 2026-08-04 (22 days),2026-07-14,900338965.1784033198|1784033198,900338965.1784033198,1784033198,reddit,post,s105,1784033198522402,https://terminusmaximus.com/replay-library/?utm_source=reddit&utm_medium=post&utm_campaign=s105,utm_source=reddit&utm_medium=post&utm_campaign=s105,android-app://com.reddit.frontpage/,com.reddit.frontpage,,/guild-raid/s105/,true,false,2,1,1,false,false,true,false,false,false,false,false,false
Available export: 2026-07-14 to 2026-08-04 (22 days),2026-07-14,9698419.1784036545|1784036544,9698419.1784036545,1784036544,reddit,post,s105,1784036544914252,https://terminusmaximus.com/replay-library/?utm_source=reddit&utm_medium=post&utm_campaign=s105,utm_source=reddit&utm_medium=post&utm_campaign=s105,android-app://com.reddit.frontpage/,com.reddit.frontpage,,,true,false,1,1,1,false,true,false,false,false,false,false,false,false
Available export: 2026-07-14 to 2026-08-04 (22 days),2026-07-14,972443301.1782821205|1784048217,972443301.1782821205,1784048217,reddit,post,s105,1784048217245880,https://terminusmaximus.com/replay-library/?utm_source=reddit&utm_medium=post&utm_campaign=s105,utm_source=reddit&utm_medium=post&utm_campaign=s105,android-app://com.reddit.frontpage/,com.reddit.frontpage,,/replay-library/,true,false,2,2,1,false,false,true,true,false,false,false,false,false
Available export: 2026-07-14 to 2026-08-04 (22 days),2026-07-14,998824392.1784031662|1784031662,998824392.1784031662,1784031662,reddit,post,s105,1784031663461881,https://terminusmaximus.com/replay-library/?utm_source=reddit&utm_medium=post&utm_campaign=s105,utm_source=reddit&utm_medium=post&utm_campaign=s105,https://www.reddit.com/,www.reddit.com,,/lre/,true,false,4,1,1,false,false,true,false,false,false,false,false,false
Available export: 2026-07-14 to 2026-08-04 (22 days),2026-07-15,1094408177.1784126728|1784126727,1094408177.1784126728,1784126727,(direct),(none),(direct),1784126857059636,https://terminusmaximus.com/replay-library/,,https://terminusmaximus.com/,terminusmaximus.com,/lre/lucius/,/guild-raid/boss-meta/,false,true,5,2,2,true,false,true,true,false,false,false,false,false
Available export: 2026-07-14 to 2026-08-04 (22 days),2026-07-15,1094408177.1784126728|1784131601,1094408177.1784126728,1784131601,(direct),(none),(direct),1784131601901901,https://terminusmaximus.com/replay-library/,,https://terminusmaximus.com/,terminusmaximus.com,,,true,false,1,1,1,false,true,false,false,false,false,false,false,false
Available export: 2026-07-14 to 2026-08-04 (22 days),2026-07-15,1097360951.1784163936|1784163936,1097360951.1784163936,1784163936,reddit,post,s105,1784163936806882,https://terminusmaximus.com/replay-library/?utm_source=reddit&utm_medium=post&utm_campaign=s105,utm_source=reddit&utm_medium=post&utm_campaign=s105,android-app://com.reddit.frontpage/,com.reddit.frontpage,,,true,false,1,1,1,false,true,false,false,false,false,false,false,false
Available export: 2026-07-14 to 2026-08-04 (22 days),2026-07-15,1105373224.1784122438|1784122438,1105373224.1784122438,1784122438,reddit,post,s105,1784122436378692,https://terminusmaximus.com/replay-library/?utm_source=reddit&utm_medium=post&utm_campaign=s105,utm_source=reddit&utm_medium=post&utm_campaign=s105,,,,,true,false,1,1,1,false,true,false,false,false,false,false,false,false
Available export: 2026-07-14 to 2026-08-04 (22 days),2026-07-15,1122305543.1780944578|1784150644,1122305543.1780944578,1784150644,reddit,post,mow2026,1784150642477596,https://terminusmaximus.com/replay-library/,,,,,,true,false,1,1,1,false,true,false,false,false,false,false,false,false
Available export: 2026-07-14 to 2026-08-04 (22 days),2026-07-15,1122305543.1780944578|1784152953,1122305543.1780944578,1784152953,reddit,post,mow2026,1784152951857166,https://terminusmaximus.com/replay-library/,,,,,,true,false,1,1,1,false,true,false,false,false,false,false,false,false
Available export: 2026-07-14 to 2026-08-04 (22 days),2026-07-15,1122305543.1780944578|1784164366,1122305543.1780944578,1784164366,reddit,post,mow2026,1784164366461909,https://terminusmaximus.com/replay-library/,,,,,,true,false,1,1,1,false,true,false,false,false,false,false,false,false
Available export: 2026-07-14 to 2026-08-04 (22 days),2026-07-15,112562824.1783991168|1784107461,112562824.1783991168,1784107461,(direct),(none),(direct),1784107580794196,https://terminusmaximus.com/replay-library/,,https://terminusmaximus.com/,terminusmaximus.com,/,/,false,true,4,1,1,false,false,true,false,false,false,false,false,false
Available export: 2026-07-14 to 2026-08-04 (22 days),2026-07-15,1129932636.1784184948|1784184948,1129932636.1784184948,1784184948,google,organic,(organic),1784184953993110,https://terminusmaximus.com/replay-library/,,https://terminusmaximus.com/,terminusmaximus.com,/,,false,true,2,1,1,false,false,true,false,false,false,false,false,false
Available export: 2026-07-14 to 2026-08-04 (22 days),2026-07-15,1182746816.1784121078|1784121078,1182746816.1784121078,1784121078,reddit,post,s105,1784121078497667,https://terminusmaximus.com/replay-library/?utm_source=reddit&utm_medium=post&utm_campaign=s105,utm_source=reddit&utm_medium=post&utm_campaign=s105,https://www.reddit.com/,www.reddit.com,,/replay-library/,true,false,2,2,1,false,false,true,true,false,false,false,false,false
Available export: 2026-07-14 to 2026-08-04 (22 days),2026-07-15,1182746816.1784121078|1784169470,1182746816.1784121078,1784169470,reddit,post,s105,1784169470349248,https://terminusmaximus.com/replay-library/?utm_source=reddit&utm_medium=post&utm_campaign=s105,utm_source=reddit&utm_medium=post&utm_campaign=s105,,,,,true,false,1,1,1,false,true,false,false,false,false,false,false,false
Available export: 2026-07-14 to 2026-08-04 (22 days),2026-07-15,1219630744.1781221394|1784126479,1219630744.1781221394,1784126479,google,organic,(organic),1784126493714747,https://terminusmaximus.com/replay-library/,,https://terminusmaximus.com/guild-raid/,terminusmaximus.com,/guild-raid/,,false,true,3,1,1,false,false,true,false,false,false,false,false,false
Available export: 2026-07-14 to 2026-08-04 (22 days),2026-07-15,1219630744.1781221394|1784129367,1219630744.1781221394,1784129367,google,organic,(organic),1784129367389955,https://terminusmaximus.com/replay-library/,,https://terminusmaximus.com/guild-raid/,terminusmaximus.com,,/,true,false,6,3,3,true,false,true,true,false,false,false,false,false
Available export: 2026-07-14 to 2026-08-04 (22 days),2026-07-15,1219630744.1781221394|1784135340,1219630744.1781221394,1784135340,google,organic,(organic),1784135340400561,https://terminusmaximus.com/replay-library/,,https://terminusmaximus.com/,terminusmaximus.com,,,true,false,1,1,1,false,true,false,false,false,false,false,false,false
Available export: 2026-07-14 to 2026-08-04 (22 days),2026-07-15,1219630744.1781221394|1784154057,1219630744.1781221394,1784154057,google,organic,(organic),1784154106775794,https://terminusmaximus.com/replay-library/,,https://terminusmaximus.com/guild-raid/archive/,terminusmaximus.com,/guild-raid/archive/,,false,true,4,1,1,false,false,true,false,false,false,false,false,false
Available export: 2026-07-14 to 2026-08-04 (22 days),2026-07-15,1226819984.1784128159|1784128158,1226819984.1784128159,1784128158,(direct),(none),(direct),1784128166372691,https://terminusmaximus.com/replay-library/,,,,,,true,false,1,1,1,false,true,false,false,false,false,false,false,false
Available export: 2026-07-14 to 2026-08-04 (22 days),2026-07-15,1238896803.1784120183|1784120182,1238896803.1784120183,1784120182,(direct),(none),(direct),1784120187772687,https://terminusmaximus.com/replay-library/,,https://terminusmaximus.com/,terminusmaximus.com,/,/guild-raid/s105/,false,true,4,2,2,true,false,true,true,false,true,false,false,false
Available export: 2026-07-14 to 2026-08-04 (22 days),2026-07-15,1239062669.1784115864|1784115863,1239062669.1784115864,1784115863,reddit,post,s105,1784115864094892,https://terminusmaximus.com/replay-library/?utm_source=reddit&utm_medium=post&utm_campaign=s105,utm_source=reddit&utm_medium=post&utm_campaign=s105,https://www.reddit.com/,www.reddit.com,,,true,false,1,1,1,false,true,false,false,false,false,false,false,false
Available export: 2026-07-14 to 2026-08-04 (22 days),2026-07-15,1248073432.1784167777|1784167777,1248073432.1784167777,1784167777,reddit,post,s105,1784167777157178,https://terminusmaximus.com/replay-library/?utm_source=reddit&utm_medium=post&utm_campaign=s105,utm_source=reddit&utm_medium=post&utm_campaign=s105,https://www.reddit.com/,www.reddit.com,,,true,false,1,1,1,false,true,false,false,false,false,false,false,false
Available export: 2026-07-14 to 2026-08-04 (22 days),2026-07-15,1248298120.1784135033|1784135032,1248298120.1784135033,1784135032,reddit,post,s105,1784135033380346,https://terminusmaximus.com/replay-library/?utm_source=reddit&utm_medium=post&utm_campaign=s105,utm_source=reddit&utm_medium=post&utm_campaign=s105,https://www.reddit.com/,www.reddit.com,,/replay-library/,true,false,2,2,1,false,false,true,true,false,false,false,false,false
Available export: 2026-07-14 to 2026-08-04 (22 days),2026-07-15,1248298120.1784135033|1784139693,1248298120.1784135033,1784139693,reddit,post,s105,1784139694058712,https://terminusmaximus.com/replay-library/?utm_source=reddit&utm_medium=post&utm_campaign=s105,utm_source=reddit&utm_medium=post&utm_campaign=s105,,,,,true,false,1,1,1,false,true,false,false,false,false,false,false,false
Available export: 2026-07-14 to 2026-08-04 (22 days),2026-07-15,1275188175.1781809042|1784113749,1275188175.1781809042,1784113749,google,organic,(organic),1784113784958214,https://terminusmaximus.com/replay-library/,,https://terminusmaximus.com/,terminusmaximus.com,/,/replay-library/,false,true,3,2,1,false,false,true,true,false,false,false,false,false
Available export: 2026-07-14 to 2026-08-04 (22 days),2026-07-15,1275188175.1781809042|1784122949,1275188175.1781809042,1784122949,google,organic,(organic),1784122953156956,https://terminusmaximus.com/replay-library/,,https://terminusmaximus.com/,terminusmaximus.com,/,,false,true,2,1,1,false,false,true,false,false,false,false,false,false
Available export: 2026-07-14 to 2026-08-04 (22 days),2026-07-15,1275188175.1781809042|1784128607,1275188175.1781809042,1784128607,google,organic,(organic),1784128607891502,https://terminusmaximus.com/replay-library/,,https://terminusmaximus.com/,terminusmaximus.com,,,true,false,1,1,1,false,true,false,false,false,false,false,false,false
Available export: 2026-07-14 to 2026-08-04 (22 days),2026-07-15,1275188175.1781809042|1784148085,1275188175.1781809042,1784148085,google,organic,(organic),1784148095878996,https://terminusmaximus.com/replay-library/,,https://terminusmaximus.com/,terminusmaximus.com,/,,false,true,2,1,1,false,false,true,false,false,false,false,false,false
Available export: 2026-07-14 to 2026-08-04 (22 days),2026-07-15,1275188175.1781809042|1784151199,1275188175.1781809042,1784151199,google,organic,(organic),1784151199663224,https://terminusmaximus.com/replay-library/,,https://terminusmaximus.com/,terminusmaximus.com,,/replay-library/,true,false,2,2,1,false,false,true,true,false,false,false,false,false
Available export: 2026-07-14 to 2026-08-04 (22 days),2026-07-15,1275188175.1781809042|1784154374,1275188175.1781809042,1784154374,google,organic,(organic),1784154374915727,https://terminusmaximus.com/replay-library/,,https://terminusmaximus.com/,terminusmaximus.com,,,true,false,1,1,1,false,true,false,false,false,false,false,false,false
Available export: 2026-07-14 to 2026-08-04 (22 days),2026-07-15,1276739049.1784140936|1784140936,1276739049.1784140936,1784140936,reddit,post,s105,1784140936285640,https://terminusmaximus.com/replay-library/?utm_source=reddit&utm_medium=post&utm_campaign=s105,utm_source=reddit&utm_medium=post&utm_campaign=s105,,,,,true,false,1,1,1,false,true,false,false,false,false,false,false,false
Available export: 2026-07-14 to 2026-08-04 (22 days),2026-07-15,1278661498.1784110445|1784110444,1278661498.1784110445,1784110444,(direct),(none),(direct),1784110445294401,https://terminusmaximus.com/replay-library/,,,,,/guild-raid/s105/,true,false,3,1,1,false,false,true,false,false,false,false,false,false
Available export: 2026-07-14 to 2026-08-04 (22 days),2026-07-15,1288134562.1784135176|1784135176,1288134562.1784135176,1784135176,reddit,post,s105,1784135176515064,https://terminusmaximus.com/replay-library/?utm_source=reddit&utm_medium=post&utm_campaign=s105,utm_source=reddit&utm_medium=post&utm_campaign=s105,https://www.reddit.com/,www.reddit.com,,,true,false,1,1,1,false,true,false,false,false,false,false,false,false
Available export: 2026-07-14 to 2026-08-04 (22 days),2026-07-15,1313759015.1784151570|1784151570,1313759015.1784151570,1784151570,reddit,post,s105,1784151570525197,https://terminusmaximus.com/replay-library/?utm_source=reddit&utm_medium=post&utm_campaign=s105,utm_source=reddit&utm_medium=post&utm_campaign=s105,,,,,true,false,1,1,1,false,true,false,false,false,false,false,false,false
Available export: 2026-07-14 to 2026-08-04 (22 days),2026-07-15,1314257717.1784141494|1784141493,1314257717.1784141494,1784141493,(direct),(none),(direct),1784141494121495,https://terminusmaximus.com/replay-library/,,,,,,true,false,1,1,1,false,true,false,false,false,false,false,false,false
Available export: 2026-07-14 to 2026-08-04 (22 days),2026-07-15,1318915635.1784155423|1784155422,1318915635.1784155423,1784155422,(direct),(none),(direct),1784155422654797,https://terminusmaximus.com/replay-library/?hl=en-AU,hl=en-AU,,,,/replay-library/,true,false,2,2,1,false,false,true,true,false,false,false,false,false
Available export: 2026-07-14 to 2026-08-04 (22 days),2026-07-15,1318915635.1784155423|1784158787,1318915635.1784155423,1784158787,(direct),(none),(direct),1784158787136037,https://terminusmaximus.com/replay-library/?hl=en-AU,hl=en-AU,,,,,true,false,1,1,1,false,true,false,false,false,false,false,false,false
Available export: 2026-07-14 to 2026-08-04 (22 days),2026-07-15,132265387.1784101380|1784101380,132265387.1784101380,1784101380,reddit,post,s105,1784101380508984,https://terminusmaximus.com/replay-library/?utm_source=reddit&utm_medium=post&utm_campaign=s105,utm_source=reddit&utm_medium=post&utm_campaign=s105,https://www.reddit.com/,www.reddit.com,,,true,false,1,1,1,false,true,false,false,false,false,false,false,false
Available export: 2026-07-14 to 2026-08-04 (22 days),2026-07-15,1349412272.1784111367|1784111366,1349412272.1784111367,1784111366,(direct),(none),(direct),1784111367299323,https://terminusmaximus.com/replay-library/,,,,,,true,false,1,1,1,false,true,false,false,false,false,false,false,false
Available export: 2026-07-14 to 2026-08-04 (22 days),2026-07-15,1355443293.1784128766|1784128766,1355443293.1784128766,1784128766,(direct),(none),(direct),1784128834254905,https://terminusmaximus.com/replay-library/?utm_source=reddit&utm_medium=post&utm_campaign=s105,utm_source=reddit&utm_medium=post&utm_campaign=s105,,,/,,false,true,3,1,1,false,false,true,false,false,false,false,false,false
Available export: 2026-07-14 to 2026-08-04 (22 days),2026-07-15,1355443293.1784128766|1784148186,1355443293.1784128766,1784148186,reddit,post,s105,1784148186722085,https://terminusmaximus.com/replay-library/?utm_source=reddit&utm_medium=post&utm_campaign=s105,utm_source=reddit&utm_medium=post&utm_campaign=s105,,,,,true,false,1,1,1,false,true,false,false,false,false,false,false,false
Available export: 2026-07-14 to 2026-08-04 (22 days),2026-07-15,1368853686.1784168214|1784168213,1368853686.1784168214,1784168213,google,organic,(organic),1784168213602429,https://terminusmaximus.com/replay-library/,,https://www.google.com/,www.google.com,,,true,false,1,1,1,false,true,false,false,false,false,false,false,false
Available export: 2026-07-14 to 2026-08-04 (22 days),2026-07-15,1480683182.1784157351|1784157351,1480683182.1784157351,1784157351,(direct),(none),(direct),1784157350708131,https://terminusmaximus.com/replay-library/,,,,,,true,false,1,1,1,false,true,false,false,false,false,false,false,false
Available export: 2026-07-14 to 2026-08-04 (22 days),2026-07-15,148471869.1783129415|1784155508,148471869.1783129415,1784155508,(direct),(none),(direct),1784155508633889,https://terminusmaximus.com/replay-library/,,,,,,true,false,1,1,1,false,true,false,false,false,false,false,false,false
Available export: 2026-07-14 to 2026-08-04 (22 days),2026-07-15,1499355150.1784120769|1784120769,1499355150.1784120769,1784120769,google,organic,(organic),1784121226543366,https://terminusmaximus.com/replay-library/,,https://terminusmaximus.com/,terminusmaximus.com,/,,false,true,6,1,1,false,false,true,false,false,false,false,false,false
Available export: 2026-07-14 to 2026-08-04 (22 days),2026-07-15,1546444377.1784115290|1784115290,1546444377.1784115290,1784115290,(direct),(none),(direct),1784115345495006,https://terminusmaximus.com/replay-library/,,https://terminusmaximus.com/,terminusmaximus.com,/,/replay-library/,false,true,5,2,1,false,false,true,true,false,false,false,false,false
Available export: 2026-07-14 to 2026-08-04 (22 days),2026-07-15,1553674327.1784034083|1784120656,1553674327.1784034083,1784120656,(direct),(none),(direct),1784120866751552,https://terminusmaximus.com/replay-library/,,https://terminusmaximus.com/guild-raid/s105/,terminusmaximus.com,/guild-raid/s105/,/,false,true,5,1,1,false,false,true,false,false,false,false,false,false
Available export: 2026-07-14 to 2026-08-04 (22 days),2026-07-15,1636072541.1784152327|1784152327,1636072541.1784152327,1784152327,(direct),(none),(direct),1784152411771515,https://terminusmaximus.com/replay-library/,,https://terminusmaximus.com/guild-raid/boss-meta/,terminusmaximus.com,/guild-raid/boss-meta/,/,false,true,5,1,1,false,false,true,false,false,true,false,false,false
Available export: 2026-07-14 to 2026-08-04 (22 days),2026-07-15,1650339265.1782628913|1784157988,1650339265.1782628913,1784157988,bing,organic,(organic),1784157851071252,https://terminusmaximus.com/replay-library/,,,,,,true,false,1,1,1,false,true,false,false,false,false,false,false,false
Available export: 2026-07-14 to 2026-08-04 (22 days),2026-07-15,1650339265.1782628913|1784180190,1650339265.1782628913,1784180190,bing,organic,(organic),1784180052967281,https://terminusmaximus.com/replay-library/,,,,,,true,false,1,1,1,false,true,false,false,false,false,false,false,false
Available export: 2026-07-14 to 2026-08-04 (22 days),2026-07-15,166244069.1783747925|1784123511,166244069.1783747925,1784123511,(direct),(none),(direct),1784123511482113,https://terminusmaximus.com/replay-library/,,,,,,true,false,1,1,1,false,true,false,false,false,false,false,false,false
Available export: 2026-07-14 to 2026-08-04 (22 days),2026-07-15,166244069.1783747925|1784126743,166244069.1783747925,1784126743,(direct),(none),(direct),1784126743084169,https://terminusmaximus.com/replay-library/,,,,,/replay-library/,true,false,2,2,1,false,false,true,true,false,false,false,false,false
Available export: 2026-07-14 to 2026-08-04 (22 days),2026-07-15,166244069.1783747925|1784143691,166244069.1783747925,1784143691,(direct),(none),(direct),1784143691938168,https://terminusmaximus.com/replay-library/,,,,,/replay-library/,true,false,2,2,1,false,false,true,true,false,false,false,false,false
Available export: 2026-07-14 to 2026-08-04 (22 days),2026-07-15,1686941151.1780695444|1784141497,1686941151.1780695444,1784141497,(direct),(none),(direct),1784141497505749,https://terminusmaximus.com/replay-library/,,,,,,true,false,1,1,1,false,true,false,false,false,false,false,false,false
Available export: 2026-07-14 to 2026-08-04 (22 days),2026-07-15,1686941151.1780695444|1784166486,1686941151.1780695444,1784166486,(direct),(none),(direct),1784166486809154,https://terminusmaximus.com/replay-library/,,,,,,true,false,1,1,1,false,true,false,false,false,false,false,false,false
Available export: 2026-07-14 to 2026-08-04 (22 days),2026-07-15,1691462666.1784115627|1784115627,1691462666.1784115627,1784115627,(direct),(none),(direct),1784115627559967,https://terminusmaximus.com/replay-library/,,,,,,true,false,1,1,1,false,true,false,false,false,false,false,false,false
Available export: 2026-07-14 to 2026-08-04 (22 days),2026-07-15,1750145351.1780773652|1784149924,1750145351.1780773652,1784149924,duckduckgo,organic,(organic),1784149941570636,https://terminusmaximus.com/replay-library/,,https://terminusmaximus.com/,terminusmaximus.com,/,,false,true,2,1,1,false,false,true,false,false,false,false,false,false
Available export: 2026-07-14 to 2026-08-04 (22 days),2026-07-15,1767664512.1784079686|1784118021,1767664512.1784079686,1784118021,(direct),(none),(direct),1784118027509750,https://terminusmaximus.com/replay-library/,,,,,,true,false,1,1,1,false,true,false,false,false,false,false,false,false
Available export: 2026-07-14 to 2026-08-04 (22 days),2026-07-15,1767664512.1784079686|1784165053,1767664512.1784079686,1784165053,(direct),(none),(direct),1784165054624674,https://terminusmaximus.com/replay-library/,,,,,,true,false,1,1,1,false,true,false,false,false,false,false,false,false
Available export: 2026-07-14 to 2026-08-04 (22 days),2026-07-15,1776884398.1783490794|1784166453,1776884398.1783490794,1784166453,reddit,post,s105,1784166454104207,https://terminusmaximus.com/replay-library/,,https://terminusmaximus.com/guild-raid/s105/?utm_source=reddit&utm_medium=post&utm_campaign=s105,terminusmaximus.com,,/replay-library/,true,false,2,2,1,false,false,true,true,false,false,false,false,false
Available export: 2026-07-14 to 2026-08-04 (22 days),2026-07-15,1776884398.1783490794|1784171326,1776884398.1783490794,1784171326,reddit,post,s105,1784171326971354,https://terminusmaximus.com/replay-library/,,https://terminusmaximus.com/guild-raid/s105/?utm_source=reddit&utm_medium=post&utm_campaign=s105,terminusmaximus.com,,,true,false,1,1,1,false,true,false,false,false,false,false,false,false
Available export: 2026-07-14 to 2026-08-04 (22 days),2026-07-15,1776884398.1783490794|1784175059,1776884398.1783490794,1784175059,reddit,post,s105,1784175059637243,https://terminusmaximus.com/replay-library/,,https://terminusmaximus.com/guild-raid/s105/?utm_source=reddit&utm_medium=post&utm_campaign=s105,terminusmaximus.com,,,true,false,1,1,1,false,true,false,false,false,false,false,false,false
Available export: 2026-07-14 to 2026-08-04 (22 days),2026-07-15,1776884398.1783490794|1784178450,1776884398.1783490794,1784178450,reddit,post,s105,1784178451144060,https://terminusmaximus.com/replay-library/,,https://terminusmaximus.com/guild-raid/s105/?utm_source=reddit&utm_medium=post&utm_campaign=s105,terminusmaximus.com,,,true,false,1,1,1,false,true,false,false,false,false,false,false,false
Available export: 2026-07-14 to 2026-08-04 (22 days),2026-07-15,1781009526.1784122753|1784122752,1781009526.1784122753,1784122752,reddit,post,s105,1784122752993870,https://terminusmaximus.com/replay-library/?utm_source=reddit&utm_medium=post&utm_campaign=s105,utm_source=reddit&utm_medium=post&utm_campaign=s105,,,,,true,false,1,1,1,false,true,false,false,false,false,false,false,false
Available export: 2026-07-14 to 2026-08-04 (22 days),2026-07-15,1784678737.1784129889|1784129889,1784678737.1784129889,1784129889,reddit,post,s105,1784129911019855,https://terminusmaximus.com/replay-library/,,https://terminusmaximus.com/guild-raid/s105/?utm_source=reddit&utm_medium=post&utm_campaign=s105,terminusmaximus.com,/guild-raid/s105/,/,false,true,11,1,1,false,false,true,false,false,true,false,false,false
Available export: 2026-07-14 to 2026-08-04 (22 days),2026-07-15,1784678737.1784129889|1784141373,1784678737.1784129889,1784141373,reddit,post,s105,1784141461811049,https://terminusmaximus.com/replay-library/,,https://terminusmaximus.com/guild-raid/boss-meta/,terminusmaximus.com,/guild-raid/boss-meta/,,false,true,2,1,1,false,false,true,false,false,false,false,false,false
Available export: 2026-07-14 to 2026-08-04 (22 days),2026-07-15,1784678737.1784129889|1784144032,1784678737.1784129889,1784144032,reddit,post,s105,1784144032891032,https://terminusmaximus.com/replay-library/,,https://terminusmaximus.com/guild-raid/boss-meta/,terminusmaximus.com,,,true,false,1,1,1,false,true,false,false,false,false,false,false,false
Available export: 2026-07-14 to 2026-08-04 (22 days),2026-07-15,1784678737.1784129889|1784179291,1784678737.1784129889,1784179291,reddit,post,s105,1784179291673695,https://terminusmaximus.com/replay-library/,,https://terminusmaximus.com/guild-raid/boss-meta/,terminusmaximus.com,,,true,false,1,1,1,false,true,false,false,false,false,false,false,false
Available export: 2026-07-14 to 2026-08-04 (22 days),2026-07-15,1795102130.1784117595|1784117594,1795102130.1784117595,1784117594,(direct),(none),(direct),1784117594363709,https://terminusmaximus.com/replay-library/,,,,,,true,false,1,1,1,false,true,false,false,false,false,false,false,false
Available export: 2026-07-14 to 2026-08-04 (22 days),2026-07-15,1814383594.1784183381|1784183380,1814383594.1784183381,1784183380,google,organic,(organic),1784183403767929,https://terminusmaximus.com/replay-library/,,https://terminusmaximus.com/guild-raid/s105/,terminusmaximus.com,/guild-raid/s105/,,false,true,4,1,1,false,false,true,false,false,false,false,false,false
Available export: 2026-07-14 to 2026-08-04 (22 days),2026-07-15,1823047730.1784152816|1784152816,1823047730.1784152816,1784152816,google,organic,(organic),1784152823732151,https://terminusmaximus.com/replay-library/,,https://terminusmaximus.com/guild-raid/,terminusmaximus.com,/guild-raid/,,false,true,3,1,1,false,false,true,false,false,false,false,false,false
Available export: 2026-07-14 to 2026-08-04 (22 days),2026-07-15,1826243708.1783782513|1784125675,1826243708.1783782513,1784125675,google,organic,(organic),1784125678746105,https://terminusmaximus.com/replay-library/,,https://terminusmaximus.com/,terminusmaximus.com,/,,false,true,2,1,1,false,false,true,false,false,false,false,false,false
Available export: 2026-07-14 to 2026-08-04 (22 days),2026-07-15,1826243708.1783782513|1784155265,1826243708.1783782513,1784155265,google,organic,(organic),1784155265635800,https://terminusmaximus.com/replay-library/,,https://terminusmaximus.com/,terminusmaximus.com,,,true,false,1,1,1,false,true,false,false,false,false,false,false,false
Available export: 2026-07-14 to 2026-08-04 (22 days),2026-07-15,1834816715.1784168211|1784168210,1834816715.1784168211,1784168210,(direct),(none),(direct),1784168210656568,https://terminusmaximus.com/replay-library/,,,,,,true,false,1,1,1,false,true,false,false,false,false,false,false,false
Available export: 2026-07-14 to 2026-08-04 (22 days),2026-07-15,1836972843.1783782113|1784127822,1836972843.1783782113,1784127822,google,organic,(organic),1784127856776445,https://terminusmaximus.com/replay-library/,,https://terminusmaximus.com/guild-raid/s105/,terminusmaximus.com,/guild-raid/s105/,/replay-library/,false,true,4,3,1,false,false,true,true,false,true,false,false,false
Available export: 2026-07-14 to 2026-08-04 (22 days),2026-07-15,1839425368.1784128734|1784128733,1839425368.1784128734,1784128733,reddit,post,s105,1784128733999408,https://terminusmaximus.com/replay-library/?utm_source=reddit&utm_medium=post&utm_campaign=s105,utm_source=reddit&utm_medium=post&utm_campaign=s105,https://www.reddit.com/,www.reddit.com,,,true,false,1,1,1,false,true,false,false,false,false,false,false,false
Available export: 2026-07-14 to 2026-08-04 (22 days),2026-07-15,1839425368.1784128734|1784137564,1839425368.1784128734,1784137564,reddit,post,s105,1784137564617751,https://terminusmaximus.com/replay-library/?utm_source=reddit&utm_medium=post&utm_campaign=s105,utm_source=reddit&utm_medium=post&utm_campaign=s105,https://www.reddit.com/,www.reddit.com,,,true,false,1,1,1,false,true,false,false,false,false,false,false,false
Available export: 2026-07-14 to 2026-08-04 (22 days),2026-07-15,1855232053.1784116231|1784116231,1855232053.1784116231,1784116231,reddit,post,s105,1784116844762890,https://terminusmaximus.com/replay-library/,,https://terminusmaximus.com/guild-raid/s105/?utm_source=reddit&utm_medium=post&utm_campaign=s105,terminusmaximus.com,/guild-raid/s105/,,false,true,2,1,1,false,false,true,false,false,false,false,false,false
Available export: 2026-07-14 to 2026-08-04 (22 days),2026-07-15,1858047959.1784030123|1784119170,1858047959.1784030123,1784119170,reddit,post,s105,1784119171253565,https://terminusmaximus.com/replay-library/?utm_source=reddit&utm_medium=post&utm_campaign=s105,utm_source=reddit&utm_medium=post&utm_campaign=s105,,,,,true,false,1,1,1,false,true,false,false,false,false,false,false,false
Available export: 2026-07-14 to 2026-08-04 (22 days),2026-07-15,1875255514.1783113816|1784129658,1875255514.1783113816,1784129658,(direct),(none),(direct),1784129658835066,https://terminusmaximus.com/replay-library/,,https://terminusmaximus.com/,terminusmaximus.com,,,true,false,1,1,1,false,true,false,false,false,false,false,false,false
Available export: 2026-07-14 to 2026-08-04 (22 days),2026-07-15,1878012651.1784016573|1784147937,1878012651.1784016573,1784147937,google,organic,(organic),1784147947967608,https://terminusmaximus.com/replay-library/,,https://terminusmaximus.com/guild-raid/s105/,terminusmaximus.com,/guild-raid/s105/,,false,true,2,1,1,false,false,true,false,false,false,false,false,false
Available export: 2026-07-14 to 2026-08-04 (22 days),2026-07-15,190922776.1780682759|1784127124,190922776.1780682759,1784127124,reddit,post,s105,1784127123182109,https://terminusmaximus.com/replay-library/,,,,,,true,false,1,1,1,false,true,false,false,false,false,false,false,false
Available export: 2026-07-14 to 2026-08-04 (22 days),2026-07-15,190922776.1780682759|1784134201,190922776.1780682759,1784134201,reddit,post,s105,1784134652762461,https://terminusmaximus.com/replay-library/,,,,,,true,false,1,1,1,false,true,false,false,false,false,false,false,false
Available export: 2026-07-14 to 2026-08-04 (22 days),2026-07-15,1927460618.1784179391|1784179390,1927460618.1784179391,1784179390,(direct),(none),(direct),1784179391289166,https://terminusmaximus.com/replay-library/,,,,,,true,false,1,1,1,false,true,false,false,false,false,false,false,false
Available export: 2026-07-14 to 2026-08-04 (22 days),2026-07-15,1964047965.1784145880|1784145880,1964047965.1784145880,1784145880,(direct),(none),(direct),1784145880479666,https://terminusmaximus.com/replay-library/,,,,,,true,false,1,1,1,false,true,false,false,false,false,false,false,false
Available export: 2026-07-14 to 2026-08-04 (22 days),2026-07-15,2022568625.1784105180|1784105180,2022568625.1784105180,1784105180,reddit,post,s105,1784105180385776,https://terminusmaximus.com/replay-library/?utm_source=reddit&utm_medium=post&utm_campaign=s105,utm_source=reddit&utm_medium=post&utm_campaign=s105,https://www.reddit.com/,www.reddit.com,,/guild-raid/archive/,true,false,3,1,1,false,false,true,false,false,false,false,false,false
Available export: 2026-07-14 to 2026-08-04 (22 days),2026-07-15,2048930907.1784126190|1784126189,2048930907.1784126190,1784126189,google,organic,(organic),1784126266920766,https://terminusmaximus.com/replay-library/,,https://terminusmaximus.com/guild-raid/s105/,terminusmaximus.com,/guild-raid/s105/,,false,true,4,1,1,false,false,true,false,false,true,false,false,false
Available export: 2026-07-14 to 2026-08-04 (22 days),2026-07-15,2048930907.1784126190|1784130312,2048930907.1784126190,1784130312,google,organic,(organic),1784130317285305,https://terminusmaximus.com/replay-library/,,https://terminusmaximus.com/guild-raid/s105/,terminusmaximus.com,,/guild-raid/,true,false,4,1,1,false,false,true,false,false,false,false,false,false
Available export: 2026-07-14 to 2026-08-04 (22 days),2026-07-15,2048930907.1784126190|1784137843,2048930907.1784126190,1784137843,google,organic,(organic),1784137866072602,https://terminusmaximus.com/replay-library/,,https://terminusmaximus.com/guild-raid/,terminusmaximus.com,/guild-raid/,,false,true,3,1,1,false,false,true,false,false,false,false,false,false
Available export: 2026-07-14 to 2026-08-04 (22 days),2026-07-15,2111859797.1784029962|1784116940,2111859797.1784029962,1784116940,reddit,post,s105,1784116941058195,https://terminusmaximus.com/replay-library/?utm_source=reddit&utm_medium=post&utm_campaign=s105,utm_source=reddit&utm_medium=post&utm_campaign=s105,,,,/,true,false,2,1,1,false,false,true,false,false,false,false,false,false
Available export: 2026-07-14 to 2026-08-04 (22 days),2026-07-15,216675988.1780652630|1784150701,216675988.1780652630,1784150701,reddit,post,s105,1784150736659844,https://terminusmaximus.com/replay-library/,,https://terminusmaximus.com/,terminusmaximus.com,/,,false,true,2,1,1,false,false,true,false,false,false,false,false,false
Available export: 2026-07-14 to 2026-08-04 (22 days),2026-07-15,225701923.1783836780|1784181555,225701923.1783836780,1784181555,google,organic,(organic),1784181573895680,https://terminusmaximus.com/replay-library/,,https://terminusmaximus.com/,terminusmaximus.com,/,,false,true,2,1,1,false,false,true,false,false,false,false,false,false
Available export: 2026-07-14 to 2026-08-04 (22 days),2026-07-15,229936935.1784156948|1784156948,229936935.1784156948,1784156948,(direct),(none),(direct),1784156948635209,https://terminusmaximus.com/replay-library/,,,,,,true,false,1,1,1,false,true,false,false,false,false,false,false,false
Available export: 2026-07-14 to 2026-08-04 (22 days),2026-07-15,256841719.1784099075|1784099074,256841719.1784099075,1784099074,reddit,post,s105,1784099075483103,https://terminusmaximus.com/replay-library/?utm_source=reddit&utm_medium=post&utm_campaign=s105,utm_source=reddit&utm_medium=post&utm_campaign=s105,android-app://com.reddit.frontpage/,com.reddit.frontpage,,,true,false,1,1,1,false,true,false,false,false,false,false,false,false
Available export: 2026-07-14 to 2026-08-04 (22 days),2026-07-15,258595411.1780686334|1784141303,258595411.1780686334,1784141303,(direct),(none),(direct),1784141303764076,https://terminusmaximus.com/replay-library/,,,,,,true,false,1,1,1,false,true,false,false,false,false,false,false,false
Available export: 2026-07-14 to 2026-08-04 (22 days),2026-07-15,260123427.1783634908|1784153553,260123427.1783634908,1784153553,google,organic,(organic),1784153559029137,https://terminusmaximus.com/replay-library/,,https://terminusmaximus.com/,terminusmaximus.com,/,,false,true,2,1,1,false,false,true,false,false,false,false,false,false
Available export: 2026-07-14 to 2026-08-04 (22 days),2026-07-15,280571639.1784119840|1784119839,280571639.1784119840,1784119839,reddit,post,s105,1784119839941679,https://terminusmaximus.com/replay-library/?utm_source=reddit&utm_medium=post&utm_campaign=s105,utm_source=reddit&utm_medium=post&utm_campaign=s105,https://www.reddit.com/,www.reddit.com,,,true,false,1,1,1,false,true,false,false,false,false,false,false,false
Available export: 2026-07-14 to 2026-08-04 (22 days),2026-07-15,306924990.1784118014|1784118014,306924990.1784118014,1784118014,google,organic,(organic),1784118108893576,https://terminusmaximus.com/replay-library/,,https://terminusmaximus.com/guild-raid/s105/,terminusmaximus.com,/guild-raid/s105/,,false,true,3,1,1,false,false,true,false,false,false,false,false,false
Available export: 2026-07-14 to 2026-08-04 (22 days),2026-07-15,307407658.1784136035|1784136034,307407658.1784136035,1784136034,reddit,post,s105,1784136035109116,https://terminusmaximus.com/replay-library/?utm_source=reddit&utm_medium=post&utm_campaign=s105,utm_source=reddit&utm_medium=post&utm_campaign=s105,https://www.reddit.com/,www.reddit.com,,,true,false,1,1,1,false,true,false,false,false,false,false,false,false
Available export: 2026-07-14 to 2026-08-04 (22 days),2026-07-15,307594868.1784119788|1784119787,307594868.1784119788,1784119787,bing,organic,(organic),1784120364845726,https://terminusmaximus.com/replay-library/,,https://terminusmaximus.com/guild-raid/s105/,terminusmaximus.com,/guild-raid/s105/,,false,true,5,1,1,false,false,true,false,false,false,false,false,false
Available export: 2026-07-14 to 2026-08-04 (22 days),2026-07-15,333484379.1783060733|1784153134,333484379.1783060733,1784153134,reddit,post,s105,1784153134544503,https://terminusmaximus.com/replay-library/?utm_source=reddit&utm_medium=post&utm_campaign=s105,utm_source=reddit&utm_medium=post&utm_campaign=s105,,,,,true,false,1,1,1,false,true,false,false,false,false,false,false,false
Available export: 2026-07-14 to 2026-08-04 (22 days),2026-07-15,335658267.1784151843|1784151843,335658267.1784151843,1784151843,reddit,post,s105,1784151873624240,https://terminusmaximus.com/replay-library/,,https://terminusmaximus.com/guild-raid/s105/?utm_source=reddit&utm_medium=post&utm_campaign=s105,terminusmaximus.com,/guild-raid/s105/,/guild-raid/s105/,false,true,3,1,1,false,false,true,false,false,false,false,false,false
Available export: 2026-07-14 to 2026-08-04 (22 days),2026-07-15,347087754.1784047690|1784131459,347087754.1784047690,1784131459,(direct),(none),(direct),1784131460086980,https://terminusmaximus.com/replay-library/,,,,,,true,false,1,1,1,false,true,false,false,false,false,false,false,false
Available export: 2026-07-14 to 2026-08-04 (22 days),2026-07-15,347087754.1784047690|1784141305,347087754.1784047690,1784141305,(direct),(none),(direct),1784141314090874,https://terminusmaximus.com/replay-library/,,https://terminusmaximus.com/,terminusmaximus.com,/,,false,true,2,1,1,false,false,true,false,false,false,false,false,false
Available export: 2026-07-14 to 2026-08-04 (22 days),2026-07-15,347087754.1784047690|1784149403,347087754.1784047690,1784149403,(direct),(none),(direct),1784149405249853,https://terminusmaximus.com/replay-library/,,https://terminusmaximus.com/,terminusmaximus.com,,,true,false,1,1,1,false,true,false,false,false,false,false,false,false
Available export: 2026-07-14 to 2026-08-04 (22 days),2026-07-15,358104574.1783112329|1784119819,358104574.1783112329,1784119819,(direct),(none),(direct),1784119820386768,https://terminusmaximus.com/replay-library/,,,,,,true,false,1,1,1,false,true,false,false,false,false,false,false,false
Available export: 2026-07-14 to 2026-08-04 (22 days),2026-07-15,437609154.1784144174|1784144173,437609154.1784144174,1784144173,reddit,post,s105,1784144307687142,https://terminusmaximus.com/replay-library/,,https://terminusmaximus.com/guild-raid/s105/?utm_source=reddit&utm_medium=post&utm_campaign=s105,terminusmaximus.com,/guild-raid/s105/,,false,true,3,1,1,false,false,true,false,false,false,false,false,false
Available export: 2026-07-14 to 2026-08-04 (22 days),2026-07-15,450478560.1780479950|1784150485,450478560.1780479950,1784150485,reddit,post,s105,1784150485584936,https://terminusmaximus.com/replay-library/?utm_source=reddit&utm_medium=post&utm_campaign=s105,utm_source=reddit&utm_medium=post&utm_campaign=s105,,,,,true,false,1,1,1,false,true,false,false,false,false,false,false,false
Available export: 2026-07-14 to 2026-08-04 (22 days),2026-07-15,450478560.1780479950|1784180927,450478560.1780479950,1784180927,reddit,post,s105,1784180927530255,https://terminusmaximus.com/replay-library/?utm_source=reddit&utm_medium=post&utm_campaign=s105,utm_source=reddit&utm_medium=post&utm_campaign=s105,,,,/guild-raid/s105/,true,false,3,1,1,false,false,true,false,false,false,false,false,false
Available export: 2026-07-14 to 2026-08-04 (22 days),2026-07-15,460679653.1782889703|1784131966,460679653.1782889703,1784131966,(direct),(none),(direct),1784132005153707,https://terminusmaximus.com/replay-library/,,https://terminusmaximus.com/guild-raid/s105/,terminusmaximus.com,/guild-raid/s105/,/guild-raid/s105/,false,true,4,1,1,false,false,true,false,false,true,false,false,false
Available export: 2026-07-14 to 2026-08-04 (22 days),2026-07-15,469413778.1784152558|1784152558,469413778.1784152558,1784152558,google,organic,(organic),1784152599831352,https://terminusmaximus.com/replay-library/,,https://terminusmaximus.com/guild-raid/s105/,terminusmaximus.com,/guild-raid/s105/,,false,true,3,1,1,false,false,true,false,false,true,false,false,false
Available export: 2026-07-14 to 2026-08-04 (22 days),2026-07-15,469413778.1784152558|1784158326,469413778.1784152558,1784158326,google,organic,(organic),1784158326835984,https://terminusmaximus.com/replay-library/,,https://terminusmaximus.com/guild-raid/s105/,terminusmaximus.com,,,true,false,1,1,1,false,true,false,false,false,false,false,false,false
Available export: 2026-07-14 to 2026-08-04 (22 days),2026-07-15,49590535.1784155337|1784155336,49590535.1784155337,1784155336,reddit,post,s105,1784155336799209,https://terminusmaximus.com/replay-library/?utm_source=reddit&utm_medium=post&utm_campaign=s105,utm_source=reddit&utm_medium=post&utm_campaign=s105,,,,/guild-raid/s105/,true,false,2,1,1,false,false,true,false,false,false,false,false,false
Available export: 2026-07-14 to 2026-08-04 (22 days),2026-07-15,537561536.1784031370|1784139025,537561536.1784031370,1784139025,reddit,post,s105,1784139025561154,https://terminusmaximus.com/replay-library/,,,,,/,true,false,3,1,1,false,false,true,false,false,true,false,false,false
Available export: 2026-07-14 to 2026-08-04 (22 days),2026-07-15,537561536.1784031370|1784177865,537561536.1784031370,1784177865,reddit,post,s105,1784177875989277,https://terminusmaximus.com/replay-library/,,https://terminusmaximus.com/,terminusmaximus.com,/,,false,true,2,1,1,false,false,true,false,false,false,false,false,false
Available export: 2026-07-14 to 2026-08-04 (22 days),2026-07-15,537561536.1784031370|1784180513,537561536.1784031370,1784180513,reddit,post,s105,1784180513968211,https://terminusmaximus.com/replay-library/,,https://terminusmaximus.com/,terminusmaximus.com,,,true,false,1,1,1,false,true,false,false,false,false,false,false,false
Available export: 2026-07-14 to 2026-08-04 (22 days),2026-07-15,541713441.1784134100|1784134099,541713441.1784134100,1784134099,(direct),(none),(direct),1784134098985503,https://terminusmaximus.com/replay-library/,,,,,,true,false,1,1,1,false,true,false,false,false,false,false,false,false
Available export: 2026-07-14 to 2026-08-04 (22 days),2026-07-15,564817605.1784123840|1784123840,564817605.1784123840,1784123840,reddit,post,s105,1784123840246482,https://terminusmaximus.com/replay-library/?utm_source=reddit&utm_medium=post&utm_campaign=s105,utm_source=reddit&utm_medium=post&utm_campaign=s105,,,,,true,false,1,1,1,false,true,false,false,false,false,false,false,false
Available export: 2026-07-14 to 2026-08-04 (22 days),2026-07-15,565029146.1784123908|1784123907,565029146.1784123908,1784123907,reddit,post,s105,1784123908720207,https://terminusmaximus.com/replay-library/?utm_source=reddit&utm_medium=post&utm_campaign=s105,utm_source=reddit&utm_medium=post&utm_campaign=s105,,,,,true,false,1,1,1,false,true,false,false,false,false,false,false,false
Available export: 2026-07-14 to 2026-08-04 (22 days),2026-07-15,565029146.1784123908|1784146439,565029146.1784123908,1784146439,reddit,post,s105,1784146439606526,https://terminusmaximus.com/replay-library/?utm_source=reddit&utm_medium=post&utm_campaign=s105,utm_source=reddit&utm_medium=post&utm_campaign=s105,,,,,true,false,1,1,1,false,true,false,false,false,false,false,false,false
Available export: 2026-07-14 to 2026-08-04 (22 days),2026-07-15,565029146.1784123908|1784155458,565029146.1784123908,1784155458,reddit,post,s105,1784155459344801,https://terminusmaximus.com/replay-library/?utm_source=reddit&utm_medium=post&utm_campaign=s105,utm_source=reddit&utm_medium=post&utm_campaign=s105,,,,,true,false,1,1,1,false,true,false,false,false,false,false,false,false
Available export: 2026-07-14 to 2026-08-04 (22 days),2026-07-15,565029146.1784123908|1784167774,565029146.1784123908,1784167774,reddit,post,s105,1784167774644752,https://terminusmaximus.com/replay-library/?utm_source=reddit&utm_medium=post&utm_campaign=s105,utm_source=reddit&utm_medium=post&utm_campaign=s105,,,,,true,false,1,1,1,false,true,false,false,false,false,false,false,false
Available export: 2026-07-14 to 2026-08-04 (22 days),2026-07-15,585271425.1784037398|1784154934,585271425.1784037398,1784154934,reddit,post,s105,1784154934684673,https://terminusmaximus.com/replay-library/?utm_source=reddit&utm_medium=post&utm_campaign=s105,utm_source=reddit&utm_medium=post&utm_campaign=s105,https://www.reddit.com/,www.reddit.com,,,true,false,1,1,1,false,true,false,false,false,false,false,false,false
Available export: 2026-07-14 to 2026-08-04 (22 days),2026-07-15,585271425.1784037398|1784178214,585271425.1784037398,1784178214,reddit,post,s105,1784178214239015,https://terminusmaximus.com/replay-library/?utm_source=reddit&utm_medium=post&utm_campaign=s105,utm_source=reddit&utm_medium=post&utm_campaign=s105,https://www.reddit.com/,www.reddit.com,,,true,false,1,1,1,false,true,false,false,false,false,false,false,false
Available export: 2026-07-14 to 2026-08-04 (22 days),2026-07-15,585271425.1784037398|1784180234,585271425.1784037398,1784180234,reddit,post,s105,1784180234624911,https://terminusmaximus.com/replay-library/?utm_source=reddit&utm_medium=post&utm_campaign=s105,utm_source=reddit&utm_medium=post&utm_campaign=s105,https://www.reddit.com/,www.reddit.com,,/replay-library/,true,false,2,2,1,false,false,true,true,false,false,false,false,false
Available export: 2026-07-14 to 2026-08-04 (22 days),2026-07-15,59682447.1783737056|1784122244,59682447.1783737056,1784122244,reddit,post,s105,1784122244607361,https://terminusmaximus.com/replay-library/?utm_source=reddit&utm_medium=post&utm_campaign=s105,utm_source=reddit&utm_medium=post&utm_campaign=s105,,,,,true,false,1,1,1,false,true,false,false,false,false,false,false,false
Available export: 2026-07-14 to 2026-08-04 (22 days),2026-07-15,59682447.1783737056|1784122708,59682447.1783737056,1784122708,reddit,post,s105,1784122708765249,https://terminusmaximus.com/replay-library/?utm_source=reddit&utm_medium=post&utm_campaign=s105,utm_source=reddit&utm_medium=post&utm_campaign=s105,,,,,true,false,1,1,1,false,true,false,false,false,false,false,false,false
Available export: 2026-07-14 to 2026-08-04 (22 days),2026-07-15,59682447.1783737056|1784125102,59682447.1783737056,1784125102,reddit,post,s105,1784125102917243,https://terminusmaximus.com/replay-library/?utm_source=reddit&utm_medium=post&utm_campaign=s105,utm_source=reddit&utm_medium=post&utm_campaign=s105,,,,,true,false,1,1,1,false,true,false,false,false,false,false,false,false
Available export: 2026-07-14 to 2026-08-04 (22 days),2026-07-15,59682447.1783737056|1784181430,59682447.1783737056,1784181430,reddit,post,s105,1784181431227756,https://terminusmaximus.com/replay-library/?utm_source=reddit&utm_medium=post&utm_campaign=s105,utm_source=reddit&utm_medium=post&utm_campaign=s105,,,,,true,false,1,1,1,false,true,false,false,false,false,false,false,false
Available export: 2026-07-14 to 2026-08-04 (22 days),2026-07-15,615893632.1784143623|1784143623,615893632.1784143623,1784143623,(direct),(none),(direct),1784143642937604,https://terminusmaximus.com/replay-library/,,https://terminusmaximus.com/,terminusmaximus.com,/,,false,true,4,1,1,false,false,true,false,false,false,false,false,false
Available export: 2026-07-14 to 2026-08-04 (22 days),2026-07-15,621308217.1784141719|1784141719,621308217.1784141719,1784141719,(direct),(none),(direct),1784141719599672,https://terminusmaximus.com/replay-library/,,,,,,true,false,1,1,1,false,true,false,false,false,false,false,false,false
Available export: 2026-07-14 to 2026-08-04 (22 days),2026-07-15,634865562.1784117494|1784117493,634865562.1784117494,1784117493,(direct),(none),(direct),1784117507237291,https://terminusmaximus.com/replay-library/,,https://terminusmaximus.com/,terminusmaximus.com,/,/replay-library/,false,true,3,2,1,false,false,true,true,false,false,false,false,false
Available export: 2026-07-14 to 2026-08-04 (22 days),2026-07-15,662022281.1783228762|1784148712,662022281.1783228762,1784148712,reddit,post,s105,1784148713176559,https://terminusmaximus.com/replay-library/,,https://terminusmaximus.com/,terminusmaximus.com,,,true,false,1,1,1,false,true,false,false,false,false,false,false,false
Available export: 2026-07-14 to 2026-08-04 (22 days),2026-07-15,664329258.1784125406|1784125406,664329258.1784125406,1784125406,google,organic,(organic),1784125413076391,https://terminusmaximus.com/replay-library/,,https://terminusmaximus.com/,terminusmaximus.com,/,,false,true,2,1,1,false,false,true,false,false,false,false,false,false
Available export: 2026-07-14 to 2026-08-04 (22 days),2026-07-15,673613839.1783727894|1784098863,673613839.1783727894,1784098863,(direct),(none),(direct),1784098863662639,https://terminusmaximus.com/replay-library/,,,,,,true,false,1,1,1,false,true,false,false,false,false,false,false,false
Available export: 2026-07-14 to 2026-08-04 (22 days),2026-07-15,673613839.1783727894|1784126566,673613839.1783727894,1784126566,(direct),(none),(direct),1784126566292373,https://terminusmaximus.com/replay-library/,,,,,,true,false,1,1,1,false,true,false,false,false,false,false,false,false
Available export: 2026-07-14 to 2026-08-04 (22 days),2026-07-15,673613839.1783727894|1784132593,673613839.1783727894,1784132593,(direct),(none),(direct),1784132594395666,https://terminusmaximus.com/replay-library/,,,,,,true,false,1,1,1,false,true,false,false,false,false,false,false,false
Available export: 2026-07-14 to 2026-08-04 (22 days),2026-07-15,673613839.1783727894|1784161507,673613839.1783727894,1784161507,(direct),(none),(direct),1784161507590364,https://terminusmaximus.com/replay-library/,,,,,,true,false,1,1,1,false,true,false,false,false,false,false,false,false
Available export: 2026-07-14 to 2026-08-04 (22 days),2026-07-15,673613839.1783727894|1784165618,673613839.1783727894,1784165618,(direct),(none),(direct),1784165639133631,https://terminusmaximus.com/replay-library/,,,,,,true,false,1,1,1,false,true,false,false,false,false,false,false,false
Available export: 2026-07-14 to 2026-08-04 (22 days),2026-07-15,673613839.1783727894|1784181208,673613839.1783727894,1784181208,(direct),(none),(direct),1784181209025878,https://terminusmaximus.com/replay-library/,,,,,,true,false,1,1,1,false,true,false,false,false,false,false,false,false
Available export: 2026-07-14 to 2026-08-04 (22 days),2026-07-15,673613839.1783727894|1784184283,673613839.1783727894,1784184283,(direct),(none),(direct),1784184283669848,https://terminusmaximus.com/replay-library/,,,,,,true,false,1,1,1,false,true,false,false,false,false,false,false,false
Available export: 2026-07-14 to 2026-08-04 (22 days),2026-07-15,679718358.1784135413|1784135413,679718358.1784135413,1784135413,(direct),(none),(direct),1784135413289494,https://terminusmaximus.com/replay-library/,,,,,,true,false,1,1,1,false,true,false,false,false,false,false,false,false
Available export: 2026-07-14 to 2026-08-04 (22 days),2026-07-15,697301123.1784135087|1784135086,697301123.1784135087,1784135086,reddit,post,s105,1784135086780564,https://terminusmaximus.com/replay-library/?utm_source=reddit&utm_medium=post&utm_campaign=s105,utm_source=reddit&utm_medium=post&utm_campaign=s105,https://www.reddit.com/,www.reddit.com,,,true,false,1,1,1,false,true,false,false,false,false,false,false,false
Available export: 2026-07-14 to 2026-08-04 (22 days),2026-07-15,745827446.1784157382|1784157381,745827446.1784157382,1784157381,(direct),(none),(direct),1784157381486305,https://terminusmaximus.com/replay-library/,,,,,/replay-library/,true,false,2,2,1,false,false,true,true,false,false,false,false,false
Available export: 2026-07-14 to 2026-08-04 (22 days),2026-07-15,776182018.1784139373|1784139372,776182018.1784139373,1784139372,(direct),(none),(direct),1784139372805109,https://terminusmaximus.com/replay-library/,,,,,,true,false,1,1,1,false,true,false,false,false,false,false,false,false
Available export: 2026-07-14 to 2026-08-04 (22 days),2026-07-15,776182018.1784139373|1784149963,776182018.1784139373,1784149963,(direct),(none),(direct),1784149963305485,https://terminusmaximus.com/replay-library/,,,,,,true,false,1,1,1,false,true,false,false,false,false,false,false,false
Available export: 2026-07-14 to 2026-08-04 (22 days),2026-07-15,806064237.1784122759|1784122758,806064237.1784122759,1784122758,reddit,post,s105,1784122759356948,https://terminusmaximus.com/replay-library/?utm_source=reddit&utm_medium=post&utm_campaign=s105,utm_source=reddit&utm_medium=post&utm_campaign=s105,,,,,true,false,1,1,1,false,true,false,false,false,false,false,false,false
Available export: 2026-07-14 to 2026-08-04 (22 days),2026-07-15,814363256.1784139025|1784139024,814363256.1784139025,1784139024,(direct),(none),(direct),1784139024876043,https://terminusmaximus.com/replay-library/,,,,,,true,false,1,1,1,false,true,false,false,false,false,false,false,false
Available export: 2026-07-14 to 2026-08-04 (22 days),2026-07-15,84812924.1783836281|1784180826,84812924.1783836281,1784180826,(direct),(none),(direct),1784180826185935,https://terminusmaximus.com/replay-library/,,,,,,true,false,1,1,1,false,true,false,false,false,false,false,false,false
Available export: 2026-07-14 to 2026-08-04 (22 days),2026-07-15,854656165.1784112746|1784112745,854656165.1784112746,1784112745,reddit,post,s105,1784112745727320,https://terminusmaximus.com/replay-library/?utm_source=reddit&utm_medium=post&utm_campaign=s105,utm_source=reddit&utm_medium=post&utm_campaign=s105,https://www.reddit.com/,www.reddit.com,,,true,false,1,1,1,false,true,false,false,false,false,false,false,false
Available export: 2026-07-14 to 2026-08-04 (22 days),2026-07-15,859283156.1784125503|1784125502,859283156.1784125503,1784125502,reddit,post,s105,1784125529294532,https://terminusmaximus.com/replay-library/?utm_source=reddit&utm_medium=post&utm_campaign=s105,utm_source=reddit&utm_medium=post&utm_campaign=s105,,,/guild-raid/s105/,/beginner-guide/,false,true,3,1,1,false,false,true,false,false,false,false,false,false
Available export: 2026-07-14 to 2026-08-04 (22 days),2026-07-15,886175519.1784141187|1784141187,886175519.1784141187,1784141187,reddit,post,s105,1784141187607210,https://terminusmaximus.com/replay-library/?utm_source=reddit&utm_medium=post&utm_campaign=s105,utm_source=reddit&utm_medium=post&utm_campaign=s105,https://www.reddit.com/,www.reddit.com,,,true,false,1,1,1,false,true,false,false,false,false,false,false,false
Available export: 2026-07-14 to 2026-08-04 (22 days),2026-07-15,897527297.1780775674|1784154893,897527297.1780775674,1784154893,(direct),(none),(direct),1784154902942504,https://terminusmaximus.com/replay-library/,,https://terminusmaximus.com/,terminusmaximus.com,/,,false,true,2,1,1,false,false,true,false,false,false,false,false,false
Available export: 2026-07-14 to 2026-08-04 (22 days),2026-07-15,905378194.1784101332|1784101331,905378194.1784101332,1784101331,reddit,post,s105,1784101332294254,https://terminusmaximus.com/replay-library/?utm_source=reddit&utm_medium=post&utm_campaign=s105,utm_source=reddit&utm_medium=post&utm_campaign=s105,,,,,true,false,1,1,1,false,true,false,false,false,false,false,false,false
Available export: 2026-07-14 to 2026-08-04 (22 days),2026-07-15,915409903.1783447581|1784121340,915409903.1783447581,1784121340,google,organic,(organic),1784121345279260,https://terminusmaximus.com/replay-library/,,https://terminusmaximus.com/,terminusmaximus.com,/,,false,true,2,1,1,false,false,true,false,false,false,false,false,false
Available export: 2026-07-14 to 2026-08-04 (22 days),2026-07-15,919693817.1784112565|1784112564,919693817.1784112565,1784112564,reddit,post,s105,1784112565066422,https://terminusmaximus.com/replay-library/?utm_source=reddit&utm_medium=post&utm_campaign=s105,utm_source=reddit&utm_medium=post&utm_campaign=s105,android-app://com.reddit.frontpage/,com.reddit.frontpage,,,true,false,1,1,1,false,true,false,false,false,false,false,false,false
Available export: 2026-07-14 to 2026-08-04 (22 days),2026-07-15,937911660.1784157735|1784157735,937911660.1784157735,1784157735,(direct),(none),(direct),1784157735669922,https://terminusmaximus.com/replay-library/,,,,,/replay-library/,true,false,2,2,1,false,false,true,true,false,false,false,false,false
Available export: 2026-07-14 to 2026-08-04 (22 days),2026-07-15,951727091.1784116516|1784116515,951727091.1784116516,1784116515,reddit,post,s105,1784116515903141,https://terminusmaximus.com/replay-library/?utm_source=reddit&utm_medium=post&utm_campaign=s105,utm_source=reddit&utm_medium=post&utm_campaign=s105,https://www.reddit.com/,www.reddit.com,,,true,false,1,1,1,false,true,false,false,false,false,false,false,false
Available export: 2026-07-14 to 2026-08-04 (22 days),2026-07-15,962534488.1784146017|1784146016,962534488.1784146017,1784146016,(direct),(none),(direct),1784146017444576,https://terminusmaximus.com/replay-library/,,,,,,true,false,1,1,1,false,true,false,false,false,false,false,false,false
Available export: 2026-07-14 to 2026-08-04 (22 days),2026-07-16,1032344213.1784241196|1784241196,1032344213.1784241196,1784241196,(direct),(none),(direct),1784241196712204,https://terminusmaximus.com/replay-library/,,,,,,true,false,1,1,1,false,true,false,false,false,false,false,false,false
Available export: 2026-07-14 to 2026-08-04 (22 days),2026-07-16,1079571534.1784036714|1784185469,1079571534.1784036714,1784185469,reddit,post,s105,1784185469733554,https://terminusmaximus.com/replay-library/?utm_source=reddit&utm_medium=post&utm_campaign=s105,utm_source=reddit&utm_medium=post&utm_campaign=s105,,,,/replay-library/,true,false,8,4,2,true,false,true,true,false,false,false,false,false
Available export: 2026-07-14 to 2026-08-04 (22 days),2026-07-16,1079571534.1784036714|1784190860,1079571534.1784036714,1784190860,reddit,post,s105,1784190861482748,https://terminusmaximus.com/replay-library/?utm_source=reddit&utm_medium=post&utm_campaign=s105,utm_source=reddit&utm_medium=post&utm_campaign=s105,,,,,true,false,1,1,1,false,true,false,false,false,false,false,false,false
Available export: 2026-07-14 to 2026-08-04 (22 days),2026-07-16,1094408177.1784126728|1784222022,1094408177.1784126728,1784222022,(direct),(none),(direct),1784222023195572,https://terminusmaximus.com/replay-library/,,https://terminusmaximus.com/,terminusmaximus.com,,,true,false,1,1,1,false,true,false,false,false,false,false,false,false
Available export: 2026-07-14 to 2026-08-04 (22 days),2026-07-16,1094408177.1784126728|1784224197,1094408177.1784126728,1784224197,(direct),(none),(direct),1784224198262039,https://terminusmaximus.com/replay-library/,,https://terminusmaximus.com/,terminusmaximus.com,,/replay-library/,true,false,2,2,1,false,false,true,true,false,false,false,false,false
Available export: 2026-07-14 to 2026-08-04 (22 days),2026-07-16,1094408177.1784126728|1784234188,1094408177.1784126728,1784234188,(direct),(none),(direct),1784234189962587,https://terminusmaximus.com/replay-library/,,https://terminusmaximus.com/,terminusmaximus.com,,,true,false,1,1,1,false,true,false,false,false,false,false,false,false
Available export: 2026-07-14 to 2026-08-04 (22 days),2026-07-16,1094408177.1784126728|1784256015,1094408177.1784126728,1784256015,(direct),(none),(direct),1784256015684903,https://terminusmaximus.com/replay-library/,,https://terminusmaximus.com/,terminusmaximus.com,,,true,false,1,1,1,false,true,false,false,false,false,false,false,false
Available export: 2026-07-14 to 2026-08-04 (22 days),2026-07-16,1122305543.1780944578|1784221790,1122305543.1780944578,1784221790,reddit,post,mow2026,1784221789489059,https://terminusmaximus.com/replay-library/,,,,,,true,false,1,1,1,false,true,false,false,false,false,false,false,false
Available export: 2026-07-14 to 2026-08-04 (22 days),2026-07-16,1122305543.1780944578|1784225224,1122305543.1780944578,1784225224,reddit,post,mow2026,1784225225271962,https://terminusmaximus.com/replay-library/,,,,,,true,false,1,1,1,false,true,false,false,false,false,false,false,false
Available export: 2026-07-14 to 2026-08-04 (22 days),2026-07-16,1123556751.1784230791|1784230791,1123556751.1784230791,1784230791,(direct),(none),(direct),1784230791431019,https://terminusmaximus.com/replay-library/,,https://terminusmaximus.com/guild-raid/boss-meta//?utm_source=reddit&utm_medium=post&utm_campaign=boss-meta,terminusmaximus.com,,,true,false,1,1,1,false,true,false,false,false,false,false,false,false
Available export: 2026-07-14 to 2026-08-04 (22 days),2026-07-16,1129932636.1784184948|1784212285,1129932636.1784184948,1784212285,google,organic,(organic),1784212292278732,https://terminusmaximus.com/replay-library/,,https://terminusmaximus.com/,terminusmaximus.com,/,,false,true,2,1,1,false,false,true,false,false,false,false,false,false
Available export: 2026-07-14 to 2026-08-04 (22 days),2026-07-16,1137099813.1782608606|1784208516,1137099813.1782608606,1784208516,google,organic,(organic),1784208520222486,https://terminusmaximus.com/replay-library/,,https://terminusmaximus.com/,terminusmaximus.com,/,/,false,true,4,1,1,false,false,true,false,false,false,false,false,false
Available export: 2026-07-14 to 2026-08-04 (22 days),2026-07-16,1140518834.1780544577|1784248723,1140518834.1780544577,1784248723,(direct),(none),(direct),1784248775490513,https://terminusmaximus.com/replay-library/,,https://terminusmaximus.com/guild-raid/,terminusmaximus.com,/guild-raid/,/replay-library/,false,true,6,2,1,false,false,true,true,false,true,false,false,false
Available export: 2026-07-14 to 2026-08-04 (22 days),2026-07-16,1182746816.1784121078|1784205701,1182746816.1784121078,1784205701,reddit,post,s105,1784205701502567,https://terminusmaximus.com/replay-library/?utm_source=reddit&utm_medium=post&utm_campaign=s105,utm_source=reddit&utm_medium=post&utm_campaign=s105,,,,,true,false,1,1,1,false,true,false,false,false,false,false,false,false
Available export: 2026-07-14 to 2026-08-04 (22 days),2026-07-16,1182746816.1784121078|1784210067,1182746816.1784121078,1784210067,reddit,post,s105,1784210067948501,https://terminusmaximus.com/replay-library/?utm_source=reddit&utm_medium=post&utm_campaign=s105,utm_source=reddit&utm_medium=post&utm_campaign=s105,,,,,true,false,1,1,1,false,true,false,false,false,false,false,false,false
Available export: 2026-07-14 to 2026-08-04 (22 days),2026-07-16,1182746816.1784121078|1784250796,1182746816.1784121078,1784250796,reddit,post,s105,1784250796489215,https://terminusmaximus.com/replay-library/?utm_source=reddit&utm_medium=post&utm_campaign=s105,utm_source=reddit&utm_medium=post&utm_campaign=s105,,,,,true,false,1,1,1,false,true,false,false,false,false,false,false,false
Available export: 2026-07-14 to 2026-08-04 (22 days),2026-07-16,1191992833.1784196110|1784196109,1191992833.1784196110,1784196109,(direct),(none),(direct),1784196108903344,https://terminusmaximus.com/replay-library/?hl=en-AU,hl=en-AU,,,,,true,false,1,1,1,false,true,false,false,false,false,false,false,false
Available export: 2026-07-14 to 2026-08-04 (22 days),2026-07-16,1195083193.1781348793|1784201981,1195083193.1781348793,1784201981,google,organic,(organic),1784202218813528,https://terminusmaximus.com/replay-library/,,https://terminusmaximus.com/guild-raid/boss-meta/,terminusmaximus.com,/guild-raid/boss-meta/,/beginner-guide/,false,true,20,4,4,true,false,true,true,false,false,false,false,false
Available export: 2026-07-14 to 2026-08-04 (22 days),2026-07-16,1226819984.1784128159|1784270153,1226819984.1784128159,1784270153,(direct),(none),(direct),1784270159921230,https://terminusmaximus.com/replay-library/,,,,,,true,false,1,1,1,false,true,false,false,false,false,false,false,false
Available export: 2026-07-14 to 2026-08-04 (22 days),2026-07-16,1234439429.1784220738|1784220737,1234439429.1784220738,1784220737,google,organic,(organic),1784220783592917,https://terminusmaximus.com/replay-library/,,https://terminusmaximus.com/,terminusmaximus.com,/about/,,false,true,4,1,1,false,false,true,false,false,false,false,false,false
Available export: 2026-07-14 to 2026-08-04 (22 days),2026-07-16,1234439429.1784220738|1784230470,1234439429.1784220738,1784230470,google,organic,(organic),1784230471335782,https://terminusmaximus.com/replay-library/,,https://terminusmaximus.com/,terminusmaximus.com,,,true,false,1,1,1,false,true,false,false,false,false,false,false,false
Available export: 2026-07-14 to 2026-08-04 (22 days),2026-07-16,1247867133.1784186346|1784186345,1247867133.1784186346,1784186345,google,organic,(organic),1784186352869865,https://terminusmaximus.com/replay-library/,,https://terminusmaximus.com/,terminusmaximus.com,/,,false,true,2,1,1,false,false,true,false,false,false,false,false,false
Available export: 2026-07-14 to 2026-08-04 (22 days),2026-07-16,1248298120.1784135033|1784199801,1248298120.1784135033,1784199801,reddit,post,s105,1784199801334208,https://terminusmaximus.com/replay-library/?utm_source=reddit&utm_medium=post&utm_campaign=s105,utm_source=reddit&utm_medium=post&utm_campaign=s105,,,,,true,false,1,1,1,false,true,false,false,false,false,false,false,false
Available export: 2026-07-14 to 2026-08-04 (22 days),2026-07-16,1248298120.1784135033|1784236250,1248298120.1784135033,1784236250,reddit,post,s105,1784236251249289,https://terminusmaximus.com/replay-library/?utm_source=reddit&utm_medium=post&utm_campaign=s105,utm_source=reddit&utm_medium=post&utm_campaign=s105,,,,,true,false,1,1,1,false,true,false,false,false,false,false,false,false
Available export: 2026-07-14 to 2026-08-04 (22 days),2026-07-16,1248298120.1784135033|1784239714,1248298120.1784135033,1784239714,reddit,post,s105,1784239715882179,https://terminusmaximus.com/replay-library/?utm_source=reddit&utm_medium=post&utm_campaign=s105,utm_source=reddit&utm_medium=post&utm_campaign=s105,,,,,true,false,1,1,1,false,true,false,false,false,false,false,false,false
Available export: 2026-07-14 to 2026-08-04 (22 days),2026-07-16,1267346631.1784200340|1784200339,1267346631.1784200340,1784200339,reddit,post,s105,1784200339889610,https://terminusmaximus.com/replay-library/?utm_source=reddit&utm_medium=post&utm_campaign=s105,utm_source=reddit&utm_medium=post&utm_campaign=s105,https://www.reddit.com/,www.reddit.com,,,true,false,1,1,1,false,true,false,false,false,false,false,false,false
Available export: 2026-07-14 to 2026-08-04 (22 days),2026-07-16,1275188175.1781809042|1784189367,1275188175.1781809042,1784189367,google,organic,(organic),1784189377676149,https://terminusmaximus.com/replay-library/,,https://terminusmaximus.com/,terminusmaximus.com,/,,false,true,2,1,1,false,false,true,false,false,false,false,false,false
Available export: 2026-07-14 to 2026-08-04 (22 days),2026-07-16,1282074875.1784222652|1784222652,1282074875.1784222652,1784222652,reddit,post,boss-meta,1784222704323770,https://terminusmaximus.com/replay-library/,,https://terminusmaximus.com/about/,terminusmaximus.com,/about/,,false,true,7,1,1,false,false,true,false,false,true,false,false,false
Available export: 2026-07-14 to 2026-08-04 (22 days),2026-07-16,1282074875.1784222652|1784230700,1282074875.1784222652,1784230700,reddit,post,boss-meta,1784230702005292,https://terminusmaximus.com/replay-library/,,https://terminusmaximus.com/about/,terminusmaximus.com,,,true,false,1,1,1,false,true,false,false,false,false,false,false,false
Available export: 2026-07-14 to 2026-08-04 (22 days),2026-07-16,1282074875.1784222652|1784238170,1282074875.1784222652,1784238170,reddit,post,boss-meta,1784238170977864,https://terminusmaximus.com/replay-library/,,,,,/guild-raid/s105/,true,false,2,1,1,false,false,true,false,false,true,false,false,false
Available export: 2026-07-14 to 2026-08-04 (22 days),2026-07-16,1282074875.1784222652|1784242297,1282074875.1784222652,1784242297,reddit,post,boss-meta,1784242319094290,https://terminusmaximus.com/replay-library/,,https://terminusmaximus.com/guild-raid/s105/,terminusmaximus.com,/guild-raid/s105/,,false,true,2,1,1,false,false,true,false,false,true,false,false,false
Available export: 2026-07-14 to 2026-08-04 (22 days),2026-07-16,1320557003.1784261005|1784261004,1320557003.1784261005,1784261004,reddit,post,s105,1784261005387935,https://terminusmaximus.com/replay-library/?utm_source=reddit&utm_medium=post&utm_campaign=s105,utm_source=reddit&utm_medium=post&utm_campaign=s105,,,,,true,false,1,1,1,false,true,false,false,false,false,false,false,false
Available export: 2026-07-14 to 2026-08-04 (22 days),2026-07-16,1329647486.1784224950|1784224950,1329647486.1784224950,1784224950,reddit,post,s105,1784224951380613,https://terminusmaximus.com/replay-library/?utm_source=reddit&utm_medium=post&utm_campaign=s105,utm_source=reddit&utm_medium=post&utm_campaign=s105,,,,,true,false,1,1,1,false,true,false,false,false,false,false,false,false
Available export: 2026-07-14 to 2026-08-04 (22 days),2026-07-16,1330085543.1784224204|1784224203,1330085543.1784224204,1784224203,google,organic,(organic),1784224356993759,https://terminusmaximus.com/replay-library/,,https://terminusmaximus.com/guild-raid/boss-meta/,terminusmaximus.com,/guild-raid/boss-meta/,/about/,false,true,5,2,2,true,false,true,true,false,false,false,false,false
Available export: 2026-07-14 to 2026-08-04 (22 days),2026-07-16,1330085543.1784224204|1784262081,1330085543.1784224204,1784262081,google,organic,(organic),1784262106338583,https://terminusmaximus.com/replay-library/,,https://terminusmaximus.com/guild-raid/s105/,terminusmaximus.com,/guild-raid/s105/,/replay-library/,false,true,3,2,1,false,false,true,true,false,true,false,false,false
Available export: 2026-07-14 to 2026-08-04 (22 days),2026-07-16,1330085543.1784224204|1784265514,1330085543.1784224204,1784265514,google,organic,(organic),1784265514356278,https://terminusmaximus.com/replay-library/,,https://terminusmaximus.com/guild-raid/s105/,terminusmaximus.com,,,true,false,1,1,1,false,true,false,false,false,false,false,false,false
Available export: 2026-07-14 to 2026-08-04 (22 days),2026-07-16,1344461387.1782793344|1784269083,1344461387.1782793344,1784269083,google,organic,(organic),1784269090480479,https://terminusmaximus.com/replay-library/,,https://terminusmaximus.com/,terminusmaximus.com,/,/guild-raid/s105/,false,true,3,1,1,false,false,true,false,false,false,false,false,false
Available export: 2026-07-14 to 2026-08-04 (22 days),2026-07-16,1361274263.1784249685|1784249685,1361274263.1784249685,1784249685,reddit,post,boss-meta,1784249833289745,https://terminusmaximus.com/replay-library/,,https://terminusmaximus.com/guild-raid/boss-meta//?utm_source=reddit&utm_medium=post&utm_campaign=boss-meta,terminusmaximus.com,/guild-raid/boss-meta/,,false,true,3,1,1,false,false,true,false,false,false,false,false,false
Available export: 2026-07-14 to 2026-08-04 (22 days),2026-07-16,1377224676.1784236180|1784236179,1377224676.1784236180,1784236179,(direct),(none),(direct),1784236180910912,https://terminusmaximus.com/replay-library/,,,,,,true,false,1,1,1,false,true,false,false,false,false,false,false,false
Available export: 2026-07-14 to 2026-08-04 (22 days),2026-07-16,1409590592.1784234296|1784234295,1409590592.1784234296,1784234295,(direct),(none),(direct),1784234296316001,https://terminusmaximus.com/replay-library/,,,,,,true,false,1,1,1,false,true,false,false,false,false,false,false,false
Available export: 2026-07-14 to 2026-08-04 (22 days),2026-07-16,1450814780.1784262433|1784262433,1450814780.1784262433,1784262433,google,organic,(organic),1784262443249230,https://terminusmaximus.com/replay-library/,,https://terminusmaximus.com/,terminusmaximus.com,/,,false,true,2,1,1,false,false,true,false,false,false,false,false,false
Available export: 2026-07-14 to 2026-08-04 (22 days),2026-07-16,1472125258.1784206063|1784206062,1472125258.1784206063,1784206062,reddit,post,s105,1784206062819939,https://terminusmaximus.com/replay-library/?utm_source=reddit&utm_medium=post&utm_campaign=s105,utm_source=reddit&utm_medium=post&utm_campaign=s105,,,,/replay-library/,true,false,2,2,1,false,false,true,true,false,false,false,false,false
Available export: 2026-07-14 to 2026-08-04 (22 days),2026-07-16,1478095972.1783884439|1784221788,1478095972.1783884439,1784221788,(direct),(none),(direct),1784221789484326,https://terminusmaximus.com/replay-library/,,,,,,true,false,1,1,1,false,true,false,false,false,false,false,false,false
Available export: 2026-07-14 to 2026-08-04 (22 days),2026-07-16,1499009630.1784199937|1784199936,1499009630.1784199937,1784199936,google,organic,(organic),1784200214271733,https://terminusmaximus.com/replay-library/,,https://terminusmaximus.com/,terminusmaximus.com,/guild-raid/boss-meta/,,false,true,3,1,1,false,false,true,false,false,false,false,false,false
Available export: 2026-07-14 to 2026-08-04 (22 days),2026-07-16,1499009630.1784199937|1784247334,1499009630.1784199937,1784247334,google,organic,(organic),1784247347797519,https://terminusmaximus.com/replay-library/,,https://terminusmaximus.com/,terminusmaximus.com,/,/replay-library/,false,true,3,2,1,false,false,true,true,false,false,false,false,false
Available export: 2026-07-14 to 2026-08-04 (22 days),2026-07-16,1504857943.1784205943|1784205942,1504857943.1784205943,1784205942,(direct),(none),(direct),1784205942737664,https://terminusmaximus.com/replay-library/,,,,,,true,false,1,1,1,false,true,false,false,false,false,false,false,false
Available export: 2026-07-14 to 2026-08-04 (22 days),2026-07-16,1513919143.1784041353|1784217249,1513919143.1784041353,1784217249,(direct),(none),(direct),1784217250927364,https://terminusmaximus.com/replay-library/,,,,,,true,false,1,1,1,false,true,false,false,false,false,false,false,false
Available export: 2026-07-14 to 2026-08-04 (22 days),2026-07-16,1520165871.1784095012|1784271512,1520165871.1784095012,1784271512,reddit,post,s105,1784271513448622,https://terminusmaximus.com/replay-library/?utm_source=reddit&utm_medium=post&utm_campaign=s105,utm_source=reddit&utm_medium=post&utm_campaign=s105,,,,,true,false,1,1,1,false,true,false,false,false,false,false,false,false
Available export: 2026-07-14 to 2026-08-04 (22 days),2026-07-16,1543694110.1780440876|1784213083,1543694110.1780440876,1784213083,reddit,post,boss-meta,1784213095886271,https://terminusmaximus.com/replay-library/,,https://terminusmaximus.com/,terminusmaximus.com,/,/guild-raid/boss-meta/,false,true,8,1,1,false,false,true,false,false,false,false,false,false
Available export: 2026-07-14 to 2026-08-04 (22 days),2026-07-16,1543694110.1780440876|1784220075,1543694110.1780440876,1784220075,reddit,post,boss-meta,1784220120471620,https://terminusmaximus.com/replay-library/,,https://terminusmaximus.com/guild-raid/boss-meta/,terminusmaximus.com,/guild-raid/boss-meta/,/guild-raid/boss-meta/,false,true,6,2,2,true,false,true,true,false,false,false,false,false
Available export: 2026-07-14 to 2026-08-04 (22 days),2026-07-16,1543694110.1780440876|1784228353,1543694110.1780440876,1784228353,reddit,post,boss-meta,1784228366856189,https://terminusmaximus.com/replay-library/,,https://terminusmaximus.com/guild-raid/boss-meta/,terminusmaximus.com,/guild-raid/boss-meta/,/,false,true,5,1,1,false,false,true,false,false,false,false,false,false
Available export: 2026-07-14 to 2026-08-04 (22 days),2026-07-16,1581834745.1784223577|1784223577,1581834745.1784223577,1784223577,(direct),(none),(direct),1784223577201713,https://terminusmaximus.com/replay-library/,,,,,,true,false,1,1,1,false,true,false,false,false,false,false,false,false
Available export: 2026-07-14 to 2026-08-04 (22 days),2026-07-16,1581834745.1784223577|1784234401,1581834745.1784223577,1784234401,(direct),(none),(direct),1784234401197262,https://terminusmaximus.com/replay-library/,,,,,,true,false,1,1,1,false,true,false,false,false,false,false,false,false
Available export: 2026-07-14 to 2026-08-04 (22 days),2026-07-16,1581834745.1784223577|1784268376,1581834745.1784223577,1784268376,(direct),(none),(direct),1784268375762312,https://terminusmaximus.com/replay-library/,,,,,,true,false,1,1,1,false,true,false,false,false,false,false,false,false
Available export: 2026-07-14 to 2026-08-04 (22 days),2026-07-16,1617973791.1784216272|1784216271,1617973791.1784216272,1784216271,(direct),(none),(direct),1784216272338657,https://terminusmaximus.com/replay-library/,,,,,,true,false,1,1,1,false,true,false,false,false,false,false,false,false
Available export: 2026-07-14 to 2026-08-04 (22 days),2026-07-16,166244069.1783747925|1784205835,166244069.1783747925,1784205835,(direct),(none),(direct),1784205835256243,https://terminusmaximus.com/replay-library/,,,,,,true,false,1,1,1,false,true,false,false,false,false,false,false,false
Available export: 2026-07-14 to 2026-08-04 (22 days),2026-07-16,166244069.1783747925|1784213602,166244069.1783747925,1784213602,(direct),(none),(direct),1784213602550465,https://terminusmaximus.com/replay-library/,,,,,,true,false,1,1,1,false,true,false,false,false,false,false,false,false
Available export: 2026-07-14 to 2026-08-04 (22 days),2026-07-16,1750145351.1780773652|1784217936,1750145351.1780773652,1784217936,duckduckgo,organic,(organic),1784217947873178,https://terminusmaximus.com/replay-library/,,https://terminusmaximus.com/,terminusmaximus.com,/,,false,true,2,1,1,false,false,true,false,false,false,false,false,false
Available export: 2026-07-14 to 2026-08-04 (22 days),2026-07-16,1776884398.1783490794|1784255644,1776884398.1783490794,1784255644,reddit,post,s105,1784255677104089,https://terminusmaximus.com/replay-library/,,https://terminusmaximus.com/,terminusmaximus.com,/,,false,true,3,1,1,false,false,true,false,false,false,false,false,false
Available export: 2026-07-14 to 2026-08-04 (22 days),2026-07-16,1776884398.1783490794|1784259536,1776884398.1783490794,1784259536,reddit,post,s105,1784259536931201,https://terminusmaximus.com/replay-library/,,https://terminusmaximus.com/,terminusmaximus.com,,,true,false,1,1,1,false,true,false,false,false,false,false,false,false
Available export: 2026-07-14 to 2026-08-04 (22 days),2026-07-16,1784678737.1784129889|1784195099,1784678737.1784129889,1784195099,reddit,post,s105,1784195099730412,https://terminusmaximus.com/replay-library/,,https://terminusmaximus.com/guild-raid/boss-meta/,terminusmaximus.com,,/,true,false,6,1,1,false,false,true,false,false,false,false,false,false
Available export: 2026-07-14 to 2026-08-04 (22 days),2026-07-16,1784678737.1784129889|1784210818,1784678737.1784129889,1784210818,reddit,post,s105,1784210895629313,https://terminusmaximus.com/replay-library/,,https://terminusmaximus.com/guild-raid/,terminusmaximus.com,/guild-raid/,,false,true,7,1,1,false,false,true,false,false,false,false,false,false
Available export: 2026-07-14 to 2026-08-04 (22 days),2026-07-16,1784678737.1784129889|1784213957,1784678737.1784129889,1784213957,reddit,post,s105,1784213957500332,https://terminusmaximus.com/replay-library/,,https://terminusmaximus.com/guild-raid/,terminusmaximus.com,,,true,false,1,1,1,false,true,false,false,false,false,false,false,false
Available export: 2026-07-14 to 2026-08-04 (22 days),2026-07-16,1789706893.1784215472|1784215471,1789706893.1784215472,1784215471,reddit,post,s105,1784215472032218,https://terminusmaximus.com/replay-library/?utm_source=reddit&utm_medium=post&utm_campaign=s105,utm_source=reddit&utm_medium=post&utm_campaign=s105,https://www.reddit.com/,www.reddit.com,,/replay-library/,true,false,2,2,1,false,false,true,true,false,false,false,false,false
Available export: 2026-07-14 to 2026-08-04 (22 days),2026-07-16,1814383594.1784183381|1784189957,1814383594.1784183381,1784189957,google,organic,(organic),1784189959038674,https://terminusmaximus.com/replay-library/,,https://terminusmaximus.com/guild-raid/s105/,terminusmaximus.com,,,true,false,1,1,1,false,true,false,false,false,false,false,false,false
Available export: 2026-07-14 to 2026-08-04 (22 days),2026-07-16,1814383594.1784183381|1784201095,1814383594.1784183381,1784201095,google,organic,(organic),1784201096359596,https://terminusmaximus.com/replay-library/,,https://terminusmaximus.com/guild-raid/s105/,terminusmaximus.com,,,true,false,1,1,1,false,true,false,false,false,false,false,false,false
Available export: 2026-07-14 to 2026-08-04 (22 days),2026-07-16,1814383594.1784183381|1784269420,1814383594.1784183381,1784269420,google,organic,(organic),1784269421058359,https://terminusmaximus.com/replay-library/,,https://terminusmaximus.com/guild-raid/s105/,terminusmaximus.com,,,true,false,1,1,1,false,true,false,false,false,false,false,false,false
Available export: 2026-07-14 to 2026-08-04 (22 days),2026-07-16,1823047730.1784152816|1784219234,1823047730.1784152816,1784219234,google,organic,(organic),1784219288541892,https://terminusmaximus.com/replay-library/,,https://terminusmaximus.com/guild-raid/,terminusmaximus.com,/guild-raid/,/,false,true,6,1,1,false,false,true,false,false,false,false,false,false
Available export: 2026-07-14 to 2026-08-04 (22 days),2026-07-16,1823047730.1784152816|1784234734,1823047730.1784152816,1784234734,google,organic,(organic),1784234738954252,https://terminusmaximus.com/replay-library/,,https://terminusmaximus.com/,terminusmaximus.com,/,,false,true,2,1,1,false,false,true,false,false,false,false,false,false
Available export: 2026-07-14 to 2026-08-04 (22 days),2026-07-16,1834816715.1784168211|1784246320,1834816715.1784168211,1784246320,(direct),(none),(direct),1784246322315774,https://terminusmaximus.com/replay-library/,,,,,,true,false,1,1,1,false,true,false,false,false,false,false,false,false
Available export: 2026-07-14 to 2026-08-04 (22 days),2026-07-16,1836972843.1783782113|1784186186,1836972843.1783782113,1784186186,google,organic,(organic),1784186199000386,https://terminusmaximus.com/replay-library/,,https://terminusmaximus.com/,terminusmaximus.com,/,,false,true,2,1,1,false,false,true,false,false,false,false,false,false
Available export: 2026-07-14 to 2026-08-04 (22 days),2026-07-16,1836972843.1783782113|1784189786,1836972843.1783782113,1784189786,google,organic,(organic),1784189786711140,https://terminusmaximus.com/replay-library/,,https://terminusmaximus.com/,terminusmaximus.com,,,true,false,1,1,1,false,true,false,false,false,false,false,false,false
Available export: 2026-07-14 to 2026-08-04 (22 days),2026-07-16,1837247282.1780688484|1784219099,1837247282.1780688484,1784219099,(direct),(none),(direct),1784219099855262,https://terminusmaximus.com/replay-library/,,https://terminusmaximus.com/,terminusmaximus.com,,/,true,false,3,1,1,false,false,true,false,false,false,false,false,false
Available export: 2026-07-14 to 2026-08-04 (22 days),2026-07-16,1858047959.1784030123|1784245412,1858047959.1784030123,1784245412,reddit,post,s105,1784245413084431,https://terminusmaximus.com/replay-library/?utm_source=reddit&utm_medium=post&utm_campaign=s105,utm_source=reddit&utm_medium=post&utm_campaign=s105,,,,,true,false,1,1,1,false,true,false,false,false,false,false,false,false
Available export: 2026-07-14 to 2026-08-04 (22 days),2026-07-16,1878012651.1784016573|1784216225,1878012651.1784016573,1784216225,google,organic,(organic),1784216225447686,https://terminusmaximus.com/replay-library/,,https://terminusmaximus.com/guild-raid/s105/,terminusmaximus.com,,,true,false,1,1,1,false,true,false,false,false,false,false,false,false
Available export: 2026-07-14 to 2026-08-04 (22 days),2026-07-16,1927460618.1784179391|1784260376,1927460618.1784179391,1784260376,(direct),(none),(direct),1784260377018156,https://terminusmaximus.com/replay-library/,,,,,,true,false,1,1,1,false,true,false,false,false,false,false,false,false
Available export: 2026-07-14 to 2026-08-04 (22 days),2026-07-16,1954055773.1781107851|1784216309,1954055773.1781107851,1784216309,(direct),(none),(direct),1784216500896046,https://terminusmaximus.com/replay-library/,,https://terminusmaximus.com/,terminusmaximus.com,/,,false,true,4,1,1,false,false,true,false,false,false,false,false,false
Available export: 2026-07-14 to 2026-08-04 (22 days),2026-07-16,1958882379.1780701271|1784201039,1958882379.1780701271,1784201039,reddit,post,s105,1784201039351490,https://terminusmaximus.com/replay-library/,,,,,/replay-library/,true,false,4,4,1,false,false,true,true,false,false,false,false,false
Available export: 2026-07-14 to 2026-08-04 (22 days),2026-07-16,1958882379.1780701271|1784235699,1958882379.1780701271,1784235699,reddit,post,s105,1784235698700610,https://terminusmaximus.com/replay-library/,,,,,,true,false,1,1,1,false,true,false,false,false,false,false,false,false
Available export: 2026-07-14 to 2026-08-04 (22 days),2026-07-16,1994798835.1783604494|1784220409,1994798835.1783604494,1784220409,reddit,post,elite-campaigns,1784220454142438,https://terminusmaximus.com/replay-library/,,https://terminusmaximus.com/guild-raid/s104/,terminusmaximus.com,/guild-raid/s104/,,false,true,2,1,1,false,false,true,false,false,false,false,false,false
Available export: 2026-07-14 to 2026-08-04 (22 days),2026-07-16,2011150870.1784215171|1784215170,2011150870.1784215171,1784215170,google,organic,(organic),1784215224193674,https://terminusmaximus.com/replay-library/,,https://terminusmaximus.com/guild-raid/boss-meta/,terminusmaximus.com,/guild-raid/boss-meta/,/lre/farsight/,false,true,7,2,2,true,false,true,true,false,false,false,false,false
Available export: 2026-07-14 to 2026-08-04 (22 days),2026-07-16,2011150870.1784215171|1784271199,2011150870.1784215171,1784271199,google,organic,(organic),1784271205459864,https://terminusmaximus.com/replay-library/,,https://terminusmaximus.com/guild-raid/boss-meta/,terminusmaximus.com,,/about/,true,false,3,1,1,false,false,true,false,false,false,false,false,false
Available export: 2026-07-14 to 2026-08-04 (22 days),2026-07-16,2014181582.1784215470|1784215469,2014181582.1784215470,1784215469,(direct),(none),(direct),1784215469845322,https://terminusmaximus.com/replay-library/,,,,,/replay-library/,true,false,9,3,2,true,false,true,true,false,true,false,false,false
Available export: 2026-07-14 to 2026-08-04 (22 days),2026-07-16,2018713937.1784222410|1784222409,2018713937.1784222410,1784222409,(direct),(none),(direct),1784222410041188,https://terminusmaximus.com/replay-library/,,,,,,true,false,1,1,1,false,true,false,false,false,false,false,false,false
Available export: 2026-07-14 to 2026-08-04 (22 days),2026-07-16,2111859797.1784029962|1784203884,2111859797.1784029962,1784203884,reddit,post,s105,1784203884551619,https://terminusmaximus.com/replay-library/?utm_source=reddit&utm_medium=post&utm_campaign=s105,utm_source=reddit&utm_medium=post&utm_campaign=s105,,,,,true,false,1,1,1,false,true,false,false,false,false,false,false,false
Available export: 2026-07-14 to 2026-08-04 (22 days),2026-07-16,2111859797.1784029962|1784246755,2111859797.1784029962,1784246755,reddit,post,s105,1784246755987005,https://terminusmaximus.com/replay-library/?utm_source=reddit&utm_medium=post&utm_campaign=s105,utm_source=reddit&utm_medium=post&utm_campaign=s105,,,,,true,false,1,1,1,false,true,false,false,false,false,false,false,false
Available export: 2026-07-14 to 2026-08-04 (22 days),2026-07-16,2111859797.1784029962|1784249295,2111859797.1784029962,1784249295,reddit,post,s105,1784249301345837,https://terminusmaximus.com/replay-library/?utm_source=reddit&utm_medium=post&utm_campaign=s105,utm_source=reddit&utm_medium=post&utm_campaign=s105,,,,,true,false,1,1,1,false,true,false,false,false,false,false,false,false
Available export: 2026-07-14 to 2026-08-04 (22 days),2026-07-16,2129936024.1781545771|1784234454,2129936024.1781545771,1784234454,google,organic,(organic),1784234896798356,https://terminusmaximus.com/replay-library/,,https://terminusmaximus.com/guild-raid/boss-meta/,terminusmaximus.com,/guild-raid/boss-meta/,,false,true,4,1,1,false,false,true,false,false,false,false,false,false
Available export: 2026-07-14 to 2026-08-04 (22 days),2026-07-16,216675988.1780652630|1784213273,216675988.1780652630,1784213273,reddit,post,s105,1784213308582766,https://terminusmaximus.com/replay-library/,,https://terminusmaximus.com/,terminusmaximus.com,/guild-raid/s105/,,false,true,4,1,1,false,false,true,false,false,false,false,false,false
Available export: 2026-07-14 to 2026-08-04 (22 days),2026-07-16,260123427.1783634908|1784202491,260123427.1783634908,1784202491,google,organic,(organic),1784202496766728,https://terminusmaximus.com/replay-library/,,https://terminusmaximus.com/,terminusmaximus.com,/,/,false,true,6,2,2,true,false,true,true,false,false,false,false,false
Available export: 2026-07-14 to 2026-08-04 (22 days),2026-07-16,283833926.1784253170|1784253170,283833926.1784253170,1784253170,(direct),(none),(direct),1784253212568189,https://terminusmaximus.com/replay-library/,,https://terminusmaximus.com/elite-campaigns/,terminusmaximus.com,/elite-campaigns/,/elite-campaigns/,false,true,6,1,1,false,false,true,false,false,false,false,false,false
Available export: 2026-07-14 to 2026-08-04 (22 days),2026-07-16,289636546.1784216912|1784216912,289636546.1784216912,1784216912,(direct),(none),(direct),1784216912193750,https://terminusmaximus.com/replay-library/,,,,,/incursion-mow/,true,false,4,1,1,false,false,true,false,false,false,false,false,false
Available export: 2026-07-14 to 2026-08-04 (22 days),2026-07-16,289636546.1784216912|1784235681,289636546.1784216912,1784235681,(direct),(none),(direct),1784235708347561,https://terminusmaximus.com/replay-library/,,https://terminusmaximus.com/,terminusmaximus.com,/,,false,true,4,1,1,false,false,true,false,false,false,false,false,false
Available export: 2026-07-14 to 2026-08-04 (22 days),2026-07-16,289636546.1784216912|1784254337,289636546.1784216912,1784254337,(direct),(none),(direct),1784254337385293,https://terminusmaximus.com/replay-library/,,https://terminusmaximus.com/,terminusmaximus.com,,/replay-library/,true,false,2,2,1,false,false,true,true,false,false,false,false,false
Available export: 2026-07-14 to 2026-08-04 (22 days),2026-07-16,301255255.1783700732|1784236018,301255255.1783700732,1784236018,(direct),(none),(direct),1784236073144725,https://terminusmaximus.com/replay-library/,,https://terminusmaximus.com/,terminusmaximus.com,/,,false,true,5,1,1,false,false,true,false,false,false,false,false,false
Available export: 2026-07-14 to 2026-08-04 (22 days),2026-07-16,302226389.1784221913|1784221912,302226389.1784221913,1784221912,(direct),(none),(direct),1784221912819165,https://terminusmaximus.com/replay-library/,,,,,,true,false,1,1,1,false,true,false,false,false,false,false,false,false
Available export: 2026-07-14 to 2026-08-04 (22 days),2026-07-16,339744747.1782220214|1784202839,339744747.1782220214,1784202839,(direct),(none),(direct),1784202840303242,https://terminusmaximus.com/replay-library/,,,,,,true,false,1,1,1,false,true,false,false,false,false,false,false,false
Available export: 2026-07-14 to 2026-08-04 (22 days),2026-07-16,366435025.1784215449|1784215449,366435025.1784215449,1784215449,(direct),(none),(direct),1784215449520205,https://terminusmaximus.com/replay-library/,,,,,,true,false,1,1,1,false,true,false,false,false,false,false,false,false
Available export: 2026-07-14 to 2026-08-04 (22 days),2026-07-16,414965737.1784220215|1784220214,414965737.1784220215,1784220214,(direct),(none),(direct),1784220224412131,https://terminusmaximus.com/replay-library/,,https://terminusmaximus.com/,terminusmaximus.com,/,,false,true,2,1,1,false,false,true,false,false,false,false,false,false
Available export: 2026-07-14 to 2026-08-04 (22 days),2026-07-16,468123951.1784223260|1784223259,468123951.1784223260,1784223259,(direct),(none),(direct),1784223259806404,https://terminusmaximus.com/replay-library/,,,,,/replay-library/,true,false,2,2,1,false,false,true,true,false,false,false,false,false
Available export: 2026-07-14 to 2026-08-04 (22 days),2026-07-16,537561536.1784031370|1784266594,537561536.1784031370,1784266594,reddit,post,s105,1784266603550085,https://terminusmaximus.com/replay-library/,,https://terminusmaximus.com/,terminusmaximus.com,/,,false,true,2,1,1,false,false,true,false,false,false,false,false,false
Available export: 2026-07-14 to 2026-08-04 (22 days),2026-07-16,541713441.1784134100|1784269479,541713441.1784134100,1784269479,(direct),(none),(direct),1784269478126685,https://terminusmaximus.com/replay-library/,,,,,,true,false,1,1,1,false,true,false,false,false,false,false,false,false
Available export: 2026-07-14 to 2026-08-04 (22 days),2026-07-16,56179104.1784230387|1784230386,56179104.1784230387,1784230386,(direct),(none),(direct),1784230388349186,https://terminusmaximus.com/replay-library/,,,,,,true,false,1,1,1,false,true,false,false,false,false,false,false,false
Available export: 2026-07-14 to 2026-08-04 (22 days),2026-07-16,562989437.1784230066|1784230066,562989437.1784230066,1784230066,(direct),(none),(direct),1784230066283158,https://terminusmaximus.com/replay-library/,,,,,/,true,false,2,1,1,false,false,true,false,false,false,false,false,false
Available export: 2026-07-14 to 2026-08-04 (22 days),2026-07-16,565029146.1784123908|1784244022,565029146.1784123908,1784244022,reddit,post,s105,1784244022651309,https://terminusmaximus.com/replay-library/?utm_source=reddit&utm_medium=post&utm_campaign=s105,utm_source=reddit&utm_medium=post&utm_campaign=s105,,,,/replay-library/,true,false,2,2,1,false,false,true,true,false,false,false,false,false
Available export: 2026-07-14 to 2026-08-04 (22 days),2026-07-16,585271425.1784037398|1784217212,585271425.1784037398,1784217212,reddit,post,s105,1784217212481923,https://terminusmaximus.com/replay-library/?utm_source=reddit&utm_medium=post&utm_campaign=s105,utm_source=reddit&utm_medium=post&utm_campaign=s105,https://www.reddit.com/,www.reddit.com,,,true,false,1,1,1,false,true,false,false,false,false,false,false,false
Available export: 2026-07-14 to 2026-08-04 (22 days),2026-07-16,585271425.1784037398|1784223189,585271425.1784037398,1784223189,reddit,post,s105,1784223189721472,https://terminusmaximus.com/replay-library/?utm_source=reddit&utm_medium=post&utm_campaign=s105,utm_source=reddit&utm_medium=post&utm_campaign=s105,https://www.reddit.com/,www.reddit.com,,/replay-library/,true,false,2,2,1,false,false,true,true,false,false,false,false,false
Available export: 2026-07-14 to 2026-08-04 (22 days),2026-07-16,585271425.1784037398|1784261069,585271425.1784037398,1784261069,reddit,post,s105,1784261069720445,https://terminusmaximus.com/replay-library/?utm_source=reddit&utm_medium=post&utm_campaign=s105,utm_source=reddit&utm_medium=post&utm_campaign=s105,https://www.reddit.com/,www.reddit.com,,,true,false,1,1,1,false,true,false,false,false,false,false,false,false
Available export: 2026-07-14 to 2026-08-04 (22 days),2026-07-16,585271425.1784037398|1784269728,585271425.1784037398,1784269728,reddit,post,s105,1784269728627318,https://terminusmaximus.com/replay-library/?utm_source=reddit&utm_medium=post&utm_campaign=s105,utm_source=reddit&utm_medium=post&utm_campaign=s105,https://www.reddit.com/,www.reddit.com,,,true,false,1,1,1,false,true,false,false,false,false,false,false,false
Available export: 2026-07-14 to 2026-08-04 (22 days),2026-07-16,59682447.1783737056|1784189961,59682447.1783737056,1784189961,reddit,post,s105,1784189961390289,https://terminusmaximus.com/replay-library/?utm_source=reddit&utm_medium=post&utm_campaign=s105,utm_source=reddit&utm_medium=post&utm_campaign=s105,,,,,true,false,1,1,1,false,true,false,false,false,false,false,false,false
Available export: 2026-07-14 to 2026-08-04 (22 days),2026-07-16,59682447.1783737056|1784206078,59682447.1783737056,1784206078,reddit,post,s105,1784206079224419,https://terminusmaximus.com/replay-library/?utm_source=reddit&utm_medium=post&utm_campaign=s105,utm_source=reddit&utm_medium=post&utm_campaign=s105,,,,/,true,false,2,1,1,false,false,true,false,false,false,false,false,false
Available export: 2026-07-14 to 2026-08-04 (22 days),2026-07-16,59682447.1783737056|1784267275,59682447.1783737056,1784267275,reddit,post,s105,1784267275888696,https://terminusmaximus.com/replay-library/?utm_source=reddit&utm_medium=post&utm_campaign=s105,utm_source=reddit&utm_medium=post&utm_campaign=s105,,,,,true,false,1,1,1,false,true,false,false,false,false,false,false,false
Available export: 2026-07-14 to 2026-08-04 (22 days),2026-07-16,662022281.1783228762|1784214444,662022281.1783228762,1784214444,reddit,post,s105,1784214444350189,https://terminusmaximus.com/replay-library/,,https://terminusmaximus.com/,terminusmaximus.com,,,true,false,1,1,1,false,true,false,false,false,false,false,false,false
Available export: 2026-07-14 to 2026-08-04 (22 days),2026-07-16,662022281.1783228762|1784230863,662022281.1783228762,1784230863,reddit,post,s105,1784230863192038,https://terminusmaximus.com/replay-library/,,https://terminusmaximus.com/,terminusmaximus.com,,,true,false,1,1,1,false,true,false,false,false,false,false,false,false
Available export: 2026-07-14 to 2026-08-04 (22 days),2026-07-16,673613839.1783727894|1784210853,673613839.1783727894,1784210853,(direct),(none),(direct),1784210853612944,https://terminusmaximus.com/replay-library/,,,,,,true,false,1,1,1,false,true,false,false,false,false,false,false,false
Available export: 2026-07-14 to 2026-08-04 (22 days),2026-07-16,673613839.1783727894|1784258734,673613839.1783727894,1784258734,(direct),(none),(direct),1784258735265666,https://terminusmaximus.com/replay-library/,,,,,,true,false,1,1,1,false,true,false,false,false,false,false,false,false
Available export: 2026-07-14 to 2026-08-04 (22 days),2026-07-16,690906611.1784220034|1784220033,690906611.1784220034,1784220033,google,organic,(organic),1784220036600437,https://terminusmaximus.com/replay-library/,,https://terminusmaximus.com/,terminusmaximus.com,/,,false,true,2,1,1,false,false,true,false,false,false,false,false,false
Available export: 2026-07-14 to 2026-08-04 (22 days),2026-07-16,722665480.1784228608|1784228607,722665480.1784228608,1784228607,google,organic,(organic),1784228624097932,https://terminusmaximus.com/replay-library/,,https://terminusmaximus.com/,terminusmaximus.com,/,/replay-library/,false,true,3,2,1,false,false,true,true,false,false,false,false,false
Available export: 2026-07-14 to 2026-08-04 (22 days),2026-07-16,745827446.1784157382|1784201686,745827446.1784157382,1784201686,(direct),(none),(direct),1784201685861924,https://terminusmaximus.com/replay-library/,,,,,,true,false,1,1,1,false,true,false,false,false,false,false,false,false
Available export: 2026-07-14 to 2026-08-04 (22 days),2026-07-16,776182018.1784139373|1784221395,776182018.1784139373,1784221395,(direct),(none),(direct),1784221395957620,https://terminusmaximus.com/replay-library/,,,,,,true,false,1,1,1,false,true,false,false,false,false,false,false,false
Available export: 2026-07-14 to 2026-08-04 (22 days),2026-07-16,806076381.1784055073|1784217661,806076381.1784055073,1784217661,discord,post,boss-meta,1784217667890364,https://terminusmaximus.com/replay-library/,,https://terminusmaximus.com/guild-raid/boss-meta/?utm_source=discord&utm_medium=post&utm_campaign=boss-meta,terminusmaximus.com,/guild-raid/boss-meta/,,false,true,2,1,1,false,false,true,false,false,false,false,false,false
Available export: 2026-07-14 to 2026-08-04 (22 days),2026-07-16,84812924.1783836281|1784223264,84812924.1783836281,1784223264,(direct),(none),(direct),1784223264708848,https://terminusmaximus.com/replay-library/,,,,,/replay-library/,true,false,2,2,1,false,false,true,true,false,false,false,false,false
Available export: 2026-07-14 to 2026-08-04 (22 days),2026-07-16,856827505.1784190023|1784190023,856827505.1784190023,1784190023,(direct),(none),(direct),1784190072776825,https://terminusmaximus.com/replay-library/,,https://terminusmaximus.com/,terminusmaximus.com,/,/guild-raid/s105/,false,true,3,1,1,false,false,true,false,false,true,false,false,false
Available export: 2026-07-14 to 2026-08-04 (22 days),2026-07-16,897527297.1780775674|1784226032,897527297.1780775674,1784226032,(direct),(none),(direct),1784226042249482,https://terminusmaximus.com/replay-library/,,https://terminusmaximus.com/,terminusmaximus.com,/,,false,true,2,1,1,false,false,true,false,false,false,false,false,false
Available export: 2026-07-14 to 2026-08-04 (22 days),2026-07-16,915409903.1783447581|1784190750,915409903.1783447581,1784190750,google,organic,(organic),1784190749774861,https://terminusmaximus.com/replay-library/,,,,,,true,false,1,1,1,false,true,false,false,false,false,false,false,false
Available export: 2026-07-14 to 2026-08-04 (22 days),2026-07-16,988070328.1783064197|1784233412,988070328.1783064197,1784233412,reddit,post,s105,1784233468919598,https://terminusmaximus.com/replay-library/,,https://terminusmaximus.com/guild-raid/s105/?utm_source=reddit&utm_medium=post&utm_campaign=s105,terminusmaximus.com,/guild-raid/s105/,,false,true,2,1,1,false,false,true,false,false,false,false,false,false
Available export: 2026-07-14 to 2026-08-04 (22 days),2026-07-16,9917572.1784243476|1784243476,9917572.1784243476,1784243476,google,organic,(organic),1784243476541376,https://terminusmaximus.com/replay-library/,,https://www.google.com/,www.google.com,,/replay-library/,true,false,2,2,1,false,false,true,true,false,false,false,false,false
Available export: 2026-07-14 to 2026-08-04 (22 days),2026-07-16,9917572.1784243476|1784246958,9917572.1784243476,1784246958,google,organic,(organic),1784246958955342,https://terminusmaximus.com/replay-library/,,https://www.google.com/,www.google.com,,/replay-library/,true,false,2,2,1,false,false,true,true,false,false,false,false,false
Available export: 2026-07-14 to 2026-08-04 (22 days),2026-07-17,1005698852.1784314940|1784314940,1005698852.1784314940,1784314940,reddit,post,s105,1784314940262944,https://terminusmaximus.com/replay-library/?utm_source=reddit&utm_medium=post&utm_campaign=s105,utm_source=reddit&utm_medium=post&utm_campaign=s105,https://www.reddit.com/,www.reddit.com,,,true,false,1,1,1,false,true,false,false,false,false,false,false,false
Available export: 2026-07-14 to 2026-08-04 (22 days),2026-07-17,1072113099.1780609127|1784330180,1072113099.1780609127,1784330180,reddit,post,s105,1784330179585750,https://terminusmaximus.com/replay-library/,,,,,,true,false,1,1,1,false,true,false,false,false,false,false,false,false
Available export: 2026-07-14 to 2026-08-04 (22 days),2026-07-17,1072113099.1780609127|1784340951,1072113099.1780609127,1784340951,reddit,post,s105,1784340950563567,https://terminusmaximus.com/replay-library/,,,,,,true,false,1,1,1,false,true,false,false,false,false,false,false,false
Available export: 2026-07-14 to 2026-08-04 (22 days),2026-07-17,1072113099.1780609127|1784350678,1072113099.1780609127,1784350678,reddit,post,s105,1784350677592110,https://terminusmaximus.com/replay-library/,,,,,,true,false,1,1,1,false,true,false,false,false,false,false,false,false
Available export: 2026-07-14 to 2026-08-04 (22 days),2026-07-17,1079571534.1784036714|1784278196,1079571534.1784036714,1784278196,reddit,post,s105,1784278196461919,https://terminusmaximus.com/replay-library/?utm_source=reddit&utm_medium=post&utm_campaign=s105,utm_source=reddit&utm_medium=post&utm_campaign=s105,,,,,true,false,1,1,1,false,true,false,false,false,false,false,false,false
Available export: 2026-07-14 to 2026-08-04 (22 days),2026-07-17,1079571534.1784036714|1784280231,1079571534.1784036714,1784280231,reddit,post,s105,1784280232678188,https://terminusmaximus.com/replay-library/?utm_source=reddit&utm_medium=post&utm_campaign=s105,utm_source=reddit&utm_medium=post&utm_campaign=s105,,,,,true,false,1,1,1,false,true,false,false,false,false,false,false,false
Available export: 2026-07-14 to 2026-08-04 (22 days),2026-07-17,1079571534.1784036714|1784289348,1079571534.1784036714,1784289348,reddit,post,s105,1784289349045713,https://terminusmaximus.com/replay-library/?utm_source=reddit&utm_medium=post&utm_campaign=s105,utm_source=reddit&utm_medium=post&utm_campaign=s105,,,,,true,false,1,1,1,false,true,false,false,false,false,false,false,false
Available export: 2026-07-14 to 2026-08-04 (22 days),2026-07-17,1079571534.1784036714|1784295732,1079571534.1784036714,1784295732,reddit,post,s105,1784295734531209,https://terminusmaximus.com/replay-library/?utm_source=reddit&utm_medium=post&utm_campaign=s105,utm_source=reddit&utm_medium=post&utm_campaign=s105,,,,,true,false,1,1,1,false,true,false,false,false,false,false,false,false
Available export: 2026-07-14 to 2026-08-04 (22 days),2026-07-17,1094408177.1784126728|1784334537,1094408177.1784126728,1784334537,(direct),(none),(direct),1784334537772503,https://terminusmaximus.com/replay-library/,,https://terminusmaximus.com/,terminusmaximus.com,,,true,false,1,1,1,false,true,false,false,false,false,false,false,false
Available export: 2026-07-14 to 2026-08-04 (22 days),2026-07-17,111613413.1784280081|1784280081,111613413.1784280081,1784280081,google,organic,(organic),1784280107543221,https://terminusmaximus.com/replay-library/,,https://terminusmaximus.com/guild-raid/boss-meta/,terminusmaximus.com,/guild-raid/boss-meta/,,false,true,4,1,1,false,false,true,false,false,false,false,false,false
Available export: 2026-07-14 to 2026-08-04 (22 days),2026-07-17,1122305543.1780944578|1784340025,1122305543.1780944578,1784340025,reddit,post,mow2026,1784340024251466,https://terminusmaximus.com/replay-library/,,,,,,true,false,1,1,1,false,true,false,false,false,false,false,false,false
Available export: 2026-07-14 to 2026-08-04 (22 days),2026-07-17,1129932636.1784184948|1784276938,1129932636.1784184948,1784276938,google,organic,(organic),1784276942035663,https://terminusmaximus.com/replay-library/,,https://terminusmaximus.com/,terminusmaximus.com,/,,false,true,2,1,1,false,false,true,false,false,false,false,false,false
Available export: 2026-07-14 to 2026-08-04 (22 days),2026-07-17,1137099813.1782608606|1784317617,1137099813.1782608606,1784317617,google,organic,(organic),1784317709293868,https://terminusmaximus.com/replay-library/,,https://terminusmaximus.com/,terminusmaximus.com,/,,false,true,4,1,1,false,false,true,false,false,false,false,false,false
Available export: 2026-07-14 to 2026-08-04 (22 days),2026-07-17,1186765260.1784277452|1784277451,1186765260.1784277452,1784277451,discord,post,boss-meta,1784277483467738,https://terminusmaximus.com/replay-library/,,https://terminusmaximus.com/guild-raid/boss-meta/?utm_source=discord&utm_medium=post&utm_campaign=boss-meta,terminusmaximus.com,/guild-raid/boss-meta/,,false,true,2,1,1,false,false,true,false,false,false,false,false,false
Available export: 2026-07-14 to 2026-08-04 (22 days),2026-07-17,1186765260.1784277452|1784290336,1186765260.1784277452,1784290336,discord,post,boss-meta,1784290338257197,https://terminusmaximus.com/replay-library/,,https://terminusmaximus.com/guild-raid/boss-meta/?utm_source=discord&utm_medium=post&utm_campaign=boss-meta,terminusmaximus.com,,,true,false,1,1,1,false,true,false,false,false,false,false,false,false
Available export: 2026-07-14 to 2026-08-04 (22 days),2026-07-17,1186765260.1784277452|1784319513,1186765260.1784277452,1784319513,discord,post,boss-meta,1784319513261800,https://terminusmaximus.com/replay-library/,,https://terminusmaximus.com/guild-raid/boss-meta/?utm_source=discord&utm_medium=post&utm_campaign=boss-meta,terminusmaximus.com,,,true,false,1,1,1,false,true,false,false,false,false,false,false,false
Available export: 2026-07-14 to 2026-08-04 (22 days),2026-07-17,1219630744.1781221394|1784272889,1219630744.1781221394,1784272889,google,organic,(organic),1784272889648240,https://terminusmaximus.com/replay-library/,,https://terminusmaximus.com/guild-raid/archive/,terminusmaximus.com,,,true,false,1,1,1,false,true,false,false,false,false,false,false,false
Available export: 2026-07-14 to 2026-08-04 (22 days),2026-07-17,1248298120.1784135033|1784309292,1248298120.1784135033,1784309292,reddit,post,s105,1784309293556595,https://terminusmaximus.com/replay-library/?utm_source=reddit&utm_medium=post&utm_campaign=s105,utm_source=reddit&utm_medium=post&utm_campaign=s105,,,,,true,false,1,1,1,false,true,false,false,false,false,false,false,false
Available export: 2026-07-14 to 2026-08-04 (22 days),2026-07-17,1248298120.1784135033|1784314723,1248298120.1784135033,1784314723,reddit,post,s105,1784314724221023,https://terminusmaximus.com/replay-library/?utm_source=reddit&utm_medium=post&utm_campaign=s105,utm_source=reddit&utm_medium=post&utm_campaign=s105,,,,,true,false,1,1,1,false,true,false,false,false,false,false,false,false
Available export: 2026-07-14 to 2026-08-04 (22 days),2026-07-17,1248298120.1784135033|1784332464,1248298120.1784135033,1784332464,reddit,post,s105,1784332464637267,https://terminusmaximus.com/replay-library/?utm_source=reddit&utm_medium=post&utm_campaign=s105,utm_source=reddit&utm_medium=post&utm_campaign=s105,,,,,true,false,1,1,1,false,true,false,false,false,false,false,false,false
Available export: 2026-07-14 to 2026-08-04 (22 days),2026-07-17,1248298120.1784135033|1784335667,1248298120.1784135033,1784335667,reddit,post,s105,1784335667359392,https://terminusmaximus.com/replay-library/?utm_source=reddit&utm_medium=post&utm_campaign=s105,utm_source=reddit&utm_medium=post&utm_campaign=s105,,,,,true,false,1,1,1,false,true,false,false,false,false,false,false,false
Available export: 2026-07-14 to 2026-08-04 (22 days),2026-07-17,1277723645.1784288183|1784288183,1277723645.1784288183,1784288183,(direct),(none),(direct),1784288197969480,https://terminusmaximus.com/replay-library/,,https://terminusmaximus.com/guild-raid/s105/,terminusmaximus.com,/guild-raid/s105/,,false,true,3,1,1,false,false,true,false,false,false,false,false,false
Available export: 2026-07-14 to 2026-08-04 (22 days),2026-07-17,1329647486.1784224950|1784353681,1329647486.1784224950,1784353681,reddit,post,s105,1784353683018544,https://terminusmaximus.com/replay-library/?utm_source=reddit&utm_medium=post&utm_campaign=s105,utm_source=reddit&utm_medium=post&utm_campaign=s105,,,,,true,false,1,1,1,false,true,false,false,false,false,false,false,false
Available export: 2026-07-14 to 2026-08-04 (22 days),2026-07-17,1330085543.1784224204|1784301518,1330085543.1784224204,1784301518,google,organic,(organic),1784301519091839,https://terminusmaximus.com/replay-library/,,https://terminusmaximus.com/guild-raid/s105/,terminusmaximus.com,,,true,false,1,1,1,false,true,false,false,false,false,false,false,false
Available export: 2026-07-14 to 2026-08-04 (22 days),2026-07-17,1330085543.1784224204|1784314631,1330085543.1784224204,1784314631,google,organic,(organic),1784314631729170,https://terminusmaximus.com/replay-library/,,https://terminusmaximus.com/guild-raid/s105/,terminusmaximus.com,,,true,false,1,1,1,false,true,false,false,false,false,false,false,false
Available export: 2026-07-14 to 2026-08-04 (22 days),2026-07-17,1344461387.1782793344|1784295358,1344461387.1782793344,1784295358,google,organic,(organic),1784295389490822,https://terminusmaximus.com/replay-library/,,https://terminusmaximus.com/guild-raid/s105/,terminusmaximus.com,/guild-raid/s105/,/replay-library/,false,true,4,3,1,false,false,true,true,false,false,false,false,false
Available export: 2026-07-14 to 2026-08-04 (22 days),2026-07-17,1344461387.1782793344|1784297750,1344461387.1782793344,1784297750,google,organic,(organic),1784297751591813,https://terminusmaximus.com/replay-library/,,https://terminusmaximus.com/guild-raid/s105/,terminusmaximus.com,,/replay-library/,true,false,3,3,1,false,false,true,true,false,false,false,false,false
Available export: 2026-07-14 to 2026-08-04 (22 days),2026-07-17,1344461387.1782793344|1784349971,1344461387.1782793344,1784349971,google,organic,(organic),1784350005227331,https://terminusmaximus.com/replay-library/,,https://terminusmaximus.com/guild-raid/s105/,terminusmaximus.com,/guild-raid/s105/,,false,true,3,1,1,false,false,true,false,false,false,false,false,false
Available export: 2026-07-14 to 2026-08-04 (22 days),2026-07-17,1344461387.1782793344|1784356265,1344461387.1782793344,1784356265,google,organic,(organic),1784356265329563,https://terminusmaximus.com/replay-library/,,https://terminusmaximus.com/guild-raid/s105/,terminusmaximus.com,,/,true,false,4,1,1,false,false,true,false,false,false,false,false,false
Available export: 2026-07-14 to 2026-08-04 (22 days),2026-07-17,1353535791.1784042323|1784272261,1353535791.1784042323,1784272261,reddit,post,s105,1784272260752603,https://terminusmaximus.com/replay-library/,,,,,,true,false,1,1,1,false,true,false,false,false,false,false,false,false
Available export: 2026-07-14 to 2026-08-04 (22 days),2026-07-17,1404733325.1784314844|1784314843,1404733325.1784314844,1784314843,reddit,post,s105,1784314843563269,https://terminusmaximus.com/replay-library/?utm_source=reddit&utm_medium=post&utm_campaign=s105,utm_source=reddit&utm_medium=post&utm_campaign=s105,https://www.reddit.com/,www.reddit.com,,,true,false,1,1,1,false,true,false,false,false,false,false,false,false
Available export: 2026-07-14 to 2026-08-04 (22 days),2026-07-17,1414967196.1784308372|1784308372,1414967196.1784308372,1784308372,(direct),(none),(direct),1784308506573623,https://terminusmaximus.com/replay-library/,,https://terminusmaximus.com/guild-raid/s105/,terminusmaximus.com,/guild-raid/s105/,/replay-library/,false,true,20,7,3,true,false,true,true,false,false,false,false,false
Available export: 2026-07-14 to 2026-08-04 (22 days),2026-07-17,1450814780.1784262433|1784325050,1450814780.1784262433,1784325050,google,organic,(organic),1784325050445238,https://terminusmaximus.com/replay-library/,,https://terminusmaximus.com/,terminusmaximus.com,,,true,false,1,1,1,false,true,false,false,false,false,false,false,false
Available export: 2026-07-14 to 2026-08-04 (22 days),2026-07-17,1465237454.1784339619|1784339619,1465237454.1784339619,1784339619,(direct),(none),(direct),1784339630318442,https://terminusmaximus.com/replay-library/,,https://terminusmaximus.com/guild-raid/,terminusmaximus.com,/guild-raid/,,false,true,2,1,1,false,false,true,false,false,false,false,false,false
Available export: 2026-07-14 to 2026-08-04 (22 days),2026-07-17,1504857943.1784205943|1784274937,1504857943.1784205943,1784274937,(direct),(none),(direct),1784274937984989,https://terminusmaximus.com/replay-library/,,,,,,true,false,1,1,1,false,true,false,false,false,false,false,false,false
Available export: 2026-07-14 to 2026-08-04 (22 days),2026-07-17,1520165871.1784095012|1784304033,1520165871.1784095012,1784304033,reddit,post,s105,1784304033352510,https://terminusmaximus.com/replay-library/?utm_source=reddit&utm_medium=post&utm_campaign=s105,utm_source=reddit&utm_medium=post&utm_campaign=s105,,,,,true,false,1,1,1,false,true,false,false,false,false,false,false,false
Available export: 2026-07-14 to 2026-08-04 (22 days),2026-07-17,1520165871.1784095012|1784333976,1520165871.1784095012,1784333976,reddit,post,s105,1784333976815268,https://terminusmaximus.com/replay-library/?utm_source=reddit&utm_medium=post&utm_campaign=s105,utm_source=reddit&utm_medium=post&utm_campaign=s105,,,,,true,false,1,1,1,false,true,false,false,false,false,false,false,false
Available export: 2026-07-14 to 2026-08-04 (22 days),2026-07-17,1525197315.1784320241|1784320241,1525197315.1784320241,1784320241,reddit,post,s105,1784320241175143,https://terminusmaximus.com/replay-library/?utm_source=reddit&utm_medium=post&utm_campaign=s105,utm_source=reddit&utm_medium=post&utm_campaign=s105,https://www.reddit.com/,www.reddit.com,,,true,false,1,1,1,false,true,false,false,false,false,false,false,false
Available export: 2026-07-14 to 2026-08-04 (22 days),2026-07-17,1534999652.1784329201|1784329201,1534999652.1784329201,1784329201,discord,post,boss-meta,1784329410377370,https://terminusmaximus.com/replay-library/,,https://terminusmaximus.com/guild-raid/boss-meta/?utm_source=discord&utm_medium=post&utm_campaign=boss-meta,terminusmaximus.com,/guild-raid/boss-meta/,/replay-library/,false,true,4,2,1,false,false,true,true,false,false,false,false,false
Available export: 2026-07-14 to 2026-08-04 (22 days),2026-07-17,1540725514.1784313755|1784313755,1540725514.1784313755,1784313755,reddit,post,s105,1784313755287006,https://terminusmaximus.com/replay-library/?utm_source=reddit&utm_medium=post&utm_campaign=s105,utm_source=reddit&utm_medium=post&utm_campaign=s105,https://www.reddit.com/,www.reddit.com,,,true,false,1,1,1,false,true,false,false,false,false,false,false,false
Available export: 2026-07-14 to 2026-08-04 (22 days),2026-07-17,1581834745.1784223577|1784316001,1581834745.1784223577,1784316001,(direct),(none),(direct),1784316001068761,https://terminusmaximus.com/replay-library/,,,,,/replay-library/,true,false,2,2,1,false,false,true,true,false,false,false,false,false
Available export: 2026-07-14 to 2026-08-04 (22 days),2026-07-17,1611858505.1784312876|1784312876,1611858505.1784312876,1784312876,reddit,post,s105,1784312876301534,https://terminusmaximus.com/replay-library/?utm_source=reddit&utm_medium=post&utm_campaign=s105,utm_source=reddit&utm_medium=post&utm_campaign=s105,https://www.reddit.com/,www.reddit.com,,,true,false,1,1,1,false,true,false,false,false,false,false,false,false
Available export: 2026-07-14 to 2026-08-04 (22 days),2026-07-17,1617973791.1784216272|1784278864,1617973791.1784216272,1784278864,(direct),(none),(direct),1784278864735757,https://terminusmaximus.com/replay-library/,,,,,/replay-library/,true,false,2,2,1,false,false,true,true,false,false,false,false,false
Available export: 2026-07-14 to 2026-08-04 (22 days),2026-07-17,166244069.1783747925|1784290911,166244069.1783747925,1784290911,(direct),(none),(direct),1784290911398531,https://terminusmaximus.com/replay-library/,,,,,,true,false,1,1,1,false,true,false,false,false,false,false,false,false
Available export: 2026-07-14 to 2026-08-04 (22 days),2026-07-17,166244069.1783747925|1784319815,166244069.1783747925,1784319815,(direct),(none),(direct),1784319815878915,https://terminusmaximus.com/replay-library/,,,,,,true,false,1,1,1,false,true,false,false,false,false,false,false,false
Available export: 2026-07-14 to 2026-08-04 (22 days),2026-07-17,166244069.1783747925|1784321869,166244069.1783747925,1784321869,(direct),(none),(direct),1784321869514544,https://terminusmaximus.com/replay-library/,,,,,/replay-library/,true,false,2,2,1,false,false,true,true,false,false,false,false,false
Available export: 2026-07-14 to 2026-08-04 (22 days),2026-07-17,1698601453.1784348695|1784348694,1698601453.1784348695,1784348694,reddit,post,s105,1784348694954056,https://terminusmaximus.com/replay-library/?utm_source=reddit&utm_medium=post&utm_campaign=s105,utm_source=reddit&utm_medium=post&utm_campaign=s105,,,,,true,false,1,1,1,false,true,false,false,false,false,false,false,false
Available export: 2026-07-14 to 2026-08-04 (22 days),2026-07-17,1717154216.1784337161|1784337161,1717154216.1784337161,1784337161,(direct),(none),(direct),1784337161441000,https://terminusmaximus.com/replay-library/,,,,,,true,false,1,1,1,false,true,false,false,false,false,false,false,false
Available export: 2026-07-14 to 2026-08-04 (22 days),2026-07-17,1741810715.1784320121|1784320120,1741810715.1784320121,1784320120,reddit,post,s105,1784320120582289,https://terminusmaximus.com/replay-library/?utm_source=reddit&utm_medium=post&utm_campaign=s105,utm_source=reddit&utm_medium=post&utm_campaign=s105,https://www.reddit.com/,www.reddit.com,,,true,false,1,1,1,false,true,false,false,false,false,false,false,false
Available export: 2026-07-14 to 2026-08-04 (22 days),2026-07-17,1750145351.1780773652|1784272475,1750145351.1780773652,1784272475,duckduckgo,organic,(organic),1784272481538534,https://terminusmaximus.com/replay-library/,,https://terminusmaximus.com/,terminusmaximus.com,/,,false,true,2,1,1,false,false,true,false,false,false,false,false,false
Available export: 2026-07-14 to 2026-08-04 (22 days),2026-07-17,1750145351.1780773652|1784316481,1750145351.1780773652,1784316481,duckduckgo,organic,(organic),1784316490818055,https://terminusmaximus.com/replay-library/,,https://terminusmaximus.com/,terminusmaximus.com,/,,false,true,2,1,1,false,false,true,false,false,false,false,false,false
Available export: 2026-07-14 to 2026-08-04 (22 days),2026-07-17,1784678737.1784129889|1784291410,1784678737.1784129889,1784291410,reddit,post,s105,1784291410603370,https://terminusmaximus.com/replay-library/,,,,,/guild-raid/,true,false,4,2,2,true,false,true,true,false,false,false,false,false
Available export: 2026-07-14 to 2026-08-04 (22 days),2026-07-17,1784678737.1784129889|1784313660,1784678737.1784129889,1784313660,reddit,post,s105,1784313661191270,https://terminusmaximus.com/replay-library/,,https://terminusmaximus.com/guild-raid/s105/,terminusmaximus.com,,,true,false,1,1,1,false,true,false,false,false,false,false,false,false
Available export: 2026-07-14 to 2026-08-04 (22 days),2026-07-17,178507423.1784312138|1784312138,178507423.1784312138,1784312138,reddit,post,s105,1784312138140881,https://terminusmaximus.com/replay-library/?utm_source=reddit&utm_medium=post&utm_campaign=s105,utm_source=reddit&utm_medium=post&utm_campaign=s105,https://www.reddit.com/,www.reddit.com,,/replay-library/,true,false,3,3,1,false,false,true,true,false,false,false,false,false
Available export: 2026-07-14 to 2026-08-04 (22 days),2026-07-17,1789962346.1784215190|1784349123,1789962346.1784215190,1784349123,reddit,post,mow2026,1784349371544321,https://terminusmaximus.com/replay-library/,,https://terminusmaximus.com/?utm_source=reddit&utm_medium=post&utm_campaign=mow2026,terminusmaximus.com,/guild-raid/s105/,/guild-raid/s105/,false,true,5,1,1,false,false,true,false,false,false,false,false,false
Available export: 2026-07-14 to 2026-08-04 (22 days),2026-07-17,1795560249.1784337022|1784337021,1795560249.1784337022,1784337021,reddit,post,boss-meta,1784337081881550,https://terminusmaximus.com/replay-library/,,https://terminusmaximus.com/guild-raid/boss-meta//?utm_source=reddit&utm_medium=post&utm_campaign=boss-meta,terminusmaximus.com,/guild-raid/boss-meta/,,false,true,2,1,1,false,false,true,false,false,false,false,false,false
Available export: 2026-07-14 to 2026-08-04 (22 days),2026-07-17,1834816715.1784168211|1784356661,1834816715.1784168211,1784356661,(direct),(none),(direct),1784356662625230,https://terminusmaximus.com/replay-library/,,,,,,true,false,1,1,1,false,true,false,false,false,false,false,false,false
Available export: 2026-07-14 to 2026-08-04 (22 days),2026-07-17,1858047959.1784030123|1784315216,1858047959.1784030123,1784315216,reddit,post,s105,1784315218188472,https://terminusmaximus.com/replay-library/?utm_source=reddit&utm_medium=post&utm_campaign=s105,utm_source=reddit&utm_medium=post&utm_campaign=s105,,,,,true,false,1,1,1,false,true,false,false,false,false,false,false,false
Available export: 2026-07-14 to 2026-08-04 (22 days),2026-07-17,1888581263.1784337182|1784337181,1888581263.1784337182,1784337181,(direct),(none),(direct),1784337181975684,https://terminusmaximus.com/replay-library/,,,,,,true,false,1,1,1,false,true,false,false,false,false,false,false,false
Available export: 2026-07-14 to 2026-08-04 (22 days),2026-07-17,190922776.1780682759|1784282671,190922776.1780682759,1784282671,reddit,post,s105,1784282671060520,https://terminusmaximus.com/replay-library/,,,,,,true,false,1,1,1,false,true,false,false,false,false,false,false,false
Available export: 2026-07-14 to 2026-08-04 (22 days),2026-07-17,1910625792.1784313657|1784313657,1910625792.1784313657,1784313657,reddit,post,s105,1784313657431013,https://terminusmaximus.com/replay-library/?utm_source=reddit&utm_medium=post&utm_campaign=s105,utm_source=reddit&utm_medium=post&utm_campaign=s105,https://www.reddit.com/,www.reddit.com,,,true,false,1,1,1,false,true,false,false,false,false,false,false,false
Available export: 2026-07-14 to 2026-08-04 (22 days),2026-07-17,195718638.1784311654|1784311654,195718638.1784311654,1784311654,reddit,post,s105,1784311654685476,https://terminusmaximus.com/replay-library/?utm_source=reddit&utm_medium=post&utm_campaign=s105,utm_source=reddit&utm_medium=post&utm_campaign=s105,,,,,true,false,1,1,1,false,true,false,false,false,false,false,false,false
Available export: 2026-07-14 to 2026-08-04 (22 days),2026-07-17,2000191208.1784273230|1784273229,2000191208.1784273230,1784273229,google,organic,(organic),1784273232488747,https://terminusmaximus.com/replay-library/,,https://www.google.com/,www.google.com,,,true,false,1,1,1,false,true,false,false,false,false,false,false,false
Available export: 2026-07-14 to 2026-08-04 (22 days),2026-07-17,2100717848.1783783341|1784322923,2100717848.1783783341,1784322923,(direct),(none),(direct),1784322924569786,https://terminusmaximus.com/replay-library/,,,,,,true,false,1,1,1,false,true,false,false,false,false,false,false,false
Available export: 2026-07-14 to 2026-08-04 (22 days),2026-07-17,2111859797.1784029962|1784288918,2111859797.1784029962,1784288918,reddit,post,s105,1784288918295387,https://terminusmaximus.com/replay-library/?utm_source=reddit&utm_medium=post&utm_campaign=s105,utm_source=reddit&utm_medium=post&utm_campaign=s105,,,,,true,false,1,1,1,false,true,false,false,false,false,false,false,false
Available export: 2026-07-14 to 2026-08-04 (22 days),2026-07-17,216675988.1780652630|1784279701,216675988.1780652630,1784279701,reddit,post,s105,1784279714215560,https://terminusmaximus.com/replay-library/,,https://terminusmaximus.com/,terminusmaximus.com,/,/,false,true,6,2,2,true,false,true,true,false,false,false,false,false
Available export: 2026-07-14 to 2026-08-04 (22 days),2026-07-17,225701923.1783836780|1784334645,225701923.1783836780,1784334645,google,organic,(organic),1784334645725896,https://terminusmaximus.com/replay-library/,,https://www.google.com/,www.google.com,,/,true,false,5,1,1,false,false,true,false,false,false,false,false,false
Available export: 2026-07-14 to 2026-08-04 (22 days),2026-07-17,289636546.1784216912|1784292677,289636546.1784216912,1784292677,(direct),(none),(direct),1784292677965146,https://terminusmaximus.com/replay-library/,,https://terminusmaximus.com/,terminusmaximus.com,,,true,false,1,1,1,false,true,false,false,false,false,false,false,false
Available export: 2026-07-14 to 2026-08-04 (22 days),2026-07-17,289636546.1784216912|1784299111,289636546.1784216912,1784299111,(direct),(none),(direct),1784299112693196,https://terminusmaximus.com/replay-library/,,https://terminusmaximus.com/,terminusmaximus.com,,/replay-library/,true,false,2,2,1,false,false,true,true,false,false,false,false,false
Available export: 2026-07-14 to 2026-08-04 (22 days),2026-07-17,289636546.1784216912|1784301248,289636546.1784216912,1784301248,(direct),(none),(direct),1784301248950683,https://terminusmaximus.com/replay-library/,,https://terminusmaximus.com/,terminusmaximus.com,,,true,false,1,1,1,false,true,false,false,false,false,false,false,false
Available export: 2026-07-14 to 2026-08-04 (22 days),2026-07-17,289636546.1784216912|1784320769,289636546.1784216912,1784320769,(direct),(none),(direct),1784320769648717,https://terminusmaximus.com/replay-library/,,https://terminusmaximus.com/,terminusmaximus.com,,/,true,false,3,1,1,false,false,true,false,false,false,false,false,false
Available export: 2026-07-14 to 2026-08-04 (22 days),2026-07-17,347087754.1784047690|1784274410,347087754.1784047690,1784274410,(direct),(none),(direct),1784274416511673,https://terminusmaximus.com/replay-library/,,https://terminusmaximus.com/,terminusmaximus.com,/,,false,true,2,1,1,false,false,true,false,false,false,false,false,false
Available export: 2026-07-14 to 2026-08-04 (22 days),2026-07-17,388840894.1784353260|1784353260,388840894.1784353260,1784353260,(direct),(none),(direct),1784353261404511,https://terminusmaximus.com/replay-library/,,,,,/replay-library/,true,false,2,2,1,false,false,true,true,false,false,false,false,false
Available export: 2026-07-14 to 2026-08-04 (22 days),2026-07-17,450478560.1780479950|1784275665,450478560.1780479950,1784275665,reddit,post,s105,1784275683094197,https://terminusmaximus.com/replay-library/,,https://terminusmaximus.com/guild-raid/s105/?utm_source=reddit&utm_medium=post&utm_campaign=s105,terminusmaximus.com,/guild-raid/s105/,,false,true,2,1,1,false,false,true,false,false,false,false,false,false
Available export: 2026-07-14 to 2026-08-04 (22 days),2026-07-17,450478560.1780479950|1784291753,450478560.1780479950,1784291753,reddit,post,s105,1784291753659129,https://terminusmaximus.com/replay-library/?utm_source=reddit&utm_medium=post&utm_campaign=s105,utm_source=reddit&utm_medium=post&utm_campaign=s105,,,,,true,false,1,1,1,false,true,false,false,false,false,false,false,false
Available export: 2026-07-14 to 2026-08-04 (22 days),2026-07-17,450478560.1780479950|1784331178,450478560.1780479950,1784331178,reddit,post,s105,1784331178182613,https://terminusmaximus.com/replay-library/?utm_source=reddit&utm_medium=post&utm_campaign=s105,utm_source=reddit&utm_medium=post&utm_campaign=s105,,,,,true,false,1,1,1,false,true,false,false,false,false,false,false,false
Available export: 2026-07-14 to 2026-08-04 (22 days),2026-07-17,49602732.1784312289|1784312289,49602732.1784312289,1784312289,reddit,post,s105,1784312289282895,https://terminusmaximus.com/replay-library/?utm_source=reddit&utm_medium=post&utm_campaign=s105,utm_source=reddit&utm_medium=post&utm_campaign=s105,,,,,true,false,1,1,1,false,true,false,false,false,false,false,false,false
Available export: 2026-07-14 to 2026-08-04 (22 days),2026-07-17,530625587.1784336916|1784336915,530625587.1784336916,1784336915,(direct),(none),(direct),1784336916065112,https://terminusmaximus.com/replay-library/,,,,,,true,false,1,1,1,false,true,false,false,false,false,false,false,false
Available export: 2026-07-14 to 2026-08-04 (22 days),2026-07-17,537561536.1784031370|1784277073,537561536.1784031370,1784277073,reddit,post,s105,1784277073300725,https://terminusmaximus.com/replay-library/,,https://terminusmaximus.com/,terminusmaximus.com,,,true,false,1,1,1,false,true,false,false,false,false,false,false,false
Available export: 2026-07-14 to 2026-08-04 (22 days),2026-07-17,541713441.1784134100|1784281047,541713441.1784134100,1784281047,(direct),(none),(direct),1784281048568514,https://terminusmaximus.com/replay-library/,,,,,,true,false,1,1,1,false,true,false,false,false,false,false,false,false
Available export: 2026-07-14 to 2026-08-04 (22 days),2026-07-17,565029146.1784123908|1784304051,565029146.1784123908,1784304051,reddit,post,s105,1784304052150747,https://terminusmaximus.com/replay-library/?utm_source=reddit&utm_medium=post&utm_campaign=s105,utm_source=reddit&utm_medium=post&utm_campaign=s105,,,,,true,false,1,1,1,false,true,false,false,false,false,false,false,false
Available export: 2026-07-14 to 2026-08-04 (22 days),2026-07-17,565029146.1784123908|1784317954,565029146.1784123908,1784317954,reddit,post,s105,1784317956224571,https://terminusmaximus.com/replay-library/?utm_source=reddit&utm_medium=post&utm_campaign=s105,utm_source=reddit&utm_medium=post&utm_campaign=s105,,,,,true,false,1,1,1,false,true,false,false,false,false,false,false,false
Available export: 2026-07-14 to 2026-08-04 (22 days),2026-07-17,565029146.1784123908|1784327880,565029146.1784123908,1784327880,reddit,post,s105,1784327880963197,https://terminusmaximus.com/replay-library/?utm_source=reddit&utm_medium=post&utm_campaign=s105,utm_source=reddit&utm_medium=post&utm_campaign=s105,,,,,true,false,1,1,1,false,true,false,false,false,false,false,false,false
Available export: 2026-07-14 to 2026-08-04 (22 days),2026-07-17,568946350.1784355507|1784355507,568946350.1784355507,1784355507,(direct),(none),(direct),1784355507756892,https://terminusmaximus.com/replay-library/,,,,,,true,false,1,1,1,false,true,false,false,false,false,false,false,false
Available export: 2026-07-14 to 2026-08-04 (22 days),2026-07-17,578818595.1784294566|1784294565,578818595.1784294566,1784294565,(direct),(none),(direct),1784294588738250,https://terminusmaximus.com/replay-library/,,https://terminusmaximus.com/,terminusmaximus.com,/,/replay-library/,false,true,3,2,1,false,false,true,true,false,false,false,false,false
Available export: 2026-07-14 to 2026-08-04 (22 days),2026-07-17,578818595.1784294566|1784308945,578818595.1784294566,1784308945,(direct),(none),(direct),1784308945640662,https://terminusmaximus.com/replay-library/,,https://terminusmaximus.com/,terminusmaximus.com,,,true,false,1,1,1,false,true,false,false,false,false,false,false,false
Available export: 2026-07-14 to 2026-08-04 (22 days),2026-07-17,585271425.1784037398|1784272779,585271425.1784037398,1784272779,reddit,post,s105,1784272779999129,https://terminusmaximus.com/replay-library/?utm_source=reddit&utm_medium=post&utm_campaign=s105,utm_source=reddit&utm_medium=post&utm_campaign=s105,https://www.reddit.com/,www.reddit.com,,,true,false,1,1,1,false,true,false,false,false,false,false,false,false
Available export: 2026-07-14 to 2026-08-04 (22 days),2026-07-17,59682447.1783737056|1784305642,59682447.1783737056,1784305642,reddit,post,s105,1784305643447410,https://terminusmaximus.com/replay-library/?utm_source=reddit&utm_medium=post&utm_campaign=s105,utm_source=reddit&utm_medium=post&utm_campaign=s105,,,,,true,false,1,1,1,false,true,false,false,false,false,false,false,false
Available export: 2026-07-14 to 2026-08-04 (22 days),2026-07-17,59682447.1783737056|1784338013,59682447.1783737056,1784338013,reddit,post,s105,1784338013594433,https://terminusmaximus.com/replay-library/?utm_source=reddit&utm_medium=post&utm_campaign=s105,utm_source=reddit&utm_medium=post&utm_campaign=s105,,,,,true,false,1,1,1,false,true,false,false,false,false,false,false,false
Available export: 2026-07-14 to 2026-08-04 (22 days),2026-07-17,643525964.1780609526|1784290874,643525964.1780609526,1784290874,google,organic,(organic),1784290891761021,https://terminusmaximus.com/replay-library/,,https://terminusmaximus.com/guild-raid/s105/,terminusmaximus.com,/guild-raid/s105/,/guild-raid/s105/,false,true,4,1,1,false,false,true,false,false,false,false,false,false
Available export: 2026-07-14 to 2026-08-04 (22 days),2026-07-17,662022281.1783228762|1784315645,662022281.1783228762,1784315645,reddit,post,s105,1784315645536823,https://terminusmaximus.com/replay-library/,,https://terminusmaximus.com/,terminusmaximus.com,,/replay-library/,true,false,3,3,1,false,false,true,true,false,false,false,false,false
Available export: 2026-07-14 to 2026-08-04 (22 days),2026-07-17,673613839.1783727894|1784299081,673613839.1783727894,1784299081,(direct),(none),(direct),1784299081339907,https://terminusmaximus.com/replay-library/,,,,,,true,false,1,1,1,false,true,false,false,false,false,false,false,false
Available export: 2026-07-14 to 2026-08-04 (22 days),2026-07-17,673613839.1783727894|1784302634,673613839.1783727894,1784302634,(direct),(none),(direct),1784302635050072,https://terminusmaximus.com/replay-library/,,,,,,true,false,1,1,1,false,true,false,false,false,false,false,false,false
Available export: 2026-07-14 to 2026-08-04 (22 days),2026-07-17,673613839.1783727894|1784318125,673613839.1783727894,1784318125,(direct),(none),(direct),1784318125846990,https://terminusmaximus.com/replay-library/,,,,,/replay-library/,true,false,2,2,1,false,false,true,true,false,false,false,false,false
Available export: 2026-07-14 to 2026-08-04 (22 days),2026-07-17,678377700.1784028997|1784301030,678377700.1784028997,1784301030,(direct),(none),(direct),1784301064874780,https://terminusmaximus.com/replay-library/,,https://terminusmaximus.com/guild-raid/s105/,terminusmaximus.com,,,true,false,1,1,1,false,true,false,false,false,true,false,false,false
Available export: 2026-07-14 to 2026-08-04 (22 days),2026-07-17,722665480.1784228608|1784321402,722665480.1784228608,1784321402,google,organic,(organic),1784321402862958,https://terminusmaximus.com/replay-library/,,https://terminusmaximus.com/,terminusmaximus.com,,/,true,false,3,2,2,true,false,true,true,false,false,false,false,false
Available export: 2026-07-14 to 2026-08-04 (22 days),2026-07-17,757535279.1784302679|1784302678,757535279.1784302679,1784302678,(direct),(none),(direct),1784302678757754,https://terminusmaximus.com/replay-library/,,,,,,true,false,1,1,1,false,true,false,false,false,false,false,false,false
Available export: 2026-07-14 to 2026-08-04 (22 days),2026-07-17,76665388.1783780158|1784302629,76665388.1783780158,1784302629,(direct),(none),(direct),1784302629400961,https://terminusmaximus.com/replay-library/,,,,,,true,false,1,1,1,false,true,false,false,false,false,false,false,false
Available export: 2026-07-14 to 2026-08-04 (22 days),2026-07-17,76665388.1783780158|1784315854,76665388.1783780158,1784315854,(direct),(none),(direct),1784315854332756,https://terminusmaximus.com/replay-library/,,,,,,true,false,1,1,1,false,true,false,false,false,false,false,false,false
Available export: 2026-07-14 to 2026-08-04 (22 days),2026-07-17,76665388.1783780158|1784332670,76665388.1783780158,1784332670,(direct),(none),(direct),1784332670457702,https://terminusmaximus.com/replay-library/,,,,,,true,false,1,1,1,false,true,false,false,false,false,false,false,false
Available export: 2026-07-14 to 2026-08-04 (22 days),2026-07-17,854335387.1781550501|1784308416,854335387.1781550501,1784308416,(direct),(none),(direct),1784308425203712,https://terminusmaximus.com/replay-library/,,https://terminusmaximus.com/,terminusmaximus.com,/,/guild-raid/s105/,false,true,5,2,2,true,false,true,true,false,false,false,false,false
Available export: 2026-07-14 to 2026-08-04 (22 days),2026-07-17,868553460.1782324967|1784288118,868553460.1782324967,1784288118,(direct),(none),(direct),1784288117793561,https://terminusmaximus.com/replay-library/,,,,,,true,false,1,1,1,false,true,false,false,false,false,false,false,false
Available export: 2026-07-14 to 2026-08-04 (22 days),2026-07-17,880055914.1784301103|1784301102,880055914.1784301103,1784301102,(direct),(none),(direct),1784301102980572,https://terminusmaximus.com/replay-library/,,,,,,true,false,1,1,1,false,true,false,false,false,false,false,false,false
Available export: 2026-07-14 to 2026-08-04 (22 days),2026-07-17,881319481.1784353237|1784353237,881319481.1784353237,1784353237,(direct),(none),(direct),1784353189699454,https://terminusmaximus.com/replay-library/,,,,,,true,false,1,1,1,false,true,false,false,false,false,false,false,false
Available export: 2026-07-14 to 2026-08-04 (22 days),2026-07-17,902217467.1784349301|1784349300,902217467.1784349301,1784349300,google,organic,(organic),1784349307890919,https://terminusmaximus.com/replay-library/,,https://terminusmaximus.com/,terminusmaximus.com,/,,false,true,2,1,1,false,false,true,false,false,false,false,false,false
Available export: 2026-07-14 to 2026-08-04 (22 days),2026-07-17,903248036.1784321061|1784321061,903248036.1784321061,1784321061,google,organic,(organic),1784321099534425,https://terminusmaximus.com/replay-library/,,https://terminusmaximus.com/,terminusmaximus.com,/,/about/,false,true,3,1,1,false,false,true,false,false,false,false,false,false
Available export: 2026-07-14 to 2026-08-04 (22 days),2026-07-17,905378194.1784101332|1784304483,905378194.1784101332,1784304483,reddit,post,s105,1784304484830232,https://terminusmaximus.com/replay-library/?utm_source=reddit&utm_medium=post&utm_campaign=s105,utm_source=reddit&utm_medium=post&utm_campaign=s105,,,,,true,false,1,1,1,false,true,false,false,false,false,false,false,false
Available export: 2026-07-14 to 2026-08-04 (22 days),2026-07-17,907227730.1784339395|1784339395,907227730.1784339395,1784339395,reddit,post,s105,1784339395551987,https://terminusmaximus.com/replay-library/?utm_source=reddit&utm_medium=post&utm_campaign=s105,utm_source=reddit&utm_medium=post&utm_campaign=s105,,,,,true,false,1,1,1,false,true,false,false,false,false,false,false,false
Available export: 2026-07-14 to 2026-08-04 (22 days),2026-07-17,937911660.1784157735|1784351931,937911660.1784157735,1784351931,(direct),(none),(direct),1784351929091867,https://terminusmaximus.com/replay-library/,,,,,,true,false,1,1,1,false,true,false,false,false,false,false,false,false
Available export: 2026-07-14 to 2026-08-04 (22 days),2026-07-17,955107772.1780699084|1784325558,955107772.1780699084,1784325558,google,organic,(organic),1784327470794726,https://terminusmaximus.com/replay-library/,,https://terminusmaximus.com/,terminusmaximus.com,/,,false,true,11,1,1,false,false,true,false,false,true,false,false,false
Available export: 2026-07-14 to 2026-08-04 (22 days),2026-07-18,1000352156.1784364661|1784364661,1000352156.1784364661,1784364661,reddit,post,s105,1784364633166377,https://terminusmaximus.com/replay-library/?utm_source=reddit&utm_medium=post&utm_campaign=s105,utm_source=reddit&utm_medium=post&utm_campaign=s105,,,,,true,false,1,1,1,false,true,false,false,false,false,false,false,false
Available export: 2026-07-14 to 2026-08-04 (22 days),2026-07-18,1036860413.1784385957|1784402993,1036860413.1784385957,1784402993,reddit,post,boss-meta,1784403071728097,https://terminusmaximus.com/replay-library/,,https://terminusmaximus.com/guild-raid/boss-meta/,terminusmaximus.com,/guild-raid/boss-meta/,/guild-raid/,false,true,14,2,2,true,false,true,true,false,true,false,false,false
Available export: 2026-07-14 to 2026-08-04 (22 days),2026-07-18,1094408177.1784126728|1784372208,1094408177.1784126728,1784372208,(direct),(none),(direct),1784372208704200,https://terminusmaximus.com/replay-library/,,https://terminusmaximus.com/,terminusmaximus.com,,,true,false,1,1,1,false,true,false,false,false,false,false,false,false
Available export: 2026-07-14 to 2026-08-04 (22 days),2026-07-18,1094408177.1784126728|1784375030,1094408177.1784126728,1784375030,(direct),(none),(direct),1784375031214030,https://terminusmaximus.com/replay-library/,,https://terminusmaximus.com/,terminusmaximus.com,,,true,false,1,1,1,false,true,false,false,false,false,false,false,false
Available export: 2026-07-14 to 2026-08-04 (22 days),2026-07-18,1094408177.1784126728|1784377283,1094408177.1784126728,1784377283,(direct),(none),(direct),1784377283437222,https://terminusmaximus.com/replay-library/,,https://terminusmaximus.com/,terminusmaximus.com,,,true,false,1,1,1,false,true,false,false,false,false,false,false,false
Available export: 2026-07-14 to 2026-08-04 (22 days),2026-07-18,1094408177.1784126728|1784387903,1094408177.1784126728,1784387903,(direct),(none),(direct),1784387904168816,https://terminusmaximus.com/replay-library/,,https://terminusmaximus.com/,terminusmaximus.com,,,true,false,1,1,1,false,true,false,false,false,false,false,false,false
Available export: 2026-07-14 to 2026-08-04 (22 days),2026-07-18,1094408177.1784126728|1784400494,1094408177.1784126728,1784400494,(direct),(none),(direct),1784400496804018,https://terminusmaximus.com/replay-library/,,https://terminusmaximus.com/,terminusmaximus.com,,,true,false,1,1,1,false,true,false,false,false,false,false,false,false
Available export: 2026-07-14 to 2026-08-04 (22 days),2026-07-18,1094408177.1784126728|1784421679,1094408177.1784126728,1784421679,(direct),(none),(direct),1784421679643548,https://terminusmaximus.com/replay-library/,,https://terminusmaximus.com/,terminusmaximus.com,,,true,false,1,1,1,false,true,false,false,false,false,false,false,false
Available export: 2026-07-14 to 2026-08-04 (22 days),2026-07-18,1094408177.1784126728|1784424825,1094408177.1784126728,1784424825,(direct),(none),(direct),1784424825715581,https://terminusmaximus.com/replay-library/,,https://terminusmaximus.com/,terminusmaximus.com,,,true,false,1,1,1,false,true,false,false,false,false,false,false,false
Available export: 2026-07-14 to 2026-08-04 (22 days),2026-07-18,1094408177.1784126728|1784431557,1094408177.1784126728,1784431557,(direct),(none),(direct),1784431557698850,https://terminusmaximus.com/replay-library/,,https://terminusmaximus.com/,terminusmaximus.com,,,true,false,1,1,1,false,true,false,false,false,false,false,false,false
Available export: 2026-07-14 to 2026-08-04 (22 days),2026-07-18,1094408177.1784126728|1784433872,1094408177.1784126728,1784433872,(direct),(none),(direct),1784433872498869,https://terminusmaximus.com/replay-library/,,https://terminusmaximus.com/,terminusmaximus.com,,,true,false,1,1,1,false,true,false,false,false,false,false,false,false
Available export: 2026-07-14 to 2026-08-04 (22 days),2026-07-18,111613413.1784280081|1784366605,111613413.1784280081,1784366605,google,organic,(organic),1784366605562357,https://terminusmaximus.com/replay-library/,,https://terminusmaximus.com/guild-raid/boss-meta/,terminusmaximus.com,,,true,false,1,1,1,false,true,false,false,false,false,false,false,false
Available export: 2026-07-14 to 2026-08-04 (22 days),2026-07-18,1122305543.1780944578|1784426080,1122305543.1780944578,1784426080,reddit,post,mow2026,1784426080250098,https://terminusmaximus.com/replay-library/,,,,,,true,false,1,1,1,false,true,false,false,false,false,false,false,false
Available export: 2026-07-14 to 2026-08-04 (22 days),2026-07-18,1140336598.1784382941|1784382941,1140336598.1784382941,1784382941,(direct),(none),(direct),1784382940875201,https://terminusmaximus.com/replay-library/,,,,,,true,false,1,1,1,false,true,false,false,false,false,false,false,false
Available export: 2026-07-14 to 2026-08-04 (22 days),2026-07-18,1140336598.1784382941|1784401668,1140336598.1784382941,1784401668,(direct),(none),(direct),1784401668566291,https://terminusmaximus.com/replay-library/,,,,,,true,false,1,1,1,false,true,false,false,false,false,false,false,false
Available export: 2026-07-14 to 2026-08-04 (22 days),2026-07-18,1143081258.1784395165|1784395165,1143081258.1784395165,1784395165,(direct),(none),(direct),1784395165290988,https://terminusmaximus.com/replay-library/,,,,,,true,false,1,1,1,false,true,false,false,false,false,false,false,false
Available export: 2026-07-14 to 2026-08-04 (22 days),2026-07-18,1143081258.1784395165|1784403257,1143081258.1784395165,1784403257,(direct),(none),(direct),1784403257414623,https://terminusmaximus.com/replay-library/,,,,,,true,false,1,1,1,false,true,false,false,false,false,false,false,false
Available export: 2026-07-14 to 2026-08-04 (22 days),2026-07-18,1186765260.1784277452|1784400900,1186765260.1784277452,1784400900,discord,post,boss-meta,1784400900620089,https://terminusmaximus.com/replay-library/,,https://terminusmaximus.com/guild-raid/boss-meta/?utm_source=discord&utm_medium=post&utm_campaign=boss-meta,terminusmaximus.com,,/replay-library/,true,false,2,2,1,false,false,true,true,false,false,false,false,false
Available export: 2026-07-14 to 2026-08-04 (22 days),2026-07-18,1226819984.1784128159|1784373016,1226819984.1784128159,1784373016,(direct),(none),(direct),1784373028012928,https://terminusmaximus.com/replay-library/,,,,,,true,false,1,1,1,false,true,false,false,false,false,false,false,false
Available export: 2026-07-14 to 2026-08-04 (22 days),2026-07-18,1248298120.1784135033|1784388903,1248298120.1784135033,1784388903,reddit,post,s105,1784388903771240,https://terminusmaximus.com/replay-library/?utm_source=reddit&utm_medium=post&utm_campaign=s105,utm_source=reddit&utm_medium=post&utm_campaign=s105,,,,,true,false,1,1,1,false,true,false,false,false,false,false,false,false
Available export: 2026-07-14 to 2026-08-04 (22 days),2026-07-18,1248298120.1784135033|1784392567,1248298120.1784135033,1784392567,reddit,post,s105,1784392567330305,https://terminusmaximus.com/replay-library/?utm_source=reddit&utm_medium=post&utm_campaign=s105,utm_source=reddit&utm_medium=post&utm_campaign=s105,,,,,true,false,1,1,1,false,true,false,false,false,false,false,false,false
Available export: 2026-07-14 to 2026-08-04 (22 days),2026-07-18,1251631343.1784369562|1784369561,1251631343.1784369562,1784369561,reddit,post,s105,1784369561890067,https://terminusmaximus.com/replay-library/?utm_source=reddit&utm_medium=post&utm_campaign=s105,utm_source=reddit&utm_medium=post&utm_campaign=s105,,,,,true,false,1,1,1,false,true,false,false,false,false,false,false,false
Available export: 2026-07-14 to 2026-08-04 (22 days),2026-07-18,1275188175.1781809042|1784362320,1275188175.1781809042,1784362320,discord,post,boss-meta,1784362340228645,https://terminusmaximus.com/replay-library/,,https://terminusmaximus.com/,terminusmaximus.com,/,,false,true,3,1,1,false,false,true,false,false,false,false,false,false
Available export: 2026-07-14 to 2026-08-04 (22 days),2026-07-18,1320557003.1784261005|1784384139,1320557003.1784261005,1784384139,reddit,post,s105,1784384140276569,https://terminusmaximus.com/replay-library/?utm_source=reddit&utm_medium=post&utm_campaign=s105,utm_source=reddit&utm_medium=post&utm_campaign=s105,,,,,true,false,1,1,1,false,true,false,false,false,false,false,false,false
Available export: 2026-07-14 to 2026-08-04 (22 days),2026-07-18,1320557003.1784261005|1784405892,1320557003.1784261005,1784405892,reddit,post,s105,1784405893796450,https://terminusmaximus.com/replay-library/?utm_source=reddit&utm_medium=post&utm_campaign=s105,utm_source=reddit&utm_medium=post&utm_campaign=s105,,,,,true,false,1,1,1,false,true,false,false,false,false,false,false,false
Available export: 2026-07-14 to 2026-08-04 (22 days),2026-07-18,1329088566.1780506290|1784375279,1329088566.1780506290,1784375279,discord,post,boss-meta,1784375294049675,https://terminusmaximus.com/replay-library/,,https://terminusmaximus.com/guild-raid/boss-meta/?utm_source=discord&utm_medium=post&utm_campaign=boss-meta,terminusmaximus.com,/guild-raid/boss-meta/,/guild-raid/boss-meta/,false,true,6,3,3,true,false,true,true,false,false,false,false,false
Available export: 2026-07-14 to 2026-08-04 (22 days),2026-07-18,1344059280.1784380530|1784380529,1344059280.1784380530,1784380529,reddit,post,s105,1784380529847285,https://terminusmaximus.com/replay-library/?utm_source=reddit&utm_medium=post&utm_campaign=s105,utm_source=reddit&utm_medium=post&utm_campaign=s105,https://www.reddit.com/,www.reddit.com,,,true,false,1,1,1,false,true,false,false,false,false,false,false,false
Available export: 2026-07-14 to 2026-08-04 (22 days),2026-07-18,1347219817.1784434043|1784434042,1347219817.1784434043,1784434042,(direct),(none),(direct),1784434058460386,https://terminusmaximus.com/replay-library/,,https://terminusmaximus.com/,terminusmaximus.com,/,,false,true,2,1,1,false,false,true,false,false,false,false,false,false
Available export: 2026-07-14 to 2026-08-04 (22 days),2026-07-18,1464472709.1784395436|1784395436,1464472709.1784395436,1784395436,(direct),(none),(direct),1784395485133396,https://terminusmaximus.com/replay-library/,,https://terminusmaximus.com/incursion-mow/,terminusmaximus.com,/incursion-mow/,,false,true,5,1,1,false,false,true,false,false,false,false,false,false
Available export: 2026-07-14 to 2026-08-04 (22 days),2026-07-18,1497073002.1784383888|1784383887,1497073002.1784383888,1784383887,google,organic,(organic),1784383998240069,https://terminusmaximus.com/replay-library/,,https://terminusmaximus.com/,terminusmaximus.com,/,,false,true,4,1,1,false,false,true,false,false,false,false,false,false
Available export: 2026-07-14 to 2026-08-04 (22 days),2026-07-18,1520165871.1784095012|1784396073,1520165871.1784095012,1784396073,reddit,post,s105,1784396073641796,https://terminusmaximus.com/replay-library/?utm_source=reddit&utm_medium=post&utm_campaign=s105,utm_source=reddit&utm_medium=post&utm_campaign=s105,,,,,true,false,1,1,1,false,true,false,false,false,false,false,false,false
Available export: 2026-07-14 to 2026-08-04 (22 days),2026-07-18,1601602840.1783800171|1784385281,1601602840.1783800171,1784385281,google,organic,(organic),1784385468672991,https://terminusmaximus.com/replay-library/,,https://www.google.com/,www.google.com,/guild-raid/boss-meta/,,false,true,2,1,1,false,false,true,false,false,false,false,false,false
Available export: 2026-07-14 to 2026-08-04 (22 days),2026-07-18,1617973791.1784216272|1784362344,1617973791.1784216272,1784362344,(direct),(none),(direct),1784362345262516,https://terminusmaximus.com/replay-library/,,,,,,true,false,1,1,1,false,true,false,false,false,false,false,false,false
Available export: 2026-07-14 to 2026-08-04 (22 days),2026-07-18,1691462666.1784115627|1784404446,1691462666.1784115627,1784404446,(direct),(none),(direct),1784404446866268,https://terminusmaximus.com/replay-library/,,,,,/replay-library/,true,false,2,2,1,false,false,true,true,false,false,false,false,false
Available export: 2026-07-14 to 2026-08-04 (22 days),2026-07-18,1750145351.1780773652|1784360432,1750145351.1780773652,1784360432,duckduckgo,organic,(organic),1784360448338674,https://terminusmaximus.com/replay-library/,,https://terminusmaximus.com/,terminusmaximus.com,/guild-raid/boss-meta/,,false,true,3,1,1,false,false,true,false,false,false,false,false,false
Available export: 2026-07-14 to 2026-08-04 (22 days),2026-07-18,1750145351.1780773652|1784404893,1750145351.1780773652,1784404893,duckduckgo,organic,(organic),1784404905522372,https://terminusmaximus.com/replay-library/,,https://terminusmaximus.com/,terminusmaximus.com,/,,false,true,2,1,1,false,false,true,false,false,false,false,false,false
Available export: 2026-07-14 to 2026-08-04 (22 days),2026-07-18,1750145351.1780773652|1784444372,1750145351.1780773652,1784444372,duckduckgo,organic,(organic),1784444380918587,https://terminusmaximus.com/replay-library/,,https://terminusmaximus.com/,terminusmaximus.com,/,,false,true,2,1,1,false,false,true,false,false,false,false,false,false
Available export: 2026-07-14 to 2026-08-04 (22 days),2026-07-18,1767664512.1784079686|1784388466,1767664512.1784079686,1784388466,(direct),(none),(direct),1784388466719582,https://terminusmaximus.com/replay-library/,,,,,,true,false,1,1,1,false,true,false,false,false,false,false,false,false
Available export: 2026-07-14 to 2026-08-04 (22 days),2026-07-18,1776884398.1783490794|1784434083,1776884398.1783490794,1784434083,reddit,post,s105,1784434083895849,https://terminusmaximus.com/replay-library/,,,,,,true,false,1,1,1,false,true,false,false,false,false,false,false,false
Available export: 2026-07-14 to 2026-08-04 (22 days),2026-07-18,1789962346.1784215190|1784436221,1789962346.1784215190,1784436221,reddit,post,mow2026,1784436242407848,https://terminusmaximus.com/replay-library/,,https://terminusmaximus.com/guild-raid/s105/,terminusmaximus.com,/guild-raid/s105/,,false,true,3,1,1,false,false,true,false,false,false,false,false,false
Available export: 2026-07-14 to 2026-08-04 (22 days),2026-07-18,1803433454.1783751346|1784394145,1803433454.1783751346,1784394145,google,organic,(organic),1784394145929153,https://terminusmaximus.com/replay-library/,,,,,,true,false,1,1,1,false,true,false,false,false,false,false,false,false
Available export: 2026-07-14 to 2026-08-04 (22 days),2026-07-18,1814383594.1784183381|1784361721,1814383594.1784183381,1784361721,google,organic,(organic),1784361722032039,https://terminusmaximus.com/replay-library/,,https://terminusmaximus.com/guild-raid/s105/,terminusmaximus.com,,,true,false,1,1,1,false,true,false,false,false,false,false,false,false
Available export: 2026-07-14 to 2026-08-04 (22 days),2026-07-18,1836972843.1783782113|1784373365,1836972843.1783782113,1784373365,google,organic,(organic),1784373377866644,https://terminusmaximus.com/replay-library/,,https://terminusmaximus.com/,terminusmaximus.com,/,,false,true,2,1,1,false,false,true,false,false,false,false,false,false
Available export: 2026-07-14 to 2026-08-04 (22 days),2026-07-18,1836972843.1783782113|1784401577,1836972843.1783782113,1784401577,google,organic,(organic),1784401586032231,https://terminusmaximus.com/replay-library/,,https://terminusmaximus.com/,terminusmaximus.com,/,,false,true,2,1,1,false,false,true,false,false,false,false,false,false
Available export: 2026-07-14 to 2026-08-04 (22 days),2026-07-18,1858047959.1784030123|1784420614,1858047959.1784030123,1784420614,reddit,post,s105,1784420614895457,https://terminusmaximus.com/replay-library/?utm_source=reddit&utm_medium=post&utm_campaign=s105,utm_source=reddit&utm_medium=post&utm_campaign=s105,,,,,true,false,1,1,1,false,true,false,false,false,false,false,false,false
Available export: 2026-07-14 to 2026-08-04 (22 days),2026-07-18,1933324876.1784378451|1784378450,1933324876.1784378451,1784378450,reddit,post,s105,1784378451103762,https://terminusmaximus.com/replay-library/?utm_source=reddit&utm_medium=post&utm_campaign=s105,utm_source=reddit&utm_medium=post&utm_campaign=s105,https://www.reddit.com/,www.reddit.com,,,true,false,1,1,1,false,true,false,false,false,false,false,false,false
Available export: 2026-07-14 to 2026-08-04 (22 days),2026-07-18,1953140580.1784357969|1784360712,1953140580.1784357969,1784360712,google,organic,(organic),1784360734383655,https://terminusmaximus.com/replay-library/,,https://terminusmaximus.com/guild-raid/s105/,terminusmaximus.com,,,true,false,1,1,1,false,true,false,false,false,true,false,false,false
Available export: 2026-07-14 to 2026-08-04 (22 days),2026-07-18,1953140580.1784357969|1784402280,1953140580.1784357969,1784402280,google,organic,(organic),1784402280988542,https://terminusmaximus.com/replay-library/,,https://terminusmaximus.com/guild-raid/s105/,terminusmaximus.com,,/replay-library/,true,false,2,2,1,false,false,true,true,false,false,false,false,false
Available export: 2026-07-14 to 2026-08-04 (22 days),2026-07-18,1953140580.1784357969|1784421064,1953140580.1784357969,1784421064,google,organic,(organic),1784421064736202,https://terminusmaximus.com/replay-library/,,https://terminusmaximus.com/replay-library/,terminusmaximus.com,,,true,false,1,1,1,false,true,false,false,false,false,false,false,false
Available export: 2026-07-14 to 2026-08-04 (22 days),2026-07-18,2075738929.1780643467|1784376588,2075738929.1780643467,1784376588,(direct),(none),(direct),1784376588383428,https://terminusmaximus.com/replay-library/,,https://terminusmaximus.com/guild-raid/s104/,terminusmaximus.com,,,true,false,1,1,1,false,true,false,false,false,false,false,false,false
Available export: 2026-07-14 to 2026-08-04 (22 days),2026-07-18,2145895056.1784131798|1784403478,2145895056.1784131798,1784403478,(direct),(none),(direct),1784403648730287,https://terminusmaximus.com/replay-library/?utm_source=reddit&utm_medium=post&utm_campaign=s105,utm_source=reddit&utm_medium=post&utm_campaign=s105,https://www.reddit.com/,www.reddit.com,/guild-raid/boss-meta/,,false,true,2,1,1,false,false,true,false,false,true,false,false,false
Available export: 2026-07-14 to 2026-08-04 (22 days),2026-07-18,225701923.1783836780|1784442750,225701923.1783836780,1784442750,google,organic,(organic),1784442823992654,https://terminusmaximus.com/replay-library/,,https://terminusmaximus.com/guild-raid/s105/,terminusmaximus.com,/guild-raid/s105/,,false,true,3,1,1,false,false,true,false,false,false,false,false,false
Available export: 2026-07-14 to 2026-08-04 (22 days),2026-07-18,289636546.1784216912|1784428597,289636546.1784216912,1784428597,(direct),(none),(direct),1784428634605807,https://terminusmaximus.com/replay-library/,,https://terminusmaximus.com/,terminusmaximus.com,/,,false,true,7,1,1,false,false,true,false,false,false,false,false,false
Available export: 2026-07-14 to 2026-08-04 (22 days),2026-07-18,39400617.1784402427|1784402426,39400617.1784402427,1784402426,(direct),(none),(direct),1784402497383412,https://terminusmaximus.com/replay-library/,,https://terminusmaximus.com/guild-raid/s105/,terminusmaximus.com,/guild-raid/s105/,,false,true,4,1,1,false,false,true,false,false,false,false,false,false
Available export: 2026-07-14 to 2026-08-04 (22 days),2026-07-18,39400617.1784402427|1784407477,39400617.1784402427,1784407477,(direct),(none),(direct),1784407477684598,https://terminusmaximus.com/replay-library/,,https://terminusmaximus.com/guild-raid/s105/,terminusmaximus.com,,,true,false,1,1,1,false,true,false,false,false,false,false,false,false
Available export: 2026-07-14 to 2026-08-04 (22 days),2026-07-18,437609154.1784144174|1784411146,437609154.1784144174,1784411146,reddit,post,s105,1784411165598843,https://terminusmaximus.com/replay-library/,,https://terminusmaximus.com/guild-raid/s105/?utm_source=reddit&utm_medium=post&utm_campaign=s105,terminusmaximus.com,/guild-raid/s105/,,false,true,2,1,1,false,false,true,false,false,false,false,false,false
Available export: 2026-07-14 to 2026-08-04 (22 days),2026-07-18,450478560.1780479950|1784397883,450478560.1780479950,1784397883,reddit,post,s105,1784397883382298,https://terminusmaximus.com/replay-library/?utm_source=reddit&utm_medium=post&utm_campaign=s105,utm_source=reddit&utm_medium=post&utm_campaign=s105,,,,/guild-raid/s105/,true,false,4,2,2,true,false,true,true,false,false,false,false,false
Available export: 2026-07-14 to 2026-08-04 (22 days),2026-07-18,450478560.1780479950|1784417169,450478560.1780479950,1784417169,reddit,post,s105,1784417169208689,https://terminusmaximus.com/replay-library/?utm_source=reddit&utm_medium=post&utm_campaign=s105,utm_source=reddit&utm_medium=post&utm_campaign=s105,,,,,true,false,1,1,1,false,true,false,false,false,false,false,false,false
Available export: 2026-07-14 to 2026-08-04 (22 days),2026-07-18,469413778.1784152558|1784365965,469413778.1784152558,1784365965,google,organic,(organic),1784365963705909,https://terminusmaximus.com/replay-library/,,https://terminusmaximus.com/guild-raid/s105/,terminusmaximus.com,,,true,false,1,1,1,false,true,false,false,false,false,false,false,false
Available export: 2026-07-14 to 2026-08-04 (22 days),2026-07-18,565029146.1784123908|1784382442,565029146.1784123908,1784382442,reddit,post,s105,1784382443038204,https://terminusmaximus.com/replay-library/?utm_source=reddit&utm_medium=post&utm_campaign=s105,utm_source=reddit&utm_medium=post&utm_campaign=s105,,,,,true,false,1,1,1,false,true,false,false,false,false,false,false,false
Available export: 2026-07-14 to 2026-08-04 (22 days),2026-07-18,565029146.1784123908|1784413969,565029146.1784123908,1784413969,reddit,post,s105,1784413969595608,https://terminusmaximus.com/replay-library/?utm_source=reddit&utm_medium=post&utm_campaign=s105,utm_source=reddit&utm_medium=post&utm_campaign=s105,,,,,true,false,1,1,1,false,true,false,false,false,false,false,false,false
Available export: 2026-07-14 to 2026-08-04 (22 days),2026-07-18,59682447.1783737056|1784387212,59682447.1783737056,1784387212,reddit,post,s105,1784387212367187,https://terminusmaximus.com/replay-library/?utm_source=reddit&utm_medium=post&utm_campaign=s105,utm_source=reddit&utm_medium=post&utm_campaign=s105,,,,/campaign-event/,true,false,3,1,1,false,false,true,false,false,false,false,false,false
Available export: 2026-07-14 to 2026-08-04 (22 days),2026-07-18,636815590.1784395491|1784395491,636815590.1784395491,1784395491,(direct),(none),(direct),1784395491724392,https://terminusmaximus.com/replay-library/,,,,,,true,false,1,1,1,false,true,false,false,false,false,false,false,false
Available export: 2026-07-14 to 2026-08-04 (22 days),2026-07-18,666215974.1784380039|1784380039,666215974.1784380039,1784380039,reddit,post,s105,1784380039277246,https://terminusmaximus.com/replay-library/?utm_source=reddit&utm_medium=post&utm_campaign=s105,utm_source=reddit&utm_medium=post&utm_campaign=s105,https://www.reddit.com/,www.reddit.com,,,true,false,1,1,1,false,true,false,false,false,false,false,false,false
Available export: 2026-07-14 to 2026-08-04 (22 days),2026-07-18,673613839.1783727894|1784425293,673613839.1783727894,1784425293,(direct),(none),(direct),1784425293561995,https://terminusmaximus.com/replay-library/,,,,,,true,false,1,1,1,false,true,false,false,false,false,false,false,false
Available export: 2026-07-14 to 2026-08-04 (22 days),2026-07-18,706727283.1784366158|1784366158,706727283.1784366158,1784366158,(direct),(none),(direct),1784366168448340,https://terminusmaximus.com/replay-library/,,https://terminusmaximus.com/,terminusmaximus.com,/,/,false,true,5,2,2,true,false,true,true,false,false,false,false,false
Available export: 2026-07-14 to 2026-08-04 (22 days),2026-07-18,711186163.1784391382|1784391382,711186163.1784391382,1784391382,(direct),(none),(direct),1784391333929600,https://terminusmaximus.com/replay-library/,,,,,,true,false,1,1,1,false,true,false,false,false,false,false,false,false
Available export: 2026-07-14 to 2026-08-04 (22 days),2026-07-18,722665480.1784228608|1784358162,722665480.1784228608,1784358162,google,organic,(organic),1784358163102732,https://terminusmaximus.com/replay-library/,,https://terminusmaximus.com/,terminusmaximus.com,,,true,false,1,1,1,false,true,false,false,false,false,false,false,false
Available export: 2026-07-14 to 2026-08-04 (22 days),2026-07-18,722665480.1784228608|1784361679,722665480.1784228608,1784361679,google,organic,(organic),1784361679284415,https://terminusmaximus.com/replay-library/,,https://terminusmaximus.com/,terminusmaximus.com,,,true,false,1,1,1,false,true,false,false,false,false,false,false,false
Available export: 2026-07-14 to 2026-08-04 (22 days),2026-07-18,73242761.1784415654|1784415654,73242761.1784415654,1784415654,reddit,post,boss-meta,1784415745117831,https://terminusmaximus.com/replay-library/,,https://terminusmaximus.com/guild-raid/boss-meta//?utm_source=reddit&utm_medium=post&utm_campaign=boss-meta,terminusmaximus.com,/guild-raid/boss-meta/,,false,true,2,1,1,false,false,true,false,false,false,false,false,false
Available export: 2026-07-14 to 2026-08-04 (22 days),2026-07-18,745827446.1784157382|1784377937,745827446.1784157382,1784377937,(direct),(none),(direct),1784377936972627,https://terminusmaximus.com/replay-library/,,,,,,true,false,1,1,1,false,true,false,false,false,false,false,false,false
Available export: 2026-07-14 to 2026-08-04 (22 days),2026-07-18,754698492.1783205204|1784399957,754698492.1783205204,1784399957,(direct),(none),(direct),1784399976421641,https://terminusmaximus.com/replay-library/,,https://terminusmaximus.com/guild-raid/,terminusmaximus.com,/guild-raid/,,false,true,3,1,1,false,false,true,false,false,false,false,false,false
Available export: 2026-07-14 to 2026-08-04 (22 days),2026-07-18,754698492.1783205204|1784436572,754698492.1783205204,1784436572,(direct),(none),(direct),1784436572313829,https://terminusmaximus.com/replay-library/,,https://terminusmaximus.com/guild-raid/,terminusmaximus.com,,,true,false,1,1,1,false,true,false,false,false,false,false,false,false
Available export: 2026-07-14 to 2026-08-04 (22 days),2026-07-18,776182018.1784139373|1784358887,776182018.1784139373,1784358887,(direct),(none),(direct),1784358887226410,https://terminusmaximus.com/replay-library/,,,,,,true,false,1,1,1,false,true,false,false,false,false,false,false,false
Available export: 2026-07-14 to 2026-08-04 (22 days),2026-07-18,776182018.1784139373|1784363757,776182018.1784139373,1784363757,(direct),(none),(direct),1784363757201507,https://terminusmaximus.com/replay-library/,,,,,,true,false,1,1,1,false,true,false,false,false,false,false,false,false
Available export: 2026-07-14 to 2026-08-04 (22 days),2026-07-18,776182018.1784139373|1784399127,776182018.1784139373,1784399127,(direct),(none),(direct),1784399127457313,https://terminusmaximus.com/replay-library/,,,,,,true,false,1,1,1,false,true,false,false,false,false,false,false,false
Available export: 2026-07-14 to 2026-08-04 (22 days),2026-07-18,776182018.1784139373|1784404203,776182018.1784139373,1784404203,(direct),(none),(direct),1784404203743688,https://terminusmaximus.com/replay-library/,,,,,,true,false,1,1,1,false,true,false,false,false,false,false,false,false
Available export: 2026-07-14 to 2026-08-04 (22 days),2026-07-18,78210212.1784373670|1784373670,78210212.1784373670,1784373670,(direct),(none),(direct),1784373669970143,https://terminusmaximus.com/replay-library/,,,,,/,true,false,3,2,2,true,false,true,true,false,false,false,false,false
Available export: 2026-07-14 to 2026-08-04 (22 days),2026-07-18,868553460.1782324967|1784395340,868553460.1782324967,1784395340,(direct),(none),(direct),1784395346455422,https://terminusmaximus.com/replay-library/,,https://terminusmaximus.com/guild-raid/,terminusmaximus.com,/guild-raid/,,false,true,4,1,1,false,false,true,false,false,false,false,false,false
Available export: 2026-07-14 to 2026-08-04 (22 days),2026-07-18,882373833.1783651698|1784436686,882373833.1783651698,1784436686,(direct),(none),(direct),1784436694844803,https://terminusmaximus.com/replay-library/,,https://terminusmaximus.com/,terminusmaximus.com,/,,false,true,2,1,1,false,false,true,false,false,false,false,false,false
Available export: 2026-07-14 to 2026-08-04 (22 days),2026-07-19,1072113099.1780609127|1784444431,1072113099.1780609127,1784444431,reddit,post,s105,1784444429657793,https://terminusmaximus.com/replay-library/,,,,,,true,false,1,1,1,false,true,false,false,false,false,false,false,false
Available export: 2026-07-14 to 2026-08-04 (22 days),2026-07-19,1072113099.1780609127|1784505639,1072113099.1780609127,1784505639,reddit,post,s105,1784505639574591,https://terminusmaximus.com/replay-library/,,,,,,true,false,1,1,1,false,true,false,false,false,false,false,false,false
Available export: 2026-07-14 to 2026-08-04 (22 days),2026-07-19,1094408177.1784126728|1784505688,1094408177.1784126728,1784505688,(direct),(none),(direct),1784505688719211,https://terminusmaximus.com/replay-library/,,https://terminusmaximus.com/,terminusmaximus.com,,,true,false,1,1,1,false,true,false,false,false,false,false,false,false
Available export: 2026-07-14 to 2026-08-04 (22 days),2026-07-19,111613413.1784280081|1784451998,111613413.1784280081,1784451998,google,organic,(organic),1784451998667856,https://terminusmaximus.com/replay-library/,,https://terminusmaximus.com/guild-raid/boss-meta/,terminusmaximus.com,,,true,false,1,1,1,false,true,false,false,false,false,false,false,false
Available export: 2026-07-14 to 2026-08-04 (22 days),2026-07-19,111613413.1784280081|1784530101,111613413.1784280081,1784530101,google,organic,(organic),1784530101507631,https://terminusmaximus.com/replay-library/,,https://terminusmaximus.com/guild-raid/boss-meta/,terminusmaximus.com,,,true,false,1,1,1,false,true,false,false,false,false,false,false,false
Available export: 2026-07-14 to 2026-08-04 (22 days),2026-07-19,1186765260.1784277452|1784445710,1186765260.1784277452,1784445710,discord,post,boss-meta,1784445722262192,https://terminusmaximus.com/replay-library/,,https://terminusmaximus.com/guild-raid/boss-meta/?utm_source=discord&utm_medium=post&utm_campaign=boss-meta,terminusmaximus.com,/guild-raid/boss-meta/,/replay-library/,false,true,5,3,1,false,false,true,true,false,false,false,false,false
Available export: 2026-07-14 to 2026-08-04 (22 days),2026-07-19,1186765260.1784277452|1784489065,1186765260.1784277452,1784489065,discord,post,boss-meta,1784489066829574,https://terminusmaximus.com/replay-library/,,https://terminusmaximus.com/guild-raid/boss-meta/?utm_source=discord&utm_medium=post&utm_campaign=boss-meta,terminusmaximus.com,,,true,false,1,1,1,false,true,false,false,false,false,false,false,false
Available export: 2026-07-14 to 2026-08-04 (22 days),2026-07-19,1186765260.1784277452|1784496049,1186765260.1784277452,1784496049,discord,post,boss-meta,1784496051728724,https://terminusmaximus.com/replay-library/,,https://terminusmaximus.com/guild-raid/boss-meta/?utm_source=discord&utm_medium=post&utm_campaign=boss-meta,terminusmaximus.com,,,true,false,1,1,1,false,true,false,false,false,false,false,false,false
Available export: 2026-07-14 to 2026-08-04 (22 days),2026-07-19,1275188175.1781809042|1784489656,1275188175.1781809042,1784489656,google,organic,(organic),1784489664277461,https://terminusmaximus.com/replay-library/,,https://terminusmaximus.com/,terminusmaximus.com,/,,false,true,2,1,1,false,false,true,false,false,false,false,false,false
Available export: 2026-07-14 to 2026-08-04 (22 days),2026-07-19,1275188175.1781809042|1784491982,1275188175.1781809042,1784491982,google,organic,(organic),1784491982716465,https://terminusmaximus.com/replay-library/,,https://terminusmaximus.com/,terminusmaximus.com,,/,true,false,5,3,2,true,false,true,true,false,false,false,false,false
Available export: 2026-07-14 to 2026-08-04 (22 days),2026-07-19,1275188175.1781809042|1784496771,1275188175.1781809042,1784496771,google,organic,(organic),1784496771861219,https://terminusmaximus.com/replay-library/,,https://terminusmaximus.com/,terminusmaximus.com,,,true,false,1,1,1,false,true,false,false,false,false,false,false,false
Available export: 2026-07-14 to 2026-08-04 (22 days),2026-07-19,1329088566.1780506290|1784494545,1329088566.1780506290,1784494545,discord,post,boss-meta,1784494552107857,https://terminusmaximus.com/replay-library/,,https://terminusmaximus.com/guild-raid/boss-meta/?utm_source=discord&utm_medium=post&utm_campaign=boss-meta,terminusmaximus.com,/guild-raid/boss-meta/,,false,true,2,1,1,false,false,true,false,false,false,false,false,false
Available export: 2026-07-14 to 2026-08-04 (22 days),2026-07-19,1353535791.1784042323|1784526815,1353535791.1784042323,1784526815,reddit,post,s105,1784526816789177,https://terminusmaximus.com/replay-library/,,,,,/replay-library/,true,false,2,2,1,false,false,true,true,false,false,false,false,false
Available export: 2026-07-14 to 2026-08-04 (22 days),2026-07-19,1520165871.1784095012|1784451435,1520165871.1784095012,1784451435,reddit,post,s105,1784451435515391,https://terminusmaximus.com/replay-library/?utm_source=reddit&utm_medium=post&utm_campaign=s105,utm_source=reddit&utm_medium=post&utm_campaign=s105,,,,,true,false,1,1,1,false,true,false,false,false,false,false,false,false
Available export: 2026-07-14 to 2026-08-04 (22 days),2026-07-19,1520659173.1780826876|1784482009,1520659173.1780826876,1784482009,reddit,post,boss-meta,1784482220667371,https://terminusmaximus.com/replay-library/,,https://terminusmaximus.com/guild-raid/boss-meta//?utm_source=reddit&utm_medium=post&utm_campaign=boss-meta,terminusmaximus.com,/guild-raid/boss-meta/,,false,true,2,1,1,false,false,true,false,false,false,false,false,false
Available export: 2026-07-14 to 2026-08-04 (22 days),2026-07-19,1543694110.1780440876|1784470794,1543694110.1780440876,1784470794,reddit,post,boss-meta,1784470799928968,https://terminusmaximus.com/replay-library/,,https://terminusmaximus.com/,terminusmaximus.com,/,,false,true,2,1,1,false,false,true,false,false,false,false,false,false
Available export: 2026-07-14 to 2026-08-04 (22 days),2026-07-19,1543694110.1780440876|1784484364,1543694110.1780440876,1784484364,reddit,post,boss-meta,1784484378195944,https://terminusmaximus.com/replay-library/,,https://terminusmaximus.com/,terminusmaximus.com,/,/,false,true,5,3,2,true,false,true,true,false,false,false,false,false
Available export: 2026-07-14 to 2026-08-04 (22 days),2026-07-19,1571202032.1784445872|1784445871,1571202032.1784445872,1784445871,reddit,post,cezare-hre,1784445958398394,https://terminusmaximus.com/replay-library/,,https://terminusmaximus.com/incursion-mow/,terminusmaximus.com,/incursion-mow/,/lre/lucius/,false,true,6,1,1,false,false,true,false,false,false,false,false,false
Available export: 2026-07-14 to 2026-08-04 (22 days),2026-07-19,166925627.1784467348|1784467348,166925627.1784467348,1784467348,reddit,post,s105,1784467348477972,https://terminusmaximus.com/replay-library/?utm_source=reddit&utm_medium=post&utm_campaign=s105,utm_source=reddit&utm_medium=post&utm_campaign=s105,https://www.reddit.com/,www.reddit.com,,,true,false,1,1,1,false,true,false,false,false,false,false,false,false
Available export: 2026-07-14 to 2026-08-04 (22 days),2026-07-19,1698601453.1784348695|1784477914,1698601453.1784348695,1784477914,reddit,post,s105,1784477914484970,https://terminusmaximus.com/replay-library/?utm_source=reddit&utm_medium=post&utm_campaign=s105,utm_source=reddit&utm_medium=post&utm_campaign=s105,,,,/replay-library/,true,false,2,2,1,false,false,true,true,false,false,false,false,false
Available export: 2026-07-14 to 2026-08-04 (22 days),2026-07-19,1698601453.1784348695|1784526577,1698601453.1784348695,1784526577,reddit,post,s105,1784526577983963,https://terminusmaximus.com/replay-library/?utm_source=reddit&utm_medium=post&utm_campaign=s105,utm_source=reddit&utm_medium=post&utm_campaign=s105,,,,,true,false,1,1,1,false,true,false,false,false,false,false,false,false
Available export: 2026-07-14 to 2026-08-04 (22 days),2026-07-19,1750145351.1780773652|1784487737,1750145351.1780773652,1784487737,duckduckgo,organic,(organic),1784487745807649,https://terminusmaximus.com/replay-library/,,https://terminusmaximus.com/,terminusmaximus.com,/,/guild-raid/boss-meta/,false,true,3,1,1,false,false,true,false,false,false,false,false,false
Available export: 2026-07-14 to 2026-08-04 (22 days),2026-07-19,1784678737.1784129889|1784447446,1784678737.1784129889,1784447446,reddit,post,s105,1784447446451611,https://terminusmaximus.com/replay-library/,,https://terminusmaximus.com/guild-raid/s105/,terminusmaximus.com,,/,true,false,6,3,2,true,false,true,true,false,true,false,false,false
Available export: 2026-07-14 to 2026-08-04 (22 days),2026-07-19,1789962346.1784215190|1784465840,1789962346.1784215190,1784465840,reddit,post,mow2026,1784465839683366,https://terminusmaximus.com/replay-library/,,,,,,true,false,1,1,1,false,true,false,false,false,false,false,false,false
Available export: 2026-07-14 to 2026-08-04 (22 days),2026-07-19,1803433454.1783751346|1784452843,1803433454.1783751346,1784452843,google,organic,(organic),1784452844267457,https://terminusmaximus.com/replay-library/,,,,,/replay-library/,true,false,2,2,1,false,false,true,true,false,false,false,false,false
Available export: 2026-07-14 to 2026-08-04 (22 days),2026-07-19,1803433454.1783751346|1784456312,1803433454.1783751346,1784456312,google,organic,(organic),1784456313315513,https://terminusmaximus.com/replay-library/,,,,,,true,false,1,1,1,false,true,false,false,false,false,false,false,false
Available export: 2026-07-14 to 2026-08-04 (22 days),2026-07-19,1896606204.1784471675|1784471674,1896606204.1784471675,1784471674,google,organic,(organic),1784471738007734,https://terminusmaximus.com/replay-library/,,,,/replay/,,false,true,3,1,1,false,false,true,false,false,false,false,false,false
Available export: 2026-07-14 to 2026-08-04 (22 days),2026-07-19,1953140580.1784357969|1784445462,1953140580.1784357969,1784445462,google,organic,(organic),1784445462851153,https://terminusmaximus.com/replay-library/,,https://terminusmaximus.com/replay-library/,terminusmaximus.com,,,true,false,1,1,1,false,true,false,false,false,false,false,false,false
Available export: 2026-07-14 to 2026-08-04 (22 days),2026-07-19,1953140580.1784357969|1784499272,1953140580.1784357969,1784499272,google,organic,(organic),1784499272181935,https://terminusmaximus.com/replay-library/,,https://terminusmaximus.com/replay-library/,terminusmaximus.com,,,true,false,1,1,1,false,true,false,false,false,false,false,false,false
Available export: 2026-07-14 to 2026-08-04 (22 days),2026-07-19,2111859797.1784029962|1784503984,2111859797.1784029962,1784503984,reddit,post,s105,1784503984164219,https://terminusmaximus.com/replay-library/?utm_source=reddit&utm_medium=post&utm_campaign=s105,utm_source=reddit&utm_medium=post&utm_campaign=s105,,,,/replay-library/,true,false,2,2,1,false,false,true,true,false,false,false,false,false
Available export: 2026-07-14 to 2026-08-04 (22 days),2026-07-19,225701923.1783836780|1784448563,225701923.1783836780,1784448563,google,organic,(organic),1784448564120955,https://terminusmaximus.com/replay-library/,,https://terminusmaximus.com/guild-raid/s105/,terminusmaximus.com,,,true,false,1,1,1,false,true,false,false,false,false,false,false,false
Available export: 2026-07-14 to 2026-08-04 (22 days),2026-07-19,289636546.1784216912|1784458622,289636546.1784216912,1784458622,(direct),(none),(direct),1784458622392668,https://terminusmaximus.com/replay-library/,,https://terminusmaximus.com/,terminusmaximus.com,,,true,false,1,1,1,false,true,false,false,false,false,false,false,false
Available export: 2026-07-14 to 2026-08-04 (22 days),2026-07-19,289636546.1784216912|1784466105,289636546.1784216912,1784466105,(direct),(none),(direct),1784466105641757,https://terminusmaximus.com/replay-library/,,https://terminusmaximus.com/,terminusmaximus.com,,/replay-library/,true,false,4,4,1,false,false,true,true,false,false,false,false,false
Available export: 2026-07-14 to 2026-08-04 (22 days),2026-07-19,301255255.1783700732|1784481022,301255255.1783700732,1784481022,(direct),(none),(direct),1784481019622847,https://terminusmaximus.com/replay-library/,,https://terminusmaximus.com/,terminusmaximus.com,/,,false,true,2,1,1,false,false,true,false,false,false,false,false,false
Available export: 2026-07-14 to 2026-08-04 (22 days),2026-07-19,301255255.1783700732|1784511395,301255255.1783700732,1784511395,(direct),(none),(direct),1784511436369729,https://terminusmaximus.com/replay-library/,,https://terminusmaximus.com/,terminusmaximus.com,/,,false,true,4,1,1,false,false,true,false,false,false,false,false,false
Available export: 2026-07-14 to 2026-08-04 (22 days),2026-07-19,388840894.1784353260|1784461816,388840894.1784353260,1784461816,(direct),(none),(direct),1784461817070271,https://terminusmaximus.com/replay-library/,,,,,,true,false,1,1,1,false,true,false,false,false,false,false,false,false
Available export: 2026-07-14 to 2026-08-04 (22 days),2026-07-19,402345753.1784457231|1784457231,402345753.1784457231,1784457231,reddit,post,s105,1784457232101293,https://terminusmaximus.com/replay-library/?utm_source=reddit&utm_medium=post&utm_campaign=s105,utm_source=reddit&utm_medium=post&utm_campaign=s105,,,,,true,false,1,1,1,false,true,false,false,false,false,false,false,false
Available export: 2026-07-14 to 2026-08-04 (22 days),2026-07-19,415648380.1783756193|1784452996,415648380.1783756193,1784452996,google,organic,(organic),1784452999059049,https://terminusmaximus.com/replay-library/,,https://terminusmaximus.com/,terminusmaximus.com,,,true,false,1,1,1,false,true,false,false,false,false,false,false,false
Available export: 2026-07-14 to 2026-08-04 (22 days),2026-07-19,450478560.1780479950|1784467399,450478560.1780479950,1784467399,reddit,post,s105,1784467399253657,https://terminusmaximus.com/replay-library/?utm_source=reddit&utm_medium=post&utm_campaign=s105,utm_source=reddit&utm_medium=post&utm_campaign=s105,,,,/replay-library/,true,false,5,5,1,false,false,true,true,false,false,false,false,false
Available export: 2026-07-14 to 2026-08-04 (22 days),2026-07-19,541713441.1784134100|1784485766,541713441.1784134100,1784485766,(direct),(none),(direct),1784485766257085,https://terminusmaximus.com/replay-library/,,,,,,true,false,1,1,1,false,true,false,false,false,false,false,false,false
Available export: 2026-07-14 to 2026-08-04 (22 days),2026-07-19,562797440.1784472755|1784472754,562797440.1784472755,1784472754,reddit,post,s105,1784472754789453,https://terminusmaximus.com/replay-library/?utm_source=reddit&utm_medium=post&utm_campaign=s105,utm_source=reddit&utm_medium=post&utm_campaign=s105,https://www.reddit.com/,www.reddit.com,,,true,false,1,1,1,false,true,false,false,false,false,false,false,false
Available export: 2026-07-14 to 2026-08-04 (22 days),2026-07-19,578818595.1784294566|1784471554,578818595.1784294566,1784471554,(direct),(none),(direct),1784471554435349,https://terminusmaximus.com/replay-library/,,https://terminusmaximus.com/,terminusmaximus.com,,,true,false,1,1,1,false,true,false,false,false,false,false,false,false
Available export: 2026-07-14 to 2026-08-04 (22 days),2026-07-19,585271425.1784037398|1784454292,585271425.1784037398,1784454292,reddit,post,s105,1784454292241215,https://terminusmaximus.com/replay-library/?utm_source=reddit&utm_medium=post&utm_campaign=s105,utm_source=reddit&utm_medium=post&utm_campaign=s105,https://www.reddit.com/,www.reddit.com,,/,true,false,2,1,1,false,false,true,false,false,false,false,false,false
Available export: 2026-07-14 to 2026-08-04 (22 days),2026-07-19,585271425.1784037398|1784478873,585271425.1784037398,1784478873,reddit,post,s105,1784478873551812,https://terminusmaximus.com/replay-library/?utm_source=reddit&utm_medium=post&utm_campaign=s105,utm_source=reddit&utm_medium=post&utm_campaign=s105,https://www.reddit.com/,www.reddit.com,,/replay-library/,true,false,2,2,1,false,false,true,true,false,false,false,false,false
Available export: 2026-07-14 to 2026-08-04 (22 days),2026-07-19,585271425.1784037398|1784524373,585271425.1784037398,1784524373,reddit,post,s105,1784524373876673,https://terminusmaximus.com/replay-library/,,https://terminusmaximus.com/replay-library/?utm_source=reddit&utm_medium=post&utm_campaign=s105,terminusmaximus.com,,,true,false,1,1,1,false,true,false,false,false,false,false,false,false
Available export: 2026-07-14 to 2026-08-04 (22 days),2026-07-19,585271425.1784037398|1784527494,585271425.1784037398,1784527494,reddit,post,s105,1784527494764861,https://terminusmaximus.com/replay-library/,,https://terminusmaximus.com/replay-library/?utm_source=reddit&utm_medium=post&utm_campaign=s105,terminusmaximus.com,,/replay-library/,true,false,2,2,1,false,false,true,true,false,false,false,false,false
Available export: 2026-07-14 to 2026-08-04 (22 days),2026-07-19,59682447.1783737056|1784520264,59682447.1783737056,1784520264,reddit,post,s105,1784520264838804,https://terminusmaximus.com/replay-library/?utm_source=reddit&utm_medium=post&utm_campaign=s105,utm_source=reddit&utm_medium=post&utm_campaign=s105,,,,,true,false,1,1,1,false,true,false,false,false,false,false,false,false
Available export: 2026-07-14 to 2026-08-04 (22 days),2026-07-19,690906611.1784220034|1784497350,690906611.1784220034,1784497350,google,organic,(organic),1784497384013456,https://terminusmaximus.com/replay-library/,,https://terminusmaximus.com/,terminusmaximus.com,/,,false,true,6,1,1,false,false,true,false,false,false,false,false,false
Available export: 2026-07-14 to 2026-08-04 (22 days),2026-07-19,745827446.1784157382|1784463424,745827446.1784157382,1784463424,(direct),(none),(direct),1784463424006433,https://terminusmaximus.com/replay-library/,,,,,,true,false,1,1,1,false,true,false,false,false,false,false,false,false
Available export: 2026-07-14 to 2026-08-04 (22 days),2026-07-19,754698492.1783205204|1784505514,754698492.1783205204,1784505514,(direct),(none),(direct),1784505514371977,https://terminusmaximus.com/replay-library/,,https://terminusmaximus.com/guild-raid/,terminusmaximus.com,,,true,false,1,1,1,false,true,false,false,false,false,false,false,false
Available export: 2026-07-14 to 2026-08-04 (22 days),2026-07-19,854335387.1781550501|1784470188,854335387.1781550501,1784470188,(direct),(none),(direct),1784470265213833,https://terminusmaximus.com/replay-library/,,https://terminusmaximus.com/,terminusmaximus.com,/,,false,true,5,1,1,false,false,true,false,false,true,false,false,false
Available export: 2026-07-14 to 2026-08-04 (22 days),2026-07-19,863588341.1784457304|1784457304,863588341.1784457304,1784457304,reddit,post,s105,1784457304326122,https://terminusmaximus.com/replay-library/?utm_source=reddit&utm_medium=post&utm_campaign=s105,utm_source=reddit&utm_medium=post&utm_campaign=s105,,,,,true,false,1,1,1,false,true,false,false,false,false,false,false,false
Available export: 2026-07-14 to 2026-08-04 (22 days),2026-07-19,863588341.1784457304|1784462605,863588341.1784457304,1784462605,reddit,post,s105,1784462605993638,https://terminusmaximus.com/replay-library/?utm_source=reddit&utm_medium=post&utm_campaign=s105,utm_source=reddit&utm_medium=post&utm_campaign=s105,,,,,true,false,1,1,1,false,true,false,false,false,false,false,false,false
Available export: 2026-07-14 to 2026-08-04 (22 days),2026-07-19,882373833.1783651698|1784502063,882373833.1783651698,1784502063,(direct),(none),(direct),1784502064192263,https://terminusmaximus.com/replay-library/,,https://terminusmaximus.com/,terminusmaximus.com,,/guild-raid/archive/,true,false,3,2,2,true,false,true,true,false,false,false,false,false
Available export: 2026-07-14 to 2026-08-04 (22 days),2026-07-19,902217467.1784349301|1784465297,902217467.1784349301,1784465297,google,organic,(organic),1784465302470836,https://terminusmaximus.com/replay-library/,,https://terminusmaximus.com/,terminusmaximus.com,,,true,false,1,1,1,false,true,false,false,false,false,false,false,false
Available export: 2026-07-14 to 2026-08-04 (22 days),2026-07-20,1061916521.1780909995|1784539446,1061916521.1780909995,1784539446,google,organic,(organic),1784539480834443,https://terminusmaximus.com/replay-library/,,https://terminusmaximus.com/guild-raid/boss-meta/,terminusmaximus.com,/guild-raid/boss-meta/,,false,true,5,1,1,false,false,true,false,false,false,false,false,false
Available export: 2026-07-14 to 2026-08-04 (22 days),2026-07-20,1079571534.1784036714|1784600177,1079571534.1784036714,1784600177,reddit,post,s105,1784600177811505,https://terminusmaximus.com/replay-library/?utm_source=reddit&utm_medium=post&utm_campaign=s105,utm_source=reddit&utm_medium=post&utm_campaign=s105,,,,,true,false,1,1,1,false,true,false,false,false,false,false,false,false
Available export: 2026-07-14 to 2026-08-04 (22 days),2026-07-20,1094408177.1784126728|1784552240,1094408177.1784126728,1784552240,(direct),(none),(direct),1784552240347844,https://terminusmaximus.com/replay-library/,,https://terminusmaximus.com/,terminusmaximus.com,,,true,false,1,1,1,false,true,false,false,false,false,false,false,false
Available export: 2026-07-14 to 2026-08-04 (22 days),2026-07-20,1094408177.1784126728|1784582719,1094408177.1784126728,1784582719,(direct),(none),(direct),1784582719771934,https://terminusmaximus.com/replay-library/,,https://terminusmaximus.com/,terminusmaximus.com,,,true,false,1,1,1,false,true,false,false,false,false,false,false,false
Available export: 2026-07-14 to 2026-08-04 (22 days),2026-07-20,1094408177.1784126728|1784600896,1094408177.1784126728,1784600896,(direct),(none),(direct),1784600896792013,https://terminusmaximus.com/replay-library/,,https://terminusmaximus.com/,terminusmaximus.com,,,true,false,1,1,1,false,true,false,false,false,false,false,false,false
Available export: 2026-07-14 to 2026-08-04 (22 days),2026-07-20,1120596837.1784556288|1784556288,1120596837.1784556288,1784556288,(direct),(none),(direct),1784556287973776,https://terminusmaximus.com/replay-library/,,,,,,true,false,1,1,1,false,true,false,false,false,false,false,false,false
Available export: 2026-07-14 to 2026-08-04 (22 days),2026-07-20,1129932636.1784184948|1784540202,1129932636.1784184948,1784540202,google,organic,(organic),1784540202992132,https://terminusmaximus.com/replay-library/,,,,,,true,false,1,1,1,false,true,false,false,false,false,false,false,false
Available export: 2026-07-14 to 2026-08-04 (22 days),2026-07-20,1137099813.1782608606|1784553862,1137099813.1782608606,1784553862,google,organic,(organic),1784553982106962,https://terminusmaximus.com/replay-library/,,https://terminusmaximus.com/,terminusmaximus.com,/,,false,true,4,1,1,false,false,true,false,false,true,false,false,false
Available export: 2026-07-14 to 2026-08-04 (22 days),2026-07-20,1143081258.1784395165|1784561636,1143081258.1784395165,1784561636,(direct),(none),(direct),1784561636595558,https://terminusmaximus.com/replay-library/,,,,,,true,false,1,1,1,false,true,false,false,false,false,false,false,false
Available export: 2026-07-14 to 2026-08-04 (22 days),2026-07-20,1143081258.1784395165|1784577081,1143081258.1784395165,1784577081,(direct),(none),(direct),1784577081562686,https://terminusmaximus.com/replay-library/,,,,,,true,false,1,1,1,false,true,false,false,false,false,false,false,false
Available export: 2026-07-14 to 2026-08-04 (22 days),2026-07-20,1182746816.1784121078|1784592459,1182746816.1784121078,1784592459,reddit,post,s105,1784592459947375,https://terminusmaximus.com/replay-library/?utm_source=reddit&utm_medium=post&utm_campaign=s105,utm_source=reddit&utm_medium=post&utm_campaign=s105,,,,,true,false,1,1,1,false,true,false,false,false,false,false,false,false
Available export: 2026-07-14 to 2026-08-04 (22 days),2026-07-20,1186765260.1784277452|1784587351,1186765260.1784277452,1784587351,discord,post,boss-meta,1784587356922754,https://terminusmaximus.com/replay-library/,,https://terminusmaximus.com/guild-raid/boss-meta/?utm_source=discord&utm_medium=post&utm_campaign=boss-meta,terminusmaximus.com,,,true,false,1,1,1,false,true,false,false,false,false,false,false,false
Available export: 2026-07-14 to 2026-08-04 (22 days),2026-07-20,1226551226.1784268696|1784613080,1226551226.1784268696,1784613080,(direct),(none),(direct),1784613127860274,https://www.terminusmaximus.com/replay-library/,,https://www.terminusmaximus.com/guild-raid/s105/,www.terminusmaximus.com,/guild-raid/s105/,,false,true,2,1,1,false,false,true,false,false,true,false,false,false
Available export: 2026-07-14 to 2026-08-04 (22 days),2026-07-20,1248298120.1784135033|1784586043,1248298120.1784135033,1784586043,reddit,post,s105,1784586044318197,https://terminusmaximus.com/replay-library/?utm_source=reddit&utm_medium=post&utm_campaign=s105,utm_source=reddit&utm_medium=post&utm_campaign=s105,,,,,true,false,1,1,1,false,true,false,false,false,false,false,false,false
Available export: 2026-07-14 to 2026-08-04 (22 days),2026-07-20,1248298120.1784135033|1784598149,1248298120.1784135033,1784598149,reddit,post,s105,1784598149594905,https://terminusmaximus.com/replay-library/?utm_source=reddit&utm_medium=post&utm_campaign=s105,utm_source=reddit&utm_medium=post&utm_campaign=s105,,,,,true,false,1,1,1,false,true,false,false,false,false,false,false,false
Available export: 2026-07-14 to 2026-08-04 (22 days),2026-07-20,1320557003.1784261005|1784599706,1320557003.1784261005,1784599706,bing,organic,(organic),1784599706877785,https://terminusmaximus.com/replay-library/,,https://www.bing.com/,www.bing.com,,,true,false,1,1,1,false,true,false,false,false,false,false,false,false
Available export: 2026-07-14 to 2026-08-04 (22 days),2026-07-20,1329088566.1780506290|1784542774,1329088566.1780506290,1784542774,discord,post,boss-meta,1784542785345303,https://terminusmaximus.com/replay-library/,,https://terminusmaximus.com/guild-raid/boss-meta/?utm_source=discord&utm_medium=post&utm_campaign=boss-meta,terminusmaximus.com,/guild-raid/boss-meta/,/guild-raid/boss-meta/,false,true,4,2,2,true,false,true,true,false,false,false,false,false
Available export: 2026-07-14 to 2026-08-04 (22 days),2026-07-20,1329088566.1780506290|1784548068,1329088566.1780506290,1784548068,discord,post,boss-meta,1784548078798175,https://terminusmaximus.com/replay-library/,,https://terminusmaximus.com/guild-raid/boss-meta/?utm_source=discord&utm_medium=post&utm_campaign=boss-meta,terminusmaximus.com,/guild-raid/boss-meta/,,false,true,2,1,1,false,false,true,false,false,false,false,false,false
Available export: 2026-07-14 to 2026-08-04 (22 days),2026-07-20,1329324512.1784041395|1784560122,1329324512.1784041395,1784560122,google,organic,(organic),1784560221652228,https://terminusmaximus.com/replay-library/,,https://terminusmaximus.com/guild-raid/s105/,terminusmaximus.com,/guild-raid/s105/,/guild-raid/s105/,false,true,8,1,1,false,false,true,false,false,true,false,false,false
Available export: 2026-07-14 to 2026-08-04 (22 days),2026-07-20,1388864960.1783777360|1784555244,1388864960.1783777360,1784555244,reddit,post,s105,1784555148979587,https://terminusmaximus.com/replay-library/,,https://terminusmaximus.com/,terminusmaximus.com,/,,false,true,2,1,1,false,false,true,false,false,false,false,false,false
Available export: 2026-07-14 to 2026-08-04 (22 days),2026-07-20,1446379370.1781665792|1784563876,1446379370.1781665792,1784563876,google,organic,(organic),1784563891119532,https://terminusmaximus.com/replay-library/,,https://terminusmaximus.com/,terminusmaximus.com,/,/about/,false,true,4,1,1,false,false,true,false,false,false,false,false,false
Available export: 2026-07-14 to 2026-08-04 (22 days),2026-07-20,1481891878.1784553336|1784553336,1481891878.1784553336,1784553336,(direct),(none),(direct),1784554036946034,https://terminusmaximus.com/replay-library/,,https://terminusmaximus.com/guild-raid/?utm_source=chatgpt.com,terminusmaximus.com,/guild-raid/,/guild-raid/,false,true,9,3,3,true,false,true,true,false,false,false,false,false
Available export: 2026-07-14 to 2026-08-04 (22 days),2026-07-20,1497073002.1784383888|1784540901,1497073002.1784383888,1784540901,google,organic,(organic),1784540902382660,https://terminusmaximus.com/replay-library/,,,,,,true,false,1,1,1,false,true,false,false,false,false,false,false,false
Available export: 2026-07-14 to 2026-08-04 (22 days),2026-07-20,1504857943.1784205943|1784547856,1504857943.1784205943,1784547856,(direct),(none),(direct),1784547856731898,https://terminusmaximus.com/replay-library/,,,,,,true,false,1,1,1,false,true,false,false,false,false,false,false,false
Available export: 2026-07-14 to 2026-08-04 (22 days),2026-07-20,1504857943.1784205943|1784608209,1504857943.1784205943,1784608209,(direct),(none),(direct),1784608209488713,https://terminusmaximus.com/replay-library/,,,,,,true,false,1,1,1,false,true,false,false,false,false,false,false,false
Available export: 2026-07-14 to 2026-08-04 (22 days),2026-07-20,1504857943.1784205943|1784611962,1504857943.1784205943,1784611962,(direct),(none),(direct),1784611962411540,https://terminusmaximus.com/replay-library/,,,,,,true,false,1,1,1,false,true,false,false,false,false,false,false,false
Available export: 2026-07-14 to 2026-08-04 (22 days),2026-07-20,1534999652.1784329201|1784582190,1534999652.1784329201,1784582190,discord,post,boss-meta,1784582191195219,https://terminusmaximus.com/replay-library/,,https://terminusmaximus.com/guild-raid/boss-meta/?utm_source=discord&utm_medium=post&utm_campaign=boss-meta,terminusmaximus.com,,/guild-raid/boss-meta/,true,false,2,1,1,false,false,true,false,false,false,false,false,false
Available export: 2026-07-14 to 2026-08-04 (22 days),2026-07-20,1578236271.1784555999|1784555999,1578236271.1784555999,1784555999,(direct),(none),(direct),1784556000385507,https://terminusmaximus.com/replay-library/,,,,,,true,false,1,1,1,false,true,false,false,false,false,false,false,false
Available export: 2026-07-14 to 2026-08-04 (22 days),2026-07-20,1750145351.1780773652|1784534903,1750145351.1780773652,1784534903,duckduckgo,organic,(organic),1784534913190420,https://terminusmaximus.com/replay-library/,,https://terminusmaximus.com/,terminusmaximus.com,/,,false,true,2,1,1,false,false,true,false,false,false,false,false,false
Available export: 2026-07-14 to 2026-08-04 (22 days),2026-07-20,1750145351.1780773652|1784574277,1750145351.1780773652,1784574277,duckduckgo,organic,(organic),1784574286892300,https://terminusmaximus.com/replay-library/,,https://terminusmaximus.com/,terminusmaximus.com,/,,false,true,2,1,1,false,false,true,false,false,false,false,false,false
Available export: 2026-07-14 to 2026-08-04 (22 days),2026-07-20,1784678737.1784129889|1784553913,1784678737.1784129889,1784553913,reddit,post,s105,1784553914078809,https://terminusmaximus.com/replay-library/,,https://terminusmaximus.com/guild-raid/boss-meta/,terminusmaximus.com,,,true,false,1,1,1,false,true,false,false,false,false,false,false,false
Available export: 2026-07-14 to 2026-08-04 (22 days),2026-07-20,1784678737.1784129889|1784557517,1784678737.1784129889,1784557517,reddit,post,s105,1784557517624106,https://terminusmaximus.com/replay-library/,,,,,,true,false,1,1,1,false,true,false,false,false,false,false,false,false
Available export: 2026-07-14 to 2026-08-04 (22 days),2026-07-20,1784678737.1784129889|1784577316,1784678737.1784129889,1784577316,reddit,post,s105,1784577316837809,https://terminusmaximus.com/replay-library/,,,,,,true,false,1,1,1,false,true,false,false,false,false,false,false,false
Available export: 2026-07-14 to 2026-08-04 (22 days),2026-07-20,1784678737.1784129889|1784612966,1784678737.1784129889,1784612966,reddit,post,s105,1784612967002875,https://terminusmaximus.com/replay-library/,,,,,,true,false,1,1,1,false,true,false,false,false,false,false,false,false
Available export: 2026-07-14 to 2026-08-04 (22 days),2026-07-20,1789962346.1784215190|1784543837,1789962346.1784215190,1784543837,reddit,post,mow2026,1784543835757016,https://terminusmaximus.com/replay-library/,,,,,,true,false,1,1,1,false,true,false,false,false,false,false,false,false
Available export: 2026-07-14 to 2026-08-04 (22 days),2026-07-20,1795102130.1784117595|1784531092,1795102130.1784117595,1784531092,(direct),(none),(direct),1784531092148269,https://terminusmaximus.com/replay-library/,,,,,,true,false,1,1,1,false,true,false,false,false,false,false,false,false
Available export: 2026-07-14 to 2026-08-04 (22 days),2026-07-20,1814383594.1784183381|1784576648,1814383594.1784183381,1784576648,google,organic,(organic),1784576649048286,https://terminusmaximus.com/replay-library/,,https://terminusmaximus.com/guild-raid/s105/,terminusmaximus.com,,/replay-library/,true,false,2,2,1,false,false,true,true,false,false,false,false,false
Available export: 2026-07-14 to 2026-08-04 (22 days),2026-07-20,1814383594.1784183381|1784578996,1814383594.1784183381,1784578996,google,organic,(organic),1784578996909917,https://terminusmaximus.com/replay-library/,,https://terminusmaximus.com/guild-raid/s105/,terminusmaximus.com,,,true,false,1,1,1,false,true,false,false,false,false,false,false,false
Available export: 2026-07-14 to 2026-08-04 (22 days),2026-07-20,1858047959.1784030123|1784558228,1858047959.1784030123,1784558228,reddit,post,s105,1784558229197870,https://terminusmaximus.com/replay-library/?utm_source=reddit&utm_medium=post&utm_campaign=s105,utm_source=reddit&utm_medium=post&utm_campaign=s105,,,,,true,false,1,1,1,false,true,false,false,false,false,false,false,false
Available export: 2026-07-14 to 2026-08-04 (22 days),2026-07-20,1923212886.1784556250|1784556250,1923212886.1784556250,1784556250,reddit,post,s105,1784556250438472,https://terminusmaximus.com/replay-library/?utm_source=reddit&utm_medium=post&utm_campaign=s105,utm_source=reddit&utm_medium=post&utm_campaign=s105,https://www.reddit.com/,www.reddit.com,,,true,false,1,1,1,false,true,false,false,false,false,false,false,false
Available export: 2026-07-14 to 2026-08-04 (22 days),2026-07-20,1991012249.1783749788|1784615320,1991012249.1783749788,1784615320,reddit,post,s105,1784615321147102,https://terminusmaximus.com/replay-library/?utm_source=reddit&utm_medium=post&utm_campaign=s105,utm_source=reddit&utm_medium=post&utm_campaign=s105,,,,,true,false,1,1,1,false,true,false,false,false,false,false,false,false
Available export: 2026-07-14 to 2026-08-04 (22 days),2026-07-20,2010803846.1784571311|1784571311,2010803846.1784571311,1784571311,google,organic,(organic),1784571337438610,https://terminusmaximus.com/replay-library/,,https://terminusmaximus.com/,terminusmaximus.com,/,/replay-library/,false,true,3,2,1,false,false,true,true,false,false,false,false,false
Available export: 2026-07-14 to 2026-08-04 (22 days),2026-07-20,2011150870.1784215171|1784547330,2011150870.1784215171,1784547330,google,organic,(organic),1784547384201268,https://terminusmaximus.com/replay-library/,,https://terminusmaximus.com/guild-raid/,terminusmaximus.com,/guild-raid/,,false,true,5,1,1,false,false,true,false,false,false,false,false,false
Available export: 2026-07-14 to 2026-08-04 (22 days),2026-07-20,2014181582.1784215470|1784571290,2014181582.1784215470,1784571290,(direct),(none),(direct),1784571290562990,https://terminusmaximus.com/replay-library/,,,,,,true,false,1,1,1,false,true,false,false,false,false,false,false,false
Available export: 2026-07-14 to 2026-08-04 (22 days),2026-07-20,202788984.1783624757|1784554014,202788984.1783624757,1784554014,reddit,post,s105,1784554015707690,https://terminusmaximus.com/replay-library/?utm_source=reddit&utm_medium=post&utm_campaign=s105,utm_source=reddit&utm_medium=post&utm_campaign=s105,https://www.reddit.com/,www.reddit.com,,/lre/lucius/,true,false,3,1,1,false,false,true,false,false,true,false,false,false
Available export: 2026-07-14 to 2026-08-04 (22 days),2026-07-20,2102702535.1784556056|1784556056,2102702535.1784556056,1784556056,(direct),(none),(direct),1784556056525816,https://terminusmaximus.com/replay-library/,,,,,,true,false,1,1,1,false,true,false,false,false,false,false,false,false
Available export: 2026-07-14 to 2026-08-04 (22 days),2026-07-20,289636546.1784216912|1784584727,289636546.1784216912,1784584727,(direct),(none),(direct),1784584727788602,https://terminusmaximus.com/replay-library/,,,,,,true,false,1,1,1,false,true,false,false,false,false,false,false,false
Available export: 2026-07-14 to 2026-08-04 (22 days),2026-07-20,289636546.1784216912|1784598405,289636546.1784216912,1784598405,(direct),(none),(direct),1784598405789066,https://terminusmaximus.com/replay-library/,,,,,,true,false,1,1,1,false,true,false,false,false,false,false,false,false
Available export: 2026-07-14 to 2026-08-04 (22 days),2026-07-20,438630566.1784571853|1784571853,438630566.1784571853,1784571853,reddit,post,boss-meta,1784571907488434,https://terminusmaximus.com/replay-library/,,https://terminusmaximus.com/guild-raid/boss-meta//?utm_source=reddit&utm_medium=post&utm_campaign=boss-meta,terminusmaximus.com,/guild-raid/boss-meta/,/replay-library/,false,true,3,2,1,false,false,true,true,false,false,false,false,false
Available export: 2026-07-14 to 2026-08-04 (22 days),2026-07-20,450478560.1780479950|1784615808,450478560.1780479950,1784615808,reddit,post,s105,1784615808511361,https://terminusmaximus.com/replay-library/?utm_source=reddit&utm_medium=post&utm_campaign=s105,utm_source=reddit&utm_medium=post&utm_campaign=s105,,,,,true,false,1,1,1,false,true,false,false,false,false,false,false,false
Available export: 2026-07-14 to 2026-08-04 (22 days),2026-07-20,52404322.1784552488|1784552487,52404322.1784552488,1784552487,(direct),(none),(direct),1784552487256213,https://terminusmaximus.com/replay-library/,,,,,,true,false,1,1,1,false,true,false,false,false,false,false,false,false
Available export: 2026-07-14 to 2026-08-04 (22 days),2026-07-20,541713441.1784134100|1784537989,541713441.1784134100,1784537989,(direct),(none),(direct),1784537990382241,https://terminusmaximus.com/replay-library/,,,,,,true,false,1,1,1,false,true,false,false,false,false,false,false,false
Available export: 2026-07-14 to 2026-08-04 (22 days),2026-07-20,565029146.1784123908|1784592181,565029146.1784123908,1784592181,reddit,post,s105,1784592181490637,https://terminusmaximus.com/replay-library/?utm_source=reddit&utm_medium=post&utm_campaign=s105,utm_source=reddit&utm_medium=post&utm_campaign=s105,,,,,true,false,1,1,1,false,true,false,false,false,false,false,false,false
Available export: 2026-07-14 to 2026-08-04 (22 days),2026-07-20,578818595.1784294566|1784549666,578818595.1784294566,1784549666,(direct),(none),(direct),1784549666569706,https://terminusmaximus.com/replay-library/,,https://terminusmaximus.com/,terminusmaximus.com,,,true,false,1,1,1,false,true,false,false,false,false,false,false,false
Available export: 2026-07-14 to 2026-08-04 (22 days),2026-07-20,578818595.1784294566|1784554016,578818595.1784294566,1784554016,(direct),(none),(direct),1784554016391878,https://terminusmaximus.com/replay-library/,,https://terminusmaximus.com/,terminusmaximus.com,,,true,false,1,1,1,false,true,false,false,false,false,false,false,false
Available export: 2026-07-14 to 2026-08-04 (22 days),2026-07-20,59682447.1783737056|1784549368,59682447.1783737056,1784549368,reddit,post,s105,1784549368774360,https://terminusmaximus.com/replay-library/?utm_source=reddit&utm_medium=post&utm_campaign=s105,utm_source=reddit&utm_medium=post&utm_campaign=s105,,,,/,true,false,2,1,1,false,false,true,false,false,false,false,false,false
Available export: 2026-07-14 to 2026-08-04 (22 days),2026-07-20,665502570.1780636433|1784544337,665502570.1780636433,1784544337,reddit,post,mow2026,1784544559113930,https://terminusmaximus.com/replay-library/,,https://terminusmaximus.com/,terminusmaximus.com,/guild-raid/boss-meta/,/lre/lucius/,false,true,7,1,1,false,false,true,false,false,false,false,false,false
Available export: 2026-07-14 to 2026-08-04 (22 days),2026-07-20,673613839.1783727894|1784533265,673613839.1783727894,1784533265,(direct),(none),(direct),1784533265841033,https://terminusmaximus.com/replay-library/,,,,,,true,false,1,1,1,false,true,false,false,false,false,false,false,false
Available export: 2026-07-14 to 2026-08-04 (22 days),2026-07-20,678377700.1784028997|1784547272,678377700.1784028997,1784547272,(direct),(none),(direct),1784548661009221,https://terminusmaximus.com/replay-library/,,https://terminusmaximus.com/guild-raid/s105/,terminusmaximus.com,/guild-raid/s105/,,false,true,2,1,1,false,false,true,false,false,false,false,false,false
Available export: 2026-07-14 to 2026-08-04 (22 days),2026-07-20,690906611.1784220034|1784572426,690906611.1784220034,1784572426,google,organic,(organic),1784572427503633,https://terminusmaximus.com/replay-library/,,https://terminusmaximus.com/,terminusmaximus.com,,,true,false,1,1,1,false,true,false,false,false,false,false,false,false
Available export: 2026-07-14 to 2026-08-04 (22 days),2026-07-20,690906611.1784220034|1784582070,690906611.1784220034,1784582070,google,organic,(organic),1784582071660388,https://terminusmaximus.com/replay-library/,,https://terminusmaximus.com/,terminusmaximus.com,,,true,false,1,1,1,false,true,false,false,false,false,false,false,false
Available export: 2026-07-14 to 2026-08-04 (22 days),2026-07-20,711186163.1784391382|1784593810,711186163.1784391382,1784593810,(direct),(none),(direct),1784593760372926,https://terminusmaximus.com/replay-library/,,,,,,true,false,1,1,1,false,true,false,false,false,false,false,false,false
Available export: 2026-07-14 to 2026-08-04 (22 days),2026-07-20,73242761.1784415654|1784539656,73242761.1784415654,1784539656,reddit,post,boss-meta,1784539656681954,https://terminusmaximus.com/replay-library/,,,,,,true,false,1,1,1,false,true,false,false,false,false,false,false,false
Available export: 2026-07-14 to 2026-08-04 (22 days),2026-07-20,73242761.1784415654|1784546214,73242761.1784415654,1784546214,reddit,post,boss-meta,1784546214211378,https://terminusmaximus.com/replay-library/,,,,,,true,false,1,1,1,false,true,false,false,false,false,false,false,false
Available export: 2026-07-14 to 2026-08-04 (22 days),2026-07-20,754698492.1783205204|1784594563,754698492.1783205204,1784594563,(direct),(none),(direct),1784594563614504,https://terminusmaximus.com/replay-library/,,https://terminusmaximus.com/guild-raid/,terminusmaximus.com,,,true,false,1,1,1,false,true,false,false,false,false,false,false,false
Available export: 2026-07-14 to 2026-08-04 (22 days),2026-07-20,824654604.1784558155|1784558154,824654604.1784558155,1784558154,(direct),(none),(direct),1784558155419370,https://terminusmaximus.com/replay-library/,,,,,,true,false,1,1,1,false,true,false,false,false,false,false,false,false
Available export: 2026-07-14 to 2026-08-04 (22 days),2026-07-20,900338965.1784033198|1784547532,900338965.1784033198,1784547532,google,organic,(organic),1784547579295469,https://terminusmaximus.com/replay-library/,,https://terminusmaximus.com/,terminusmaximus.com,/,,false,true,2,1,1,false,false,true,false,false,false,false,false,false
Available export: 2026-07-14 to 2026-08-04 (22 days),2026-07-21,1094408177.1784126728|1784652295,1094408177.1784126728,1784652295,(direct),(none),(direct),1784652296146717,https://terminusmaximus.com/replay-library/,,https://terminusmaximus.com/,terminusmaximus.com,,,true,false,1,1,1,false,true,false,false,false,false,false,false,false
Available export: 2026-07-14 to 2026-08-04 (22 days),2026-07-21,1094408177.1784126728|1784680140,1094408177.1784126728,1784680140,(direct),(none),(direct),1784680140521410,https://terminusmaximus.com/replay-library/,,https://terminusmaximus.com/,terminusmaximus.com,,/replay-library/,true,false,2,2,1,false,false,true,true,false,false,false,false,false
Available export: 2026-07-14 to 2026-08-04 (22 days),2026-07-21,1094408177.1784126728|1784684237,1094408177.1784126728,1784684237,(direct),(none),(direct),1784684238078535,https://terminusmaximus.com/replay-library/,,https://terminusmaximus.com/,terminusmaximus.com,,,true,false,1,1,1,false,true,false,false,false,false,false,false,false
Available export: 2026-07-14 to 2026-08-04 (22 days),2026-07-21,111613413.1784280081|1784617301,111613413.1784280081,1784617301,google,organic,(organic),1784617301718984,https://terminusmaximus.com/replay-library/,,https://terminusmaximus.com/guild-raid/boss-meta/,terminusmaximus.com,,,true,false,1,1,1,false,true,false,false,false,false,false,false,false
Available export: 2026-07-14 to 2026-08-04 (22 days),2026-07-21,1120596837.1784556288|1784623568,1120596837.1784556288,1784623568,(direct),(none),(direct),1784623566819789,https://terminusmaximus.com/replay-library/,,,,,,true,false,1,1,1,false,true,false,false,false,false,false,false,false
Available export: 2026-07-14 to 2026-08-04 (22 days),2026-07-21,1186765260.1784277452|1784651325,1186765260.1784277452,1784651325,discord,post,boss-meta,1784651327100737,https://terminusmaximus.com/replay-library/,,https://terminusmaximus.com/guild-raid/boss-meta/?utm_source=discord&utm_medium=post&utm_campaign=boss-meta,terminusmaximus.com,,,true,false,1,1,1,false,true,false,false,false,false,false,false,false
Available export: 2026-07-14 to 2026-08-04 (22 days),2026-07-21,1248298120.1784135033|1784682272,1248298120.1784135033,1784682272,reddit,post,s105,1784682272553358,https://terminusmaximus.com/replay-library/?utm_source=reddit&utm_medium=post&utm_campaign=s105,utm_source=reddit&utm_medium=post&utm_campaign=s105,,,,,true,false,1,1,1,false,true,false,false,false,false,false,false,false
Available export: 2026-07-14 to 2026-08-04 (22 days),2026-07-21,1248298120.1784135033|1784687535,1248298120.1784135033,1784687535,reddit,post,s105,1784687535700630,https://terminusmaximus.com/replay-library/?utm_source=reddit&utm_medium=post&utm_campaign=s105,utm_source=reddit&utm_medium=post&utm_campaign=s105,,,,,true,false,1,1,1,false,true,false,false,false,false,false,false,false
Available export: 2026-07-14 to 2026-08-04 (22 days),2026-07-21,1274562076.1784685946|1784685945,1274562076.1784685946,1784685945,reddit,post,s105,1784685945931127,https://terminusmaximus.com/replay-library/?utm_source=reddit&utm_medium=post&utm_campaign=s105,utm_source=reddit&utm_medium=post&utm_campaign=s105,,,,/replay-library/,true,false,7,7,1,false,false,true,true,false,false,false,false,false
Available export: 2026-07-14 to 2026-08-04 (22 days),2026-07-21,1329324512.1784041395|1784676435,1329324512.1784041395,1784676435,google,organic,(organic),1784676463239795,https://terminusmaximus.com/replay-library/,,https://terminusmaximus.com/guild-raid/s105/,terminusmaximus.com,/guild-raid/s105/,/replay-library/,false,true,9,5,1,false,false,true,true,false,false,false,false,false
Available export: 2026-07-14 to 2026-08-04 (22 days),2026-07-21,1330085543.1784224204|1784700352,1330085543.1784224204,1784700352,google,organic,(organic),1784700352308457,https://terminusmaximus.com/replay-library/,,,,,/replay-library/,true,false,2,2,1,false,false,true,true,false,false,false,false,false
Available export: 2026-07-14 to 2026-08-04 (22 days),2026-07-21,1330085543.1784224204|1784702706,1330085543.1784224204,1784702706,google,organic,(organic),1784702706911038,https://terminusmaximus.com/replay-library/?boss=Lion,boss=Lion,,,,/replay-library/,true,false,3,3,1,false,false,true,true,false,false,false,false,false
Available export: 2026-07-14 to 2026-08-04 (22 days),2026-07-21,1353535791.1784042323|1784666893,1353535791.1784042323,1784666893,reddit,post,s105,1784666894149248,https://terminusmaximus.com/replay-library/,,,,,/,true,false,6,1,1,false,false,true,false,false,false,false,false,false
Available export: 2026-07-14 to 2026-08-04 (22 days),2026-07-21,1453876621.1782245984|1784645989,1453876621.1782245984,1784645989,google,organic,(organic),1784646048146248,https://terminusmaximus.com/replay-library/,,https://terminusmaximus.com/guild-raid/boss-meta/,terminusmaximus.com,/guild-raid/boss-meta/,,false,true,2,1,1,false,false,true,false,false,false,false,false,false
Available export: 2026-07-14 to 2026-08-04 (22 days),2026-07-21,1543694110.1780440876|1784651869,1543694110.1780440876,1784651869,reddit,post,boss-meta,1784654203948584,https://terminusmaximus.com/replay-library/,,https://terminusmaximus.com/,terminusmaximus.com,/,/,false,true,5,1,1,false,false,true,false,false,false,false,false,false
Available export: 2026-07-14 to 2026-08-04 (22 days),2026-07-21,1543694110.1780440876|1784670266,1543694110.1780440876,1784670266,reddit,post,boss-meta,1784670269491231,https://terminusmaximus.com/replay-library/,,https://terminusmaximus.com/,terminusmaximus.com,/,/replay-library/,false,true,4,3,1,false,false,true,true,false,false,false,false,false
Available export: 2026-07-14 to 2026-08-04 (22 days),2026-07-21,1580462843.1784695731|1784695731,1580462843.1784695731,1784695731,reddit,post,boss-meta,1784695867837933,https://terminusmaximus.com/replay-library/,,https://terminusmaximus.com/guild-raid/boss-meta/?utm_source=reddit&utm_medium=post&utm_campaign=boss-meta,terminusmaximus.com,/guild-raid/boss-meta/,/replay-library/,false,true,6,5,1,false,false,true,true,false,true,false,false,false
Available export: 2026-07-14 to 2026-08-04 (22 days),2026-07-21,1649944556.1780642724|1784625625,1649944556.1780642724,1784625625,(direct),(none),(direct),1784625631522280,https://terminusmaximus.com/replay-library/,,https://terminusmaximus.com/,terminusmaximus.com,,,true,false,1,1,1,false,true,false,false,false,false,false,false,false
Available export: 2026-07-14 to 2026-08-04 (22 days),2026-07-21,1698601453.1784348695|1784646483,1698601453.1784348695,1784646483,reddit,post,s105,1784646483287251,https://terminusmaximus.com/replay-library/?utm_source=reddit&utm_medium=post&utm_campaign=s105,utm_source=reddit&utm_medium=post&utm_campaign=s105,,,,/replay-library/,true,false,2,2,1,false,false,true,true,false,false,false,false,false
Available export: 2026-07-14 to 2026-08-04 (22 days),2026-07-21,1750145351.1780773652|1784619840,1750145351.1780773652,1784619840,duckduckgo,organic,(organic),1784619846527181,https://terminusmaximus.com/replay-library/,,https://terminusmaximus.com/,terminusmaximus.com,/,,false,true,2,1,1,false,false,true,false,false,false,false,false,false
Available export: 2026-07-14 to 2026-08-04 (22 days),2026-07-21,1767664512.1784079686|1784642135,1767664512.1784079686,1784642135,(direct),(none),(direct),1784642135453157,https://terminusmaximus.com/replay-library/,,,,,,true,false,1,1,1,false,true,false,false,false,false,false,false,false
Available export: 2026-07-14 to 2026-08-04 (22 days),2026-07-21,1784678737.1784129889|1784702208,1784678737.1784129889,1784702208,reddit,post,s105,1784702208738541,https://terminusmaximus.com/replay-library/,,,,,/replay-library/,true,false,5,5,1,false,false,true,true,false,false,false,false,false
Available export: 2026-07-14 to 2026-08-04 (22 days),2026-07-21,1789962346.1784215190|1784693355,1789962346.1784215190,1784693355,reddit,post,mow2026,1784693356058882,https://terminusmaximus.com/replay-library/,,,,,/replay-library/,true,false,4,4,1,false,false,true,true,false,false,false,false,false
Available export: 2026-07-14 to 2026-08-04 (22 days),2026-07-21,1922119861.1782719409|1784699046,1922119861.1782719409,1784699046,google,organic,(organic),1784699157468756,https://terminusmaximus.com/replay-library/,,https://terminusmaximus.com/,terminusmaximus.com,/,/replay-library/,false,true,6,2,1,false,false,true,true,false,false,false,false,false
Available export: 2026-07-14 to 2026-08-04 (22 days),2026-07-21,1953140580.1784357969|1784618739,1953140580.1784357969,1784618739,google,organic,(organic),1784618739917629,https://terminusmaximus.com/replay-library/,,https://terminusmaximus.com/replay-library/,terminusmaximus.com,,,true,false,1,1,1,false,true,false,false,false,false,false,false,false
Available export: 2026-07-14 to 2026-08-04 (22 days),2026-07-21,1953140580.1784357969|1784682771,1953140580.1784357969,1784682771,google,organic,(organic),1784682773630865,https://terminusmaximus.com/replay-library/,,https://terminusmaximus.com/replay-library/,terminusmaximus.com,,,true,false,1,1,1,false,true,false,false,false,false,false,false,false
Available export: 2026-07-14 to 2026-08-04 (22 days),2026-07-21,1978556558.1784646467|1784646467,1978556558.1784646467,1784646467,(direct),(none),(direct),1784646467572106,https://terminusmaximus.com/replay-library/,,,,,,true,false,1,1,1,false,true,false,false,false,false,false,false,false
Available export: 2026-07-14 to 2026-08-04 (22 days),2026-07-21,1978556558.1784646467|1784653451,1978556558.1784646467,1784653451,(direct),(none),(direct),1784653453940827,https://terminusmaximus.com/replay-library/,,,,,,true,false,1,1,1,false,true,false,false,false,false,false,false,false
Available export: 2026-07-14 to 2026-08-04 (22 days),2026-07-21,1979529654.1784416653|1784617683,1979529654.1784416653,1784617683,(direct),(none),(direct),1784618008874741,https://terminusmaximus.com/replay-library/,,https://terminusmaximus.com/guild-raid/boss-meta/,terminusmaximus.com,/guild-raid/boss-meta/,/replay-library/,false,true,3,2,1,false,false,true,true,false,true,false,false,false
Available export: 2026-07-14 to 2026-08-04 (22 days),2026-07-21,1991012249.1783749788|1784619923,1991012249.1783749788,1784619923,reddit,post,s105,1784619924110738,https://terminusmaximus.com/replay-library/?utm_source=reddit&utm_medium=post&utm_campaign=s105,utm_source=reddit&utm_medium=post&utm_campaign=s105,,,,,true,false,1,1,1,false,true,false,false,false,false,false,false,false
Available export: 2026-07-14 to 2026-08-04 (22 days),2026-07-21,2100717848.1783783341|1784668988,2100717848.1783783341,1784668988,(direct),(none),(direct),1784668988309845,https://terminusmaximus.com/replay-library/,,,,,/replay-library/,true,false,5,5,1,false,false,true,true,false,false,false,false,false
Available export: 2026-07-14 to 2026-08-04 (22 days),2026-07-21,301829074.1784654836|1784654835,301829074.1784654836,1784654835,reddit,post,s105,1784654835448171,https://terminusmaximus.com/replay-library/?utm_source=reddit&utm_medium=post&utm_campaign=s105,utm_source=reddit&utm_medium=post&utm_campaign=s105,https://www.reddit.com/,www.reddit.com,,,true,false,1,1,1,false,true,false,false,false,false,false,false,false
Available export: 2026-07-14 to 2026-08-04 (22 days),2026-07-21,304627308.1780650969|1784670133,304627308.1780650969,1784670133,(direct),(none),(direct),1784670167773134,https://terminusmaximus.com/replay-library/,,https://terminusmaximus.com/guild-raid/s105/,terminusmaximus.com,/guild-raid/s105/,/replay-library/,false,true,7,5,1,false,false,true,true,false,false,false,false,false
Available export: 2026-07-14 to 2026-08-04 (22 days),2026-07-21,327416311.1784668152|1784668151,327416311.1784668152,1784668151,reddit,post,s105,1784668152218104,https://terminusmaximus.com/replay-library/?utm_source=reddit&utm_medium=post&utm_campaign=s105,utm_source=reddit&utm_medium=post&utm_campaign=s105,,,,/replay-library/,true,false,5,5,1,false,false,true,true,false,false,false,false,false
Available export: 2026-07-14 to 2026-08-04 (22 days),2026-07-21,338536915.1784646557|1784646557,338536915.1784646557,1784646557,reddit,post,s105,1784646557193416,https://terminusmaximus.com/replay-library/?utm_source=reddit&utm_medium=post&utm_campaign=s105,utm_source=reddit&utm_medium=post&utm_campaign=s105,,,,/replay-library/,true,false,2,2,1,false,false,true,true,false,false,false,false,false
Available export: 2026-07-14 to 2026-08-04 (22 days),2026-07-21,338536915.1784646557|1784667421,338536915.1784646557,1784667421,reddit,post,s105,1784667421215816,https://terminusmaximus.com/replay-library/?utm_source=reddit&utm_medium=post&utm_campaign=s105,utm_source=reddit&utm_medium=post&utm_campaign=s105,,,,,true,false,1,1,1,false,true,false,false,false,false,false,false,false
Available export: 2026-07-14 to 2026-08-04 (22 days),2026-07-21,338536915.1784646557|1784697154,338536915.1784646557,1784697154,reddit,post,s105,1784697154155331,https://terminusmaximus.com/replay-library/?utm_source=reddit&utm_medium=post&utm_campaign=s105,utm_source=reddit&utm_medium=post&utm_campaign=s105,,,,,true,false,1,1,1,false,true,false,false,false,false,false,false,false
Available export: 2026-07-14 to 2026-08-04 (22 days),2026-07-21,415648380.1783756193|1784623676,415648380.1783756193,1784623676,google,organic,(organic),1784623682201148,https://terminusmaximus.com/replay-library/,,https://terminusmaximus.com/,terminusmaximus.com,,,true,false,1,1,1,false,true,false,false,false,false,false,false,false
Available export: 2026-07-14 to 2026-08-04 (22 days),2026-07-21,437609154.1784144174|1784623323,437609154.1784144174,1784623323,reddit,post,s105,1784623332559185,https://terminusmaximus.com/replay-library/,,https://terminusmaximus.com/guild-raid/s105/?utm_source=reddit&utm_medium=post&utm_campaign=s105,terminusmaximus.com,/guild-raid/s105/,,false,true,2,1,1,false,false,true,false,false,false,false,false,false
Available export: 2026-07-14 to 2026-08-04 (22 days),2026-07-21,438630566.1784571853|1784649044,438630566.1784571853,1784649044,reddit,post,boss-meta,1784649044198764,https://terminusmaximus.com/replay-library/,,https://terminusmaximus.com/guild-raid/boss-meta//?utm_source=reddit&utm_medium=post&utm_campaign=boss-meta,terminusmaximus.com,,,true,false,1,1,1,false,true,false,false,false,false,false,false,false
Available export: 2026-07-14 to 2026-08-04 (22 days),2026-07-21,443211434.1783753937|1784627939,443211434.1783753937,1784627939,google,organic,(organic),1784627948828586,https://terminusmaximus.com/replay-library/,,https://terminusmaximus.com/guild-raid/,terminusmaximus.com,/guild-raid/,,false,true,2,1,1,false,false,true,false,false,false,false,false,false
Available export: 2026-07-14 to 2026-08-04 (22 days),2026-07-21,443211434.1783753937|1784633367,443211434.1783753937,1784633367,google,organic,(organic),1784633368204667,https://terminusmaximus.com/replay-library/,,,,,,true,false,1,1,1,false,true,false,false,false,false,false,false,false
Available export: 2026-07-14 to 2026-08-04 (22 days),2026-07-21,450478560.1780479950|1784633529,450478560.1780479950,1784633529,reddit,post,boss-meta,1784633570515231,https://terminusmaximus.com/replay-library/?utm_source=reddit&utm_medium=post&utm_campaign=s105,utm_source=reddit&utm_medium=post&utm_campaign=s105,,,/guild-raid/boss-meta/,/replay-library/,false,true,4,2,1,false,false,true,true,false,true,false,false,false
Available export: 2026-07-14 to 2026-08-04 (22 days),2026-07-21,462639400.1784622530|1784622530,462639400.1784622530,1784622530,(direct),(none),(direct),1784622530602825,https://terminusmaximus.com/replay-library/,,https://terminusmaximus.com/guild-raid/s105/?utm_source=reddit&utm_medium=post&utm_campaign=s105,terminusmaximus.com,,/guild-raid/s105/,true,false,6,4,2,true,false,true,true,false,false,false,false,false
Available export: 2026-07-14 to 2026-08-04 (22 days),2026-07-21,59682447.1783737056|1784638600,59682447.1783737056,1784638600,reddit,post,s105,1784638601079266,https://terminusmaximus.com/replay-library/?utm_source=reddit&utm_medium=post&utm_campaign=s105,utm_source=reddit&utm_medium=post&utm_campaign=s105,,,,,true,false,1,1,1,false,true,false,false,false,false,false,false,false
Available export: 2026-07-14 to 2026-08-04 (22 days),2026-07-21,711186163.1784391382|1784688849,711186163.1784391382,1784688849,(direct),(none),(direct),1784688799489906,https://terminusmaximus.com/replay-library/,,,,,/replay-library/,true,false,3,3,1,false,false,true,true,false,false,false,false,false
Available export: 2026-07-14 to 2026-08-04 (22 days),2026-07-21,931734182.1782937255|1784629376,931734182.1782937255,1784629376,google,organic,(organic),1784629385214072,https://terminusmaximus.com/replay-library/,,https://terminusmaximus.com/elite-campaigns/,terminusmaximus.com,/elite-campaigns/,/lre/lucius/,false,true,9,1,1,false,false,true,false,false,false,false,false,false
Available export: 2026-07-14 to 2026-08-04 (22 days),2026-07-22,111613413.1784280081|1784704142,111613413.1784280081,1784704142,google,organic,(organic),1784704144052106,https://terminusmaximus.com/replay-library/,,https://terminusmaximus.com/guild-raid/boss-meta/,terminusmaximus.com,,/replay-library/,true,false,4,4,1,false,false,true,true,false,false,false,false,false
Available export: 2026-07-14 to 2026-08-04 (22 days),2026-07-22,111613413.1784280081|1784789696,111613413.1784280081,1784789696,google,organic,(organic),1784789698364510,https://terminusmaximus.com/replay-library/?boss=Cawl&map=Cawl_01&tier=L4,boss=Cawl&map=Cawl_01&tier=L4,https://terminusmaximus.com/guild-raid/boss-meta/,terminusmaximus.com,,,true,false,1,1,1,false,true,false,false,false,false,false,false,false
Available export: 2026-07-14 to 2026-08-04 (22 days),2026-07-22,1120596837.1784556288|1784709883,1120596837.1784556288,1784709883,(direct),(none),(direct),1784709881870793,https://terminusmaximus.com/replay-library/,,,,,/replay-library/,true,false,5,5,1,false,false,true,true,false,false,false,false,false
Available export: 2026-07-14 to 2026-08-04 (22 days),2026-07-22,1129932636.1784184948|1784712967,1129932636.1784184948,1784712967,google,organic,(organic),1784712995083602,https://terminusmaximus.com/replay-library/,,https://terminusmaximus.com/,terminusmaximus.com,/,/replay-library/,false,true,7,4,1,false,false,true,true,false,false,false,false,false
Available export: 2026-07-14 to 2026-08-04 (22 days),2026-07-22,1143081258.1784395165|1784782463,1143081258.1784395165,1784782463,(direct),(none),(direct),1784782463773608,https://terminusmaximus.com/replay-library/,,,,,/replay-library/,true,false,7,7,1,false,false,true,true,false,false,false,false,false
Available export: 2026-07-14 to 2026-08-04 (22 days),2026-07-22,1186765260.1784277452|1784740899,1186765260.1784277452,1784740899,discord,post,boss-meta,1784740905477818,https://terminusmaximus.com/replay-library/,,https://terminusmaximus.com/guild-raid/boss-meta/?utm_source=discord&utm_medium=post&utm_campaign=boss-meta,terminusmaximus.com,/guild-raid/boss-meta/,/replay-library/,false,true,6,5,1,false,false,true,true,false,false,false,false,false
Available export: 2026-07-14 to 2026-08-04 (22 days),2026-07-22,1226819984.1784128159|1784734885,1226819984.1784128159,1784734885,(direct),(none),(direct),1784734887979783,https://terminusmaximus.com/replay-library/,,,,,/replay-library/,true,false,3,3,1,false,false,true,true,false,false,false,false,false
Available export: 2026-07-14 to 2026-08-04 (22 days),2026-07-22,1248298120.1784135033|1784729260,1248298120.1784135033,1784729260,reddit,post,s105,1784729261149398,https://terminusmaximus.com/replay-library/?utm_source=reddit&utm_medium=post&utm_campaign=s105,utm_source=reddit&utm_medium=post&utm_campaign=s105,,,,/replay-library/,true,false,2,2,1,false,false,true,true,false,false,false,false,false
Available export: 2026-07-14 to 2026-08-04 (22 days),2026-07-22,1248298120.1784135033|1784779361,1248298120.1784135033,1784779361,reddit,post,s105,1784779361510118,https://terminusmaximus.com/replay-library/?utm_source=reddit&utm_medium=post&utm_campaign=s105,utm_source=reddit&utm_medium=post&utm_campaign=s105,,,,,true,false,1,1,1,false,true,false,false,false,false,false,false,false
Available export: 2026-07-14 to 2026-08-04 (22 days),2026-07-22,1267020165.1784750380|1784750379,1267020165.1784750380,1784750379,(direct),(none),(direct),1784750379823653,https://terminusmaximus.com/replay-library/,,,,,/,true,false,3,1,1,false,false,true,false,false,false,false,false,false
Available export: 2026-07-14 to 2026-08-04 (22 days),2026-07-22,1330085543.1784224204|1784714489,1330085543.1784224204,1784714489,google,organic,(organic),1784714489367071,https://terminusmaximus.com/replay-library/,,,,,/replay-library/,true,false,4,4,1,false,false,true,true,false,false,false,false,false
Available export: 2026-07-14 to 2026-08-04 (22 days),2026-07-22,1330085543.1784224204|1784716624,1330085543.1784224204,1784716624,google,organic,(organic),1784716625198582,https://terminusmaximus.com/replay-library/?boss=Lion&team=Laviscus&tier=L5,boss=Lion&team=Laviscus&tier=L5,,,,,true,false,1,1,1,false,true,false,false,false,false,false,false,false
Available export: 2026-07-14 to 2026-08-04 (22 days),2026-07-22,1330085543.1784224204|1784743999,1330085543.1784224204,1784743999,google,organic,(organic),1784743999616237,https://terminusmaximus.com/replay-library/?boss=Lion&team=Laviscus&tier=L5,boss=Lion&team=Laviscus&tier=L5,,,,/replay-library/,true,false,3,3,1,false,false,true,true,false,false,false,false,false
Available export: 2026-07-14 to 2026-08-04 (22 days),2026-07-22,1330085543.1784224204|1784788432,1330085543.1784224204,1784788432,google,organic,(organic),1784788432789711,https://terminusmaximus.com/replay-library/?boss=Mortarion&team=Laviscus&tier=M1,boss=Mortarion&team=Laviscus&tier=M1,,,,/replay-library/,true,false,3,3,1,false,false,true,true,false,false,false,false,false
Available export: 2026-07-14 to 2026-08-04 (22 days),2026-07-22,1340153002.1783708369|1784739092,1340153002.1783708369,1784739092,(direct),(none),(direct),1784739093013625,https://terminusmaximus.com/replay-library/,,,,,/replay-library/,true,false,4,4,1,false,false,true,true,false,false,false,false,false
Available export: 2026-07-14 to 2026-08-04 (22 days),2026-07-22,1353535791.1784042323|1784782972,1353535791.1784042323,1784782972,reddit,post,s105,1784782973226507,https://terminusmaximus.com/replay-library/,,,,,/replay-library/,true,false,6,3,1,false,false,true,true,false,true,false,false,false
Available export: 2026-07-14 to 2026-08-04 (22 days),2026-07-22,1484940642.1784753088|1784753088,1484940642.1784753088,1784753088,reddit,post,s105,1784753088587753,https://terminusmaximus.com/replay-library/?utm_source=reddit&utm_medium=post&utm_campaign=s105,utm_source=reddit&utm_medium=post&utm_campaign=s105,https://www.reddit.com/,www.reddit.com,,/replay-library/,true,false,5,4,2,true,false,true,true,false,false,false,false,false
Available export: 2026-07-14 to 2026-08-04 (22 days),2026-07-22,1504857943.1784205943|1784719339,1504857943.1784205943,1784719339,(direct),(none),(direct),1784719339814269,https://terminusmaximus.com/replay-library/,,,,,/replay-library/,true,false,4,4,1,false,false,true,true,false,false,false,false,false
Available export: 2026-07-14 to 2026-08-04 (22 days),2026-07-22,1504857943.1784205943|1784725043,1504857943.1784205943,1784725043,(direct),(none),(direct),1784725043621811,https://terminusmaximus.com/replay-library/,,,,,/replay-library/,true,false,6,6,1,false,false,true,true,false,false,false,false,false
Available export: 2026-07-14 to 2026-08-04 (22 days),2026-07-22,1633099459.1784757374|1784757374,1633099459.1784757374,1784757374,(direct),(none),(direct),1784757392522825,https://terminusmaximus.com/replay-library/,,https://terminusmaximus.com/,terminusmaximus.com,/,/replay-library/,false,true,7,4,1,false,false,true,true,false,false,false,false,false
Available export: 2026-07-14 to 2026-08-04 (22 days),2026-07-22,1633488629.1780456807|1784762160,1633488629.1780456807,1784762160,(direct),(none),(direct),1784762179959749,https://terminusmaximus.com/replay-library/,,https://terminusmaximus.com/,terminusmaximus.com,/,/replay-library/,false,true,4,2,1,false,false,true,true,false,false,false,false,false
Available export: 2026-07-14 to 2026-08-04 (22 days),2026-07-22,1633488629.1780456807|1784775466,1633488629.1780456807,1784775466,(direct),(none),(direct),1784775475764593,https://terminusmaximus.com/replay-library/,,https://terminusmaximus.com/,terminusmaximus.com,/,/replay-library/,false,true,4,3,1,false,false,true,true,false,false,false,false,false
Available export: 2026-07-14 to 2026-08-04 (22 days),2026-07-22,1633488629.1780456807|1784778215,1633488629.1780456807,1784778215,(direct),(none),(direct),1784778215712474,https://terminusmaximus.com/replay-library/?team=AdMech&hero=Ammuk,team=AdMech&hero=Ammuk,https://terminusmaximus.com/,terminusmaximus.com,,,true,false,1,1,1,false,true,false,false,false,false,false,false,false
Available export: 2026-07-14 to 2026-08-04 (22 days),2026-07-22,1633488629.1780456807|1784783302,1633488629.1780456807,1784783302,(direct),(none),(direct),1784783302683343,https://terminusmaximus.com/replay-library/?team=AdMech&hero=Ammuk,team=AdMech&hero=Ammuk,https://terminusmaximus.com/,terminusmaximus.com,,,true,false,1,1,1,false,true,false,false,false,false,false,false,false
Available export: 2026-07-14 to 2026-08-04 (22 days),2026-07-22,1691462666.1784115627|1784719810,1691462666.1784115627,1784719810,(direct),(none),(direct),1784719810818849,https://terminusmaximus.com/replay-library/,,,,,/replay-library/,true,false,5,5,1,false,false,true,true,false,false,false,false,false
Available export: 2026-07-14 to 2026-08-04 (22 days),2026-07-22,1691462666.1784115627|1784725345,1691462666.1784115627,1784725345,(direct),(none),(direct),1784725345358529,https://terminusmaximus.com/replay-library/,,,,,/replay-library/,true,false,5,5,1,false,false,true,true,false,false,false,false,false
Available export: 2026-07-14 to 2026-08-04 (22 days),2026-07-22,1750145351.1780773652|1784746572,1750145351.1780773652,1784746572,duckduckgo,organic,(organic),1784746580094799,https://terminusmaximus.com/replay-library/,,https://terminusmaximus.com/,terminusmaximus.com,/,/replay-library/,false,true,6,5,1,false,false,true,true,false,false,false,false,false
Available export: 2026-07-14 to 2026-08-04 (22 days),2026-07-22,1784678737.1784129889|1784721965,1784678737.1784129889,1784721965,reddit,post,s105,1784721965656294,https://terminusmaximus.com/replay-library/?boss=Avatar&team=AdMech,boss=Avatar&team=AdMech,,,,/replay-library/,true,false,4,4,1,false,false,true,true,false,false,false,false,false
Available export: 2026-07-14 to 2026-08-04 (22 days),2026-07-22,1784678737.1784129889|1784749443,1784678737.1784129889,1784749443,reddit,post,s105,1784749443400451,https://terminusmaximus.com/replay-library/?boss=Avatar&team=Neuro&map=Avatar_02,boss=Avatar&team=Neuro&map=Avatar_02,,,,/replay-library/,true,false,3,3,1,false,false,true,true,false,false,false,false,false
Available export: 2026-07-14 to 2026-08-04 (22 days),2026-07-22,1789962346.1784215190|1784773449,1789962346.1784215190,1784773449,reddit,post,mow2026,1784773449066159,https://terminusmaximus.com/replay-library/,,,,,/replay-library/,true,false,4,4,1,false,false,true,true,false,false,false,false,false
Available export: 2026-07-14 to 2026-08-04 (22 days),2026-07-22,1800620362.1784745256|1784745256,1800620362.1784745256,1784745256,(direct),(none),(direct),1784745289325790,https://terminusmaximus.com/replay-library/,,https://terminusmaximus.com/,terminusmaximus.com,/,/replay-library/,false,true,5,4,1,false,false,true,true,false,false,false,false,false
Available export: 2026-07-14 to 2026-08-04 (22 days),2026-07-22,182464934.1784749703|1784749702,182464934.1784749703,1784749702,(direct),(none),(direct),1784749702905422,https://terminusmaximus.com/replay-library/,,,,,/replay-library/,true,false,3,3,1,false,false,true,true,false,false,false,false,false
Available export: 2026-07-14 to 2026-08-04 (22 days),2026-07-22,1856367233.1784752244|1784752244,1856367233.1784752244,1784752244,reddit,post,s105,1784752246048751,https://terminusmaximus.com/replay-library/?utm_source=reddit&utm_medium=post&utm_campaign=s105,utm_source=reddit&utm_medium=post&utm_campaign=s105,https://www.reddit.com/,www.reddit.com,,/replay-library/,true,false,5,5,1,false,false,true,true,false,false,false,false,false
Available export: 2026-07-14 to 2026-08-04 (22 days),2026-07-22,1858047959.1784030123|1784724671,1858047959.1784030123,1784724671,reddit,post,s105,1784724673441736,https://terminusmaximus.com/replay-library/?utm_source=reddit&utm_medium=post&utm_campaign=s105,utm_source=reddit&utm_medium=post&utm_campaign=s105,,,,,true,false,1,1,1,false,true,false,false,false,false,false,false,false
Available export: 2026-07-14 to 2026-08-04 (22 days),2026-07-22,1896606204.1784471675|1784742345,1896606204.1784471675,1784742345,google,organic,(organic),1784742346322780,https://terminusmaximus.com/replay-library/,,,,,/replay-library/,true,false,4,4,1,false,false,true,true,false,false,false,false,false
Available export: 2026-07-14 to 2026-08-04 (22 days),2026-07-22,1958882379.1780701271|1784723807,1958882379.1780701271,1784723807,reddit,post,s105,1784723806309121,https://terminusmaximus.com/replay-library/,,,,,/replay-library/,true,false,4,4,1,false,false,true,true,false,false,false,false,false
Available export: 2026-07-14 to 2026-08-04 (22 days),2026-07-22,1978556558.1784646467|1784729787,1978556558.1784646467,1784729787,(direct),(none),(direct),1784729787151212,https://terminusmaximus.com/replay-library/,,,,,/replay-library/,true,false,4,4,1,false,false,true,true,false,false,false,false,false
Available export: 2026-07-14 to 2026-08-04 (22 days),2026-07-22,1991012249.1783749788|1784748903,1991012249.1783749788,1784748903,reddit,post,s105,1784748903820024,https://terminusmaximus.com/replay-library/?utm_source=reddit&utm_medium=post&utm_campaign=s105,utm_source=reddit&utm_medium=post&utm_campaign=s105,,,,/replay-library/,true,false,5,5,1,false,false,true,true,false,false,false,false,false
Available export: 2026-07-14 to 2026-08-04 (22 days),2026-07-22,2000191208.1784273230|1784783327,2000191208.1784273230,1784783327,google,organic,(organic),1784783331290844,https://terminusmaximus.com/replay-library/,,https://www.google.com/,www.google.com,,,true,false,1,1,1,false,true,false,false,false,false,false,false,false
Available export: 2026-07-14 to 2026-08-04 (22 days),2026-07-22,2111859797.1784029962|1784771325,2111859797.1784029962,1784771325,reddit,post,s105,1784771355497571,https://terminusmaximus.com/replay-library/?utm_source=reddit&utm_medium=post&utm_campaign=s105,utm_source=reddit&utm_medium=post&utm_campaign=s105,,,,,true,false,1,1,1,false,true,false,false,false,false,false,false,false
Available export: 2026-07-14 to 2026-08-04 (22 days),2026-07-22,289636546.1784216912|1784723760,289636546.1784216912,1784723760,(direct),(none),(direct),1784723760927696,https://terminusmaximus.com/replay-library/,,,,,,true,false,1,1,1,false,true,false,false,false,false,false,false,false
Available export: 2026-07-14 to 2026-08-04 (22 days),2026-07-22,289636546.1784216912|1784726683,289636546.1784216912,1784726683,(direct),(none),(direct),1784726684107581,https://terminusmaximus.com/replay-library/,,,,,/replay-library/,true,false,2,2,1,false,false,true,true,false,false,false,false,false
Available export: 2026-07-14 to 2026-08-04 (22 days),2026-07-22,289636546.1784216912|1784747754,289636546.1784216912,1784747754,(direct),(none),(direct),1784747755818930,https://terminusmaximus.com/replay-library/,,,,,,true,false,1,1,1,false,true,false,false,false,false,false,false,false
Available export: 2026-07-14 to 2026-08-04 (22 days),2026-07-22,289636546.1784216912|1784772194,289636546.1784216912,1784772194,(direct),(none),(direct),1784772194333874,https://terminusmaximus.com/replay-library/,,,,,,true,false,1,1,1,false,true,false,false,false,false,false,false,false
Available export: 2026-07-14 to 2026-08-04 (22 days),2026-07-22,296791840.1782623815|1784731742,296791840.1782623815,1784731742,chatgpt.com,ai-assistant,(ai-assistant),1784731753151459,https://terminusmaximus.com/replay-library/,,https://terminusmaximus.com/guild-raid/?utm_source=chatgpt.com,terminusmaximus.com,/guild-raid/,/replay-library/,false,true,4,3,1,false,false,true,true,false,false,false,false,false
Available export: 2026-07-14 to 2026-08-04 (22 days),2026-07-22,301255255.1783700732|1784753805,301255255.1783700732,1784753805,(direct),(none),(direct),1784753817313665,https://terminusmaximus.com/replay-library/,,https://terminusmaximus.com/,terminusmaximus.com,/,/replay-library/,false,true,10,7,1,false,false,true,true,false,false,false,false,false
Available export: 2026-07-14 to 2026-08-04 (22 days),2026-07-22,338536915.1784646557|1784725100,338536915.1784646557,1784725100,reddit,post,s105,1784725100494467,https://terminusmaximus.com/replay-library/?utm_source=reddit&utm_medium=post&utm_campaign=s105,utm_source=reddit&utm_medium=post&utm_campaign=s105,,,,,true,false,1,1,1,false,true,false,false,false,false,false,false,false
Available export: 2026-07-14 to 2026-08-04 (22 days),2026-07-22,338536915.1784646557|1784742521,338536915.1784646557,1784742521,reddit,post,s105,1784742521195097,https://terminusmaximus.com/replay-library/?utm_source=reddit&utm_medium=post&utm_campaign=s105,utm_source=reddit&utm_medium=post&utm_campaign=s105,,,,,true,false,1,1,1,false,true,false,false,false,false,false,false,false
Available export: 2026-07-14 to 2026-08-04 (22 days),2026-07-22,338536915.1784646557|1784783949,338536915.1784646557,1784783949,reddit,post,s105,1784783949835619,https://terminusmaximus.com/replay-library/?utm_source=reddit&utm_medium=post&utm_campaign=s105,utm_source=reddit&utm_medium=post&utm_campaign=s105,,,,,true,false,1,1,1,false,true,false,false,false,false,false,false,false
Available export: 2026-07-14 to 2026-08-04 (22 days),2026-07-22,388840894.1784353260|1784714574,388840894.1784353260,1784714574,(direct),(none),(direct),1784714575335528,https://terminusmaximus.com/replay-library/,,,,,,true,false,1,1,1,false,true,false,false,false,false,false,false,false
Available export: 2026-07-14 to 2026-08-04 (22 days),2026-07-22,443211434.1783753937|1784709397,443211434.1783753937,1784709397,google,organic,(organic),1784709398154815,https://terminusmaximus.com/replay-library/,,,,,/replay-library/,true,false,2,2,1,false,false,true,true,false,false,false,false,false
Available export: 2026-07-14 to 2026-08-04 (22 days),2026-07-22,443211434.1783753937|1784788108,443211434.1783753937,1784788108,google,organic,(organic),1784788109176955,https://terminusmaximus.com/replay-library/,,,,,/replay-library/,true,false,3,3,1,false,false,true,true,false,false,false,false,false
Available export: 2026-07-14 to 2026-08-04 (22 days),2026-07-22,450478560.1780479950|1784705430,450478560.1780479950,1784705430,reddit,post,s105,1784705431742041,https://terminusmaximus.com/replay-library/?utm_source=reddit&utm_medium=post&utm_campaign=s105,utm_source=reddit&utm_medium=post&utm_campaign=s105,,,,/replay-library/,true,false,7,6,2,true,false,true,true,false,false,false,false,false
Available export: 2026-07-14 to 2026-08-04 (22 days),2026-07-22,450478560.1780479950|1784786719,450478560.1780479950,1784786719,reddit,post,s105,1784786719107846,https://terminusmaximus.com/replay-library/?utm_source=reddit&utm_medium=post&utm_campaign=s105,utm_source=reddit&utm_medium=post&utm_campaign=s105,,,,/replay-library/,true,false,8,8,1,false,false,true,true,false,false,false,false,false
Available export: 2026-07-14 to 2026-08-04 (22 days),2026-07-22,574405935.1784031410|1784746572,574405935.1784031410,1784746572,reddit,post,s105,1784746572259550,https://terminusmaximus.com/replay-library/?utm_source=reddit&utm_medium=post&utm_campaign=s105,utm_source=reddit&utm_medium=post&utm_campaign=s105,,,,,true,false,1,1,1,false,true,false,false,false,false,false,false,false
Available export: 2026-07-14 to 2026-08-04 (22 days),2026-07-22,585271425.1784037398|1784749573,585271425.1784037398,1784749573,reddit,post,s105,1784749573599390,https://terminusmaximus.com/replay-library/,,https://terminusmaximus.com/replay-library/?utm_source=reddit&utm_medium=post&utm_campaign=s105,terminusmaximus.com,,,true,false,1,1,1,false,true,false,false,false,false,false,false,false
Available export: 2026-07-14 to 2026-08-04 (22 days),2026-07-22,745827446.1784157382|1784784120,745827446.1784157382,1784784120,(direct),(none),(direct),1784784120104739,https://terminusmaximus.com/replay-library/,,,,,/replay-library/,true,false,2,2,1,false,false,true,true,false,false,false,false,false
Available export: 2026-07-14 to 2026-08-04 (22 days),2026-07-22,754698492.1783205204|1784721086,754698492.1783205204,1784721086,(direct),(none),(direct),1784721087392625,https://terminusmaximus.com/replay-library/,,https://terminusmaximus.com/guild-raid/,terminusmaximus.com,,,true,false,1,1,1,false,true,false,false,false,false,false,false,false
Available export: 2026-07-14 to 2026-08-04 (22 days),2026-07-22,774567609.1784778259|1784778259,774567609.1784778259,1784778259,(direct),(none),(direct),1784778270333019,https://terminusmaximus.com/replay-library/,,https://terminusmaximus.com/,terminusmaximus.com,/,/replay-library/,false,true,4,3,1,false,false,true,true,false,false,false,false,false
Available export: 2026-07-14 to 2026-08-04 (22 days),2026-07-22,776182018.1784139373|1784741399,776182018.1784139373,1784741399,(direct),(none),(direct),1784741399173612,https://terminusmaximus.com/replay-library/,,,,,,true,false,1,1,1,false,true,false,false,false,false,false,false,false
Available export: 2026-07-14 to 2026-08-04 (22 days),2026-07-22,919512747.1784112052|1784705239,919512747.1784112052,1784705239,reddit,post,boss-meta,1784705398168651,https://terminusmaximus.com/replay-library/,,https://terminusmaximus.com/guild-raid/boss-meta/?utm_source=reddit&utm_medium=post&utm_campaign=boss-meta,terminusmaximus.com,/guild-raid/boss-meta/,/replay-library/,false,true,14,13,1,false,false,true,true,false,false,false,false,false
Available export: 2026-07-14 to 2026-08-04 (22 days),2026-07-22,919512747.1784112052|1784787704,919512747.1784112052,1784787704,reddit,post,boss-meta,1784787704898843,https://terminusmaximus.com/replay-library/?boss=Mortarion&team=Custodes,boss=Mortarion&team=Custodes,https://terminusmaximus.com/guild-raid/boss-meta/?utm_source=reddit&utm_medium=post&utm_campaign=boss-meta,terminusmaximus.com,,,true,false,1,1,1,false,true,false,false,false,false,false,false,false
Available export: 2026-07-14 to 2026-08-04 (22 days),2026-07-22,940403840.1784713030|1784713030,940403840.1784713030,1784713030,(direct),(none),(direct),1784713030389878,https://terminusmaximus.com/replay-library/,,,,,/replay-library/,true,false,3,3,1,false,false,true,true,false,false,false,false,false
Available export: 2026-07-14 to 2026-08-04 (22 days),2026-07-22,992945849.1784783303|1784783303,992945849.1784783303,1784783303,(direct),(none),(direct),1784783303293852,https://terminusmaximus.com/replay-library/?boss=Avatar&team=AdMech,boss=Avatar&team=AdMech,https://terminusmaximus.com/,terminusmaximus.com,,,true,false,1,1,1,false,true,false,false,false,false,false,false,false
Available export: 2026-07-14 to 2026-08-04 (22 days),2026-07-23,1072113099.1780609127|1784868754,1072113099.1780609127,1784868754,reddit,post,s105,1784868754289686,https://terminusmaximus.com/replay-library/,,,,,,true,false,1,1,1,false,true,false,false,false,false,false,false,false
Available export: 2026-07-14 to 2026-08-04 (22 days),2026-07-23,1140016461.1783806179|1784845680,1140016461.1783806179,1784845680,(direct),(none),(direct),1784845681945132,https://terminusmaximus.com/replay-library/?boss=Lion,boss=Lion,,,,,true,false,1,1,1,false,true,false,false,false,false,false,false,false
Available export: 2026-07-14 to 2026-08-04 (22 days),2026-07-23,1140016461.1783806179|1784869947,1140016461.1783806179,1784869947,(direct),(none),(direct),1784869948336559,https://terminusmaximus.com/replay-library/?boss=Lion,boss=Lion,,,,/replay-library/,true,false,4,4,1,false,false,true,true,false,false,false,false,false
Available export: 2026-07-14 to 2026-08-04 (22 days),2026-07-23,1140518834.1780544577|1784849798,1140518834.1780544577,1784849798,(direct),(none),(direct),1784849810031182,https://terminusmaximus.com/replay-library/,,https://terminusmaximus.com/guild-raid/,terminusmaximus.com,/guild-raid/,/replay-library/,false,true,17,13,2,true,false,true,true,false,false,false,false,false
Available export: 2026-07-14 to 2026-08-04 (22 days),2026-07-23,1143081258.1784395165|1784810323,1143081258.1784395165,1784810323,(direct),(none),(direct),1784810323847551,https://terminusmaximus.com/replay-library/?boss=Cawl&map=Cawl_01,boss=Cawl&map=Cawl_01,,,,,true,false,1,1,1,false,true,false,false,false,false,false,false,false
Available export: 2026-07-14 to 2026-08-04 (22 days),2026-07-23,1182746816.1784121078|1784866244,1182746816.1784121078,1784866244,reddit,post,s105,1784866244383755,https://terminusmaximus.com/replay-library/?utm_source=reddit&utm_medium=post&utm_campaign=s105,utm_source=reddit&utm_medium=post&utm_campaign=s105,,,,,true,false,1,1,1,false,true,false,false,false,false,false,false,false
Available export: 2026-07-14 to 2026-08-04 (22 days),2026-07-23,1248298120.1784135033|1784812874,1248298120.1784135033,1784812874,reddit,post,s105,1784812874631047,https://terminusmaximus.com/replay-library/?utm_source=reddit&utm_medium=post&utm_campaign=s105,utm_source=reddit&utm_medium=post&utm_campaign=s105,,,,,true,false,1,1,1,false,true,false,false,false,false,false,false,false
Available export: 2026-07-14 to 2026-08-04 (22 days),2026-07-23,1248298120.1784135033|1784819672,1248298120.1784135033,1784819672,reddit,post,s105,1784819673251033,https://terminusmaximus.com/replay-library/?utm_source=reddit&utm_medium=post&utm_campaign=s105,utm_source=reddit&utm_medium=post&utm_campaign=s105,,,,,true,false,1,1,1,false,true,false,false,false,false,false,false,false
Available export: 2026-07-14 to 2026-08-04 (22 days),2026-07-23,1275188175.1781809042|1784808460,1275188175.1781809042,1784808460,google,organic,(organic),1784810060657987,https://terminusmaximus.com/replay-library/,,https://terminusmaximus.com/,terminusmaximus.com,/,/replay-library/,false,true,7,5,1,false,false,true,true,false,false,false,false,false
Available export: 2026-07-14 to 2026-08-04 (22 days),2026-07-23,1291021164.1784803216|1784803215,1291021164.1784803216,1784803215,(direct),(none),(direct),1784803203789791,https://terminusmaximus.com/replay-library/,,,,,/,true,false,3,1,1,false,false,true,false,false,true,false,false,false
Available export: 2026-07-14 to 2026-08-04 (22 days),2026-07-23,1330085543.1784224204|1784806650,1330085543.1784224204,1784806650,google,organic,(organic),1784806650887764,https://terminusmaximus.com/replay-library/?boss=Lion&team=Laviscus&tier=L5,boss=Lion&team=Laviscus&tier=L5,,,,,true,false,1,1,1,false,true,false,false,false,false,false,false,false
Available export: 2026-07-14 to 2026-08-04 (22 days),2026-07-23,1330085543.1784224204|1784828860,1330085543.1784224204,1784828860,google,organic,(organic),1784828860709578,https://terminusmaximus.com/replay-library/?boss=Lion&team=Laviscus&tier=L5,boss=Lion&team=Laviscus&tier=L5,,,,,true,false,1,1,1,false,true,false,false,false,false,false,false,false
Available export: 2026-07-14 to 2026-08-04 (22 days),2026-07-23,1353535791.1784042323|1784870541,1353535791.1784042323,1784870541,reddit,post,s105,1784870541214698,https://terminusmaximus.com/replay-library/,,,,,/,true,false,3,1,1,false,false,true,false,false,true,false,false,false
Available export: 2026-07-14 to 2026-08-04 (22 days),2026-07-23,1368962431.1784844254|1784844253,1368962431.1784844254,1784844253,google,organic,(organic),1784844286873788,https://terminusmaximus.com/replay-library/,,https://terminusmaximus.com/,terminusmaximus.com,/,/replay-library/,false,true,12,9,1,false,false,true,true,false,false,false,false,false
Available export: 2026-07-14 to 2026-08-04 (22 days),2026-07-23,1403655276.1784829988|1784829987,1403655276.1784829988,1784829987,(direct),(none),(direct),1784829988469884,https://terminusmaximus.com/replay-library/?boss=Lion,boss=Lion,,,,,true,false,1,1,1,false,true,false,false,false,false,false,false,false
Available export: 2026-07-14 to 2026-08-04 (22 days),2026-07-23,1499009630.1784199937|1784804813,1499009630.1784199937,1784804813,google,organic,(organic),1784804832354804,https://terminusmaximus.com/replay-library/,,https://terminusmaximus.com/,terminusmaximus.com,/,/replay-library/,false,true,3,2,1,false,false,true,true,false,false,false,false,false
Available export: 2026-07-14 to 2026-08-04 (22 days),2026-07-23,1504857943.1784205943|1784805142,1504857943.1784205943,1784805142,(direct),(none),(direct),1784805143170514,https://terminusmaximus.com/replay-library/,,,,,/replay-library/,true,false,3,3,1,false,false,true,true,false,false,false,false,false
Available export: 2026-07-14 to 2026-08-04 (22 days),2026-07-23,1520165871.1784095012|1784815855,1520165871.1784095012,1784815855,reddit,post,s105,1784815855993222,https://terminusmaximus.com/replay-library/?utm_source=reddit&utm_medium=post&utm_campaign=s105,utm_source=reddit&utm_medium=post&utm_campaign=s105,,,,/replay-library/,true,false,6,6,1,false,false,true,true,false,false,false,false,false
Available export: 2026-07-14 to 2026-08-04 (22 days),2026-07-23,1520165871.1784095012|1784848114,1520165871.1784095012,1784848114,reddit,post,s105,1784848114477377,https://terminusmaximus.com/replay-library/?utm_source=reddit&utm_medium=post&utm_campaign=s105&boss=Cawl&team=Laviscus&map=Cawl_01&tier=L4,utm_source=reddit&utm_medium=post&utm_campaign=s105&boss=Cawl&team=Laviscus&map=Cawl_01&tier=L4,,,,,true,false,1,1,1,false,true,false,false,false,false,false,false,false
Available export: 2026-07-14 to 2026-08-04 (22 days),2026-07-23,1581338436.1782944860|1784851621,1581338436.1782944860,1784851621,(direct),(none),(direct),1784851644414788,https://terminusmaximus.com/replay-library/,,https://terminusmaximus.com/,terminusmaximus.com,/,/guild-raid/s105/,false,true,6,2,2,true,false,true,true,false,false,false,false,false
Available export: 2026-07-14 to 2026-08-04 (22 days),2026-07-23,1588417922.1784829813|1784829812,1588417922.1784829813,1784829812,(direct),(none),(direct),1784829813557012,https://terminusmaximus.com/replay-library/?boss=Lion,boss=Lion,,,,/replay-library/,true,false,11,5,1,false,false,true,true,false,false,false,false,false
Available export: 2026-07-14 to 2026-08-04 (22 days),2026-07-23,1634802281.1784812370|1784812370,1634802281.1784812370,1784812370,(direct),(none),(direct),1784812370023507,https://terminusmaximus.com/replay-library/,,,,,/replay-library/,true,false,10,10,1,false,false,true,true,false,false,false,false,false
Available export: 2026-07-14 to 2026-08-04 (22 days),2026-07-23,1720654335.1784705500|1784806921,1720654335.1784705500,1784806921,google,organic,(organic),1784807024609568,https://terminusmaximus.com/replay-library/,,https://terminusmaximus.com/guild-raid/s105/,terminusmaximus.com,/guild-raid/s105/,/replay-library/,false,true,9,5,1,false,false,true,true,false,false,false,false,false
Available export: 2026-07-14 to 2026-08-04 (22 days),2026-07-23,1767664512.1784079686|1784817680,1767664512.1784079686,1784817680,(direct),(none),(direct),1784817680849989,https://terminusmaximus.com/replay-library/,,,,,,true,false,1,1,1,false,true,false,false,false,false,false,false,false
Available export: 2026-07-14 to 2026-08-04 (22 days),2026-07-23,1896606204.1784471675|1784815866,1896606204.1784471675,1784815866,google,organic,(organic),1784815866293966,https://terminusmaximus.com/replay-library/?boss=Magnus&team=AdMech&map=Magnus_03,boss=Magnus&team=AdMech&map=Magnus_03,,,,,true,false,1,1,1,false,true,false,false,false,false,false,false,false
Available export: 2026-07-14 to 2026-08-04 (22 days),2026-07-23,191308945.1784853569|1784853568,191308945.1784853569,1784853568,(direct),(none),(direct),1784853568904937,https://terminusmaximus.com/replay-library/?boss=Cawl,boss=Cawl,,,,,true,false,1,1,1,false,true,false,false,false,false,false,false,false
Available export: 2026-07-14 to 2026-08-04 (22 days),2026-07-23,1923212886.1784556250|1784799960,1923212886.1784556250,1784799960,reddit,post,s105,1784799960950759,https://terminusmaximus.com/replay-library/?utm_source=reddit&utm_medium=post&utm_campaign=s105,utm_source=reddit&utm_medium=post&utm_campaign=s105,,,,/replay-library/,true,false,4,4,1,false,false,true,true,false,false,false,false,false
Available export: 2026-07-14 to 2026-08-04 (22 days),2026-07-23,1935015198.1784831042|1784831041,1935015198.1784831042,1784831041,(direct),(none),(direct),1784831045426776,https://terminusmaximus.com/replay-library/?boss=Lion,boss=Lion,,,,,true,false,1,1,1,false,true,false,false,false,false,false,false,false
Available export: 2026-07-14 to 2026-08-04 (22 days),2026-07-23,1970882055.1784254461|1784869381,1970882055.1784254461,1784869381,google,organic,(organic),1784869388218255,https://terminusmaximus.com/replay-library/,,https://terminusmaximus.com/,terminusmaximus.com,/,/replay-library/,false,true,4,3,1,false,false,true,true,false,false,false,false,false
Available export: 2026-07-14 to 2026-08-04 (22 days),2026-07-23,1970882055.1784254461|1784871503,1970882055.1784254461,1784871503,google,organic,(organic),1784871503399827,https://terminusmaximus.com/replay-library/?boss=Avatar&team=Neuro,boss=Avatar&team=Neuro,https://terminusmaximus.com/,terminusmaximus.com,,/replay-library/,true,false,6,6,1,false,false,true,true,false,false,false,false,false
Available export: 2026-07-14 to 2026-08-04 (22 days),2026-07-23,1979529654.1784416653|1784810385,1979529654.1784416653,1784810385,(direct),(none),(direct),1784810385471664,https://terminusmaximus.com/replay-library/,,https://terminusmaximus.com/guild-raid/boss-meta/,terminusmaximus.com,,/replay-library/,true,false,3,3,1,false,false,true,true,false,false,false,false,false
Available export: 2026-07-14 to 2026-08-04 (22 days),2026-07-23,1979529654.1784416653|1784870220,1979529654.1784416653,1784870220,(direct),(none),(direct),1784870220958859,https://terminusmaximus.com/replay-library/?boss=Cawl&tier=L4,boss=Cawl&tier=L4,https://terminusmaximus.com/guild-raid/boss-meta/,terminusmaximus.com,,,true,false,1,1,1,false,true,false,false,false,false,false,false,false
Available export: 2026-07-14 to 2026-08-04 (22 days),2026-07-23,1979529654.1784416653|1784876165,1979529654.1784416653,1784876165,(direct),(none),(direct),1784876165238149,https://terminusmaximus.com/replay-library/?boss=Cawl&tier=L4,boss=Cawl&tier=L4,https://terminusmaximus.com/guild-raid/boss-meta/,terminusmaximus.com,,,true,false,1,1,1,false,true,false,false,false,false,false,false,false
Available export: 2026-07-14 to 2026-08-04 (22 days),2026-07-23,2000191208.1784273230|1784790256,2000191208.1784273230,1784790256,google,organic,(organic),1784790260694177,https://terminusmaximus.com/replay-library/,,https://www.google.com/,www.google.com,,,true,false,1,1,1,false,true,false,false,false,false,false,false,false
Available export: 2026-07-14 to 2026-08-04 (22 days),2026-07-23,2062275914.1784841426|1784841426,2062275914.1784841426,1784841426,reddit,post,lucius-lre,1784842919895469,https://terminusmaximus.com/replay-library/,,https://terminusmaximus.com/?utm_source=reddit&utm_medium=post&utm_campaign=lucius-lre,terminusmaximus.com,/,/beginner-guide/,false,true,8,1,1,false,false,true,false,false,false,false,false,false
Available export: 2026-07-14 to 2026-08-04 (22 days),2026-07-23,2100717848.1783783341|1784839844,2100717848.1783783341,1784839844,(direct),(none),(direct),1784839844440047,https://terminusmaximus.com/replay-library/,,,,,/replay-library/,true,false,5,5,1,false,false,true,true,false,false,false,false,false
Available export: 2026-07-14 to 2026-08-04 (22 days),2026-07-23,2111859797.1784029962|1784813380,2111859797.1784029962,1784813380,reddit,post,s105,1784813381031487,https://terminusmaximus.com/replay-library/?utm_source=reddit&utm_medium=post&utm_campaign=s105&boss=Magnus,utm_source=reddit&utm_medium=post&utm_campaign=s105&boss=Magnus,https://terminusmaximus.com/replay-library/?utm_source=reddit&utm_medium=post&utm_campaign=s105,terminusmaximus.com,,/replay-library/,true,false,3,3,1,false,false,true,true,false,false,false,false,false
Available export: 2026-07-14 to 2026-08-04 (22 days),2026-07-23,289636546.1784216912|1784802935,289636546.1784216912,1784802935,(direct),(none),(direct),1784802936013153,https://terminusmaximus.com/replay-library/,,,,,,true,false,1,1,1,false,true,false,false,false,false,false,false,false
Available export: 2026-07-14 to 2026-08-04 (22 days),2026-07-23,289636546.1784216912|1784811029,289636546.1784216912,1784811029,(direct),(none),(direct),1784811031677091,https://terminusmaximus.com/replay-library/,,,,,/replay-library/,true,false,2,2,1,false,false,true,true,false,false,false,false,false
Available export: 2026-07-14 to 2026-08-04 (22 days),2026-07-23,338536915.1784646557|1784827684,338536915.1784646557,1784827684,reddit,post,s105,1784827684387822,https://terminusmaximus.com/replay-library/?utm_source=reddit&utm_medium=post&utm_campaign=s105,utm_source=reddit&utm_medium=post&utm_campaign=s105,,,,/replay-library/,true,false,4,4,1,false,false,true,true,false,false,false,false,false
Available export: 2026-07-14 to 2026-08-04 (22 days),2026-07-23,338536915.1784646557|1784843322,338536915.1784646557,1784843322,reddit,post,s105,1784843322317398,https://terminusmaximus.com/replay-library/?utm_source=reddit&utm_medium=post&utm_campaign=s105&boss=Dorn&team=Laviscus&map=Dorn_04,utm_source=reddit&utm_medium=post&utm_campaign=s105&boss=Dorn&team=Laviscus&map=Dorn_04,,,,,true,false,1,1,1,false,true,false,false,false,false,false,false,false
Available export: 2026-07-14 to 2026-08-04 (22 days),2026-07-23,338536915.1784646557|1784870403,338536915.1784646557,1784870403,reddit,post,s105,1784870403318193,https://terminusmaximus.com/replay-library/?utm_source=reddit&utm_medium=post&utm_campaign=s105&boss=Dorn&team=Laviscus&map=Dorn_04,utm_source=reddit&utm_medium=post&utm_campaign=s105&boss=Dorn&team=Laviscus&map=Dorn_04,,,,,true,false,1,1,1,false,true,false,false,false,false,false,false,false
Available export: 2026-07-14 to 2026-08-04 (22 days),2026-07-23,415648380.1783756193|1784816659,415648380.1783756193,1784816659,google,organic,(organic),1784816664270615,https://terminusmaximus.com/replay-library/,,https://terminusmaximus.com/,terminusmaximus.com,,/replay-library/,true,false,5,5,1,false,false,true,true,false,false,false,false,false
Available export: 2026-07-14 to 2026-08-04 (22 days),2026-07-23,459408828.1782025286|1784831871,459408828.1782025286,1784831871,reddit,post,boss-meta,1784831872163775,https://terminusmaximus.com/replay-library/,,,,,/lre/,true,false,3,1,1,false,false,true,false,false,false,false,false,false
Available export: 2026-07-14 to 2026-08-04 (22 days),2026-07-23,469413778.1784152558|1784847796,469413778.1784152558,1784847796,google,organic,(organic),1784847807625265,https://terminusmaximus.com/replay-library/,,https://terminusmaximus.com/,terminusmaximus.com,/,/replay-library/,false,true,8,6,1,false,false,true,true,false,false,false,false,false
Available export: 2026-07-14 to 2026-08-04 (22 days),2026-07-23,499367552.1782706438|1784850817,499367552.1782706438,1784850817,(direct),(none),(direct),1784850846666409,https://terminusmaximus.com/replay-library/,,https://terminusmaximus.com/guild-raid/s105/,terminusmaximus.com,/guild-raid/s105/,/replay-library/,false,true,8,5,1,false,false,true,true,false,false,false,false,false
Available export: 2026-07-14 to 2026-08-04 (22 days),2026-07-23,52487282.1784794426|1784794425,52487282.1784794426,1784794425,reddit,post,s105,1784794426311315,https://terminusmaximus.com/replay-library/?utm_source=reddit&utm_medium=post&utm_campaign=s105,utm_source=reddit&utm_medium=post&utm_campaign=s105,,,,/replay-library/,true,false,3,3,1,false,false,true,true,false,false,false,false,false
Available export: 2026-07-14 to 2026-08-04 (22 days),2026-07-23,530596093.1780608947|1784838583,530596093.1780608947,1784838583,google,organic,(organic),1784838638272943,https://terminusmaximus.com/replay-library/,,https://terminusmaximus.com/guild-raid/,terminusmaximus.com,/guild-raid/,/replay-library/,false,true,8,4,1,false,false,true,true,false,false,false,false,false
Available export: 2026-07-14 to 2026-08-04 (22 days),2026-07-23,530596093.1780608947|1784861681,530596093.1780608947,1784861681,google,organic,(organic),1784861681984772,https://terminusmaximus.com/replay-library/?boss=Mortarion&team=Custodes,boss=Mortarion&team=Custodes,https://terminusmaximus.com/guild-raid/,terminusmaximus.com,,/,true,false,3,2,2,true,false,true,true,false,false,false,false,false
Available export: 2026-07-14 to 2026-08-04 (22 days),2026-07-23,530596093.1780608947|1784867825,530596093.1780608947,1784867825,google,organic,(organic),1784867825456205,https://terminusmaximus.com/replay-library/,,https://terminusmaximus.com/,terminusmaximus.com,,,true,false,1,1,1,false,true,false,false,false,false,false,false,false
Available export: 2026-07-14 to 2026-08-04 (22 days),2026-07-23,532901899.1784818070|1784818069,532901899.1784818070,1784818069,(direct),(none),(direct),1784818070103218,https://terminusmaximus.com/replay-library/,,,,,,true,false,1,1,1,false,true,false,false,false,false,false,false,false
Available export: 2026-07-14 to 2026-08-04 (22 days),2026-07-23,565029146.1784123908|1784847612,565029146.1784123908,1784847612,reddit,post,s105,1784847613504402,https://terminusmaximus.com/replay-library/?utm_source=reddit&utm_medium=post&utm_campaign=s105,utm_source=reddit&utm_medium=post&utm_campaign=s105,,,,,true,false,1,1,1,false,true,false,false,false,false,false,false,false
Available export: 2026-07-14 to 2026-08-04 (22 days),2026-07-23,585271425.1784037398|1784873584,585271425.1784037398,1784873584,reddit,post,s105,1784873584982121,https://terminusmaximus.com/replay-library/,,https://terminusmaximus.com/replay-library/?utm_source=reddit&utm_medium=post&utm_campaign=s105,terminusmaximus.com,,,true,false,1,1,1,false,true,false,false,false,false,false,false,false
Available export: 2026-07-14 to 2026-08-04 (22 days),2026-07-23,605932814.1784818102|1784818101,605932814.1784818102,1784818101,(direct),(none),(direct),1784818102231003,https://terminusmaximus.com/replay-library/,,,,,/replay-library/,true,false,2,2,1,false,false,true,true,false,false,false,false,false
Available export: 2026-07-14 to 2026-08-04 (22 days),2026-07-23,67872681.1781732752|1784830556,67872681.1781732752,1784830556,google,organic,(organic),1784830556418527,https://terminusmaximus.com/replay-library/?boss=Lion,boss=Lion,,,,,true,false,1,1,1,false,true,false,false,false,false,false,false,false
Available export: 2026-07-14 to 2026-08-04 (22 days),2026-07-23,684237380.1784850428|1784850427,684237380.1784850428,1784850427,(direct),(none),(direct),1784850427917587,https://terminusmaximus.com/replay-library/,,,,,/replay-library/,true,false,2,2,1,false,false,true,true,false,false,false,false,false
Available export: 2026-07-14 to 2026-08-04 (22 days),2026-07-23,690906611.1784220034|1784801850,690906611.1784220034,1784801850,google,organic,(organic),1784801852497159,https://terminusmaximus.com/replay-library/,,,,,/replay-library/,true,false,6,6,1,false,false,true,true,false,false,false,false,false
Available export: 2026-07-14 to 2026-08-04 (22 days),2026-07-23,690906611.1784220034|1784820599,690906611.1784220034,1784820599,google,organic,(organic),1784820602222810,https://terminusmaximus.com/replay-library/?boss=Magnus&team=Laviscus&map=Magnus_03,boss=Magnus&team=Laviscus&map=Magnus_03,,,,,true,false,1,1,1,false,true,false,false,false,false,false,false,false
Available export: 2026-07-14 to 2026-08-04 (22 days),2026-07-23,711186163.1784391382|1784859147,711186163.1784391382,1784859147,(direct),(none),(direct),1784859095688679,https://terminusmaximus.com/replay-library/,,,,,/replay-library/,true,false,2,2,1,false,false,true,true,false,false,false,false,false
Available export: 2026-07-14 to 2026-08-04 (22 days),2026-07-23,754698492.1783205204|1784856263,754698492.1783205204,1784856263,(direct),(none),(direct),1784856263326028,https://terminusmaximus.com/replay-library/,,https://terminusmaximus.com/guild-raid/,terminusmaximus.com,,,true,false,1,1,1,false,true,false,false,false,false,false,false,false
Available export: 2026-07-14 to 2026-08-04 (22 days),2026-07-23,776182018.1784139373|1784795181,776182018.1784139373,1784795181,(direct),(none),(direct),1784795182057170,https://terminusmaximus.com/replay-library/,,,,,,true,false,1,1,1,false,true,false,false,false,false,false,false,false
Available export: 2026-07-14 to 2026-08-04 (22 days),2026-07-23,776182018.1784139373|1784835106,776182018.1784139373,1784835106,(direct),(none),(direct),1784835106701145,https://terminusmaximus.com/replay-library/,,,,,,true,false,1,1,1,false,true,false,false,false,false,false,false,false
Available export: 2026-07-14 to 2026-08-04 (22 days),2026-07-23,876623447.1784664243|1784825835,876623447.1784664243,1784825835,google,organic,(organic),1784825888507050,https://terminusmaximus.com/replay-library/,,https://terminusmaximus.com/incursion-mow/,terminusmaximus.com,/incursion-mow/,/lre/lucius/,false,true,7,1,1,false,false,true,false,false,false,false,false,false
Available export: 2026-07-14 to 2026-08-04 (22 days),2026-07-23,919512747.1784112052|1784852088,919512747.1784112052,1784852088,reddit,post,boss-meta,1784852088856345,https://terminusmaximus.com/replay-library/?boss=Mortarion&team=Custodes,boss=Mortarion&team=Custodes,https://terminusmaximus.com/guild-raid/boss-meta/?utm_source=reddit&utm_medium=post&utm_campaign=boss-meta,terminusmaximus.com,,,true,false,1,1,1,false,true,false,false,false,false,false,false,false
Available export: 2026-07-14 to 2026-08-04 (22 days),2026-07-23,919512747.1784112052|1784861309,919512747.1784112052,1784861309,reddit,post,boss-meta,1784861309380377,https://terminusmaximus.com/replay-library/?boss=Mortarion&team=Custodes,boss=Mortarion&team=Custodes,https://terminusmaximus.com/guild-raid/boss-meta/?utm_source=reddit&utm_medium=post&utm_campaign=boss-meta,terminusmaximus.com,,,true,false,1,1,1,false,true,false,false,false,false,false,false,false
Available export: 2026-07-14 to 2026-08-04 (22 days),2026-07-23,974739554.1784863042|1784863042,974739554.1784863042,1784863042,google,organic,(organic),1784863069453975,https://terminusmaximus.com/replay-library/,,https://terminusmaximus.com/guild-raid/s105/,terminusmaximus.com,/guild-raid/s105/,/replay-library/,false,true,8,4,1,false,false,true,true,false,false,false,false,false
Available export: 2026-07-14 to 2026-08-04 (22 days),2026-07-23,999721948.1784127293|1784795195,999721948.1784127293,1784795195,reddit,post,boss-meta,1784795218183000,https://terminusmaximus.com/replay-library/,,https://terminusmaximus.com/guild-raid/,terminusmaximus.com,/guild-raid/,/replay-library/,false,true,4,2,1,false,false,true,true,false,false,false,false,false
Available export: 2026-07-14 to 2026-08-04 (22 days),2026-07-23,999721948.1784127293|1784806563,999721948.1784127293,1784806563,reddit,post,boss-meta,1784806563419544,https://terminusmaximus.com/replay-library/?boss=Mortarion,boss=Mortarion,https://terminusmaximus.com/replay-library/?boss=Lion,terminusmaximus.com,,/replay-library/,true,false,2,2,1,false,false,true,true,false,false,false,false,false
Available export: 2026-07-14 to 2026-08-04 (22 days),2026-07-24,1068718977.1781542295|1784881302,1068718977.1781542295,1784881302,google,organic,(organic),1784882425720652,https://terminusmaximus.com/replay-library/,,https://terminusmaximus.com/guild-raid/s105/,terminusmaximus.com,/guild-raid/s105/,/replay-library/,false,true,5,4,1,false,false,true,true,false,true,false,false,false
Available export: 2026-07-14 to 2026-08-04 (22 days),2026-07-24,1072113099.1780609127|1784887724,1072113099.1780609127,1784887724,reddit,post,s105,1784887723709314,https://terminusmaximus.com/replay-library/,,,,,,true,false,1,1,1,false,true,false,false,false,false,false,false,false
Available export: 2026-07-14 to 2026-08-04 (22 days),2026-07-24,1072113099.1780609127|1784889600,1072113099.1780609127,1784889600,reddit,post,s105,1784889600594556,https://terminusmaximus.com/replay-library/,,,,,,true,false,1,1,1,false,true,false,false,false,false,false,false,false
Available export: 2026-07-14 to 2026-08-04 (22 days),2026-07-24,1072113099.1780609127|1784902825,1072113099.1780609127,1784902825,reddit,post,s105,1784902824463993,https://terminusmaximus.com/replay-library/,,,,,,true,false,1,1,1,false,true,false,false,false,false,false,false,false
Available export: 2026-07-14 to 2026-08-04 (22 days),2026-07-24,111613413.1784280081|1784876601,111613413.1784280081,1784876601,google,organic,(organic),1784876602239408,https://terminusmaximus.com/replay-library/?boss=Cawl&map=Cawl_01&tier=L4,boss=Cawl&map=Cawl_01&tier=L4,https://terminusmaximus.com/guild-raid/boss-meta/,terminusmaximus.com,,,true,false,1,1,1,false,true,false,false,false,false,false,false,false
Available export: 2026-07-14 to 2026-08-04 (22 days),2026-07-24,1120596837.1784556288|1784890945,1120596837.1784556288,1784890945,(direct),(none),(direct),1784890942663565,https://terminusmaximus.com/replay-library/,,,,,/replay-library/,true,false,4,4,1,false,false,true,true,false,false,false,false,false
Available export: 2026-07-14 to 2026-08-04 (22 days),2026-07-24,1120596837.1784556288|1784895204,1120596837.1784556288,1784895204,(direct),(none),(direct),1784895201197949,https://terminusmaximus.com/replay-library/,,,,,/replay-library/,true,false,3,3,1,false,false,true,true,false,false,false,false,false
Available export: 2026-07-14 to 2026-08-04 (22 days),2026-07-24,1120596837.1784556288|1784953742,1120596837.1784556288,1784953742,(direct),(none),(direct),1784953738768850,https://terminusmaximus.com/replay-library/,,,,,/replay-library/,true,false,3,3,1,false,false,true,true,false,false,false,false,false
Available export: 2026-07-14 to 2026-08-04 (22 days),2026-07-24,1186765260.1784277452|1784889603,1186765260.1784277452,1784889603,discord,post,boss-meta,1784889604693392,https://terminusmaximus.com/replay-library/,,https://terminusmaximus.com/guild-raid/boss-meta/?utm_source=discord&utm_medium=post&utm_campaign=boss-meta,terminusmaximus.com,,,true,false,1,1,1,false,true,false,false,false,false,false,false,false
Available export: 2026-07-14 to 2026-08-04 (22 days),2026-07-24,1186765260.1784277452|1784904034,1186765260.1784277452,1784904034,discord,post,boss-meta,1784904067711143,https://terminusmaximus.com/replay-library/?team=Neuro,team=Neuro,https://terminusmaximus.com/replay-library/,terminusmaximus.com,,/replay-library/,true,false,2,2,1,false,false,true,true,false,false,false,false,false
Available export: 2026-07-14 to 2026-08-04 (22 days),2026-07-24,1186765260.1784277452|1784909231,1186765260.1784277452,1784909231,discord,post,boss-meta,1784909232626131,https://terminusmaximus.com/replay-library/?boss=Cawl&team=Neuro,boss=Cawl&team=Neuro,https://terminusmaximus.com/guild-raid/boss-meta/?utm_source=discord&utm_medium=post&utm_campaign=boss-meta,terminusmaximus.com,,,true,false,1,1,1,false,true,false,false,false,false,false,false,false
Available export: 2026-07-14 to 2026-08-04 (22 days),2026-07-24,1245568223.1784877305|1784877304,1245568223.1784877305,1784877304,(direct),(none),(direct),1784877304702024,https://terminusmaximus.com/replay-library/,,,,,,true,false,1,1,1,false,true,false,false,false,false,false,false,false
Available export: 2026-07-14 to 2026-08-04 (22 days),2026-07-24,1248298120.1784135033|1784909688,1248298120.1784135033,1784909688,reddit,post,s105,1784909689382049,https://terminusmaximus.com/replay-library/?utm_source=reddit&utm_medium=post&utm_campaign=s105,utm_source=reddit&utm_medium=post&utm_campaign=s105,,,,,true,false,1,1,1,false,true,false,false,false,false,false,false,false
Available export: 2026-07-14 to 2026-08-04 (22 days),2026-07-24,1248298120.1784135033|1784912069,1248298120.1784135033,1784912069,reddit,post,s105,1784912070033641,https://terminusmaximus.com/replay-library/?utm_source=reddit&utm_medium=post&utm_campaign=s105,utm_source=reddit&utm_medium=post&utm_campaign=s105,,,,,true,false,1,1,1,false,true,false,false,false,false,false,false,false
Available export: 2026-07-14 to 2026-08-04 (22 days),2026-07-24,1291021164.1784803216|1784891821,1291021164.1784803216,1784891821,(direct),(none),(direct),1784891807598310,https://terminusmaximus.com/replay-library/,,,,,/,true,false,3,2,2,true,false,true,true,false,false,false,false,false
Available export: 2026-07-14 to 2026-08-04 (22 days),2026-07-24,1307788077.1784879605|1784879604,1307788077.1784879605,1784879604,(direct),(none),(direct),1784879605279401,https://terminusmaximus.com/replay-library/,,,,,/replay-library/,true,false,14,14,1,false,false,true,true,false,false,false,false,false
Available export: 2026-07-14 to 2026-08-04 (22 days),2026-07-24,1344258153.1784911975|1784911974,1344258153.1784911975,1784911974,duckduckgo,organic,(organic),1784912120670327,https://terminusmaximus.com/replay-library/,,https://terminusmaximus.com/guild-raid/boss-meta/,terminusmaximus.com,/guild-raid/boss-meta/,/replay-library/,false,true,16,9,1,false,false,true,true,false,true,false,false,false
Available export: 2026-07-14 to 2026-08-04 (22 days),2026-07-24,1353535791.1784042323|1784893206,1353535791.1784042323,1784893206,reddit,post,s105,1784893206635787,https://terminusmaximus.com/replay-library/,,,,,/,true,false,4,1,1,false,false,true,false,false,false,false,false,false
Available export: 2026-07-14 to 2026-08-04 (22 days),2026-07-24,1353535791.1784042323|1784911713,1353535791.1784042323,1784911713,reddit,post,s105,1784911713816934,https://terminusmaximus.com/replay-library/,,,,,/replay-library/,true,false,2,2,1,false,false,true,true,false,false,false,false,false
Available export: 2026-07-14 to 2026-08-04 (22 days),2026-07-24,1353535791.1784042323|1784914344,1353535791.1784042323,1784914344,reddit,post,s105,1784914344730939,https://terminusmaximus.com/replay-library/?boss=Lion,boss=Lion,,,,,true,false,1,1,1,false,true,false,false,false,false,false,false,false
Available export: 2026-07-14 to 2026-08-04 (22 days),2026-07-24,1450814780.1784262433|1784923572,1450814780.1784262433,1784923572,google,organic,(organic),1784923597140395,https://terminusmaximus.com/replay-library/,,https://terminusmaximus.com/guild-raid/s105/,terminusmaximus.com,/guild-raid/s105/,/replay-library/,false,true,4,2,1,false,false,true,true,false,false,false,false,false
Available export: 2026-07-14 to 2026-08-04 (22 days),2026-07-24,1450814780.1784262433|1784926937,1450814780.1784262433,1784926937,google,organic,(organic),1784926937601943,https://terminusmaximus.com/replay-library/?boss=Lion,boss=Lion,https://terminusmaximus.com/guild-raid/s105/,terminusmaximus.com,,,true,false,1,1,1,false,true,false,false,false,false,false,false,false
Available export: 2026-07-14 to 2026-08-04 (22 days),2026-07-24,1504857943.1784205943|1784900848,1504857943.1784205943,1784900848,(direct),(none),(direct),1784900848610767,https://terminusmaximus.com/replay-library/,,,,,/replay-library/,true,false,4,4,1,false,false,true,true,false,false,false,false,false
Available export: 2026-07-14 to 2026-08-04 (22 days),2026-07-24,1520165871.1784095012|1784914211,1520165871.1784095012,1784914211,reddit,post,s105,1784914211395923,https://terminusmaximus.com/replay-library/?utm_source=reddit&utm_medium=post&utm_campaign=s105&boss=Cawl&team=Laviscus&map=Cawl_01&tier=L4,utm_source=reddit&utm_medium=post&utm_campaign=s105&boss=Cawl&team=Laviscus&map=Cawl_01&tier=L4,,,,,true,false,1,1,1,false,true,false,false,false,false,false,false,false
Available export: 2026-07-14 to 2026-08-04 (22 days),2026-07-24,1520165871.1784095012|1784946113,1520165871.1784095012,1784946113,reddit,post,s105,1784946117074879,https://terminusmaximus.com/replay-library/?utm_source=reddit&utm_medium=post&utm_campaign=s105&boss=Cawl&team=Laviscus&map=Cawl_01&tier=L4,utm_source=reddit&utm_medium=post&utm_campaign=s105&boss=Cawl&team=Laviscus&map=Cawl_01&tier=L4,,,,,true,false,1,1,1,false,true,false,false,false,false,false,false,false
Available export: 2026-07-14 to 2026-08-04 (22 days),2026-07-24,1592715180.1784892507|1784892507,1592715180.1784892507,1784892507,discord,post,boss-meta,1784892644534808,https://terminusmaximus.com/replay-library/,,https://terminusmaximus.com/guild-raid/boss-meta/?utm_source=discord&utm_medium=post&utm_campaign=boss-meta,terminusmaximus.com,/guild-raid/boss-meta/,/replay-library/,false,true,15,13,2,true,false,true,true,false,true,false,false,false
Available export: 2026-07-14 to 2026-08-04 (22 days),2026-07-24,1643391405.1784938265|1784938265,1643391405.1784938265,1784938265,(direct),(none),(direct),1784938265419743,https://terminusmaximus.com/replay-library/,,,,,,true,false,1,1,1,false,true,false,false,false,false,false,false,false
Available export: 2026-07-14 to 2026-08-04 (22 days),2026-07-24,1646795627.1784919759|1784919759,1646795627.1784919759,1784919759,google,organic,(organic),1784919765063850,https://terminusmaximus.com/replay-library/,,https://terminusmaximus.com/,terminusmaximus.com,/,/replay-library/,false,true,4,3,1,false,false,true,true,false,false,false,false,false
Available export: 2026-07-14 to 2026-08-04 (22 days),2026-07-24,1750145351.1780773652|1784876681,1750145351.1780773652,1784876681,duckduckgo,organic,(organic),1784876687753980,https://terminusmaximus.com/replay-library/,,https://terminusmaximus.com/,terminusmaximus.com,/,/replay-library/,false,true,6,5,1,false,false,true,true,false,false,false,false,false
Available export: 2026-07-14 to 2026-08-04 (22 days),2026-07-24,1835310830.1784933506|1784933506,1835310830.1784933506,1784933506,(direct),(none),(direct),1784933504900318,https://terminusmaximus.com/replay-library/,,,,,/replay-library/,true,false,5,5,1,false,false,true,true,false,false,false,false,false
Available export: 2026-07-14 to 2026-08-04 (22 days),2026-07-24,1836972843.1783782113|1784924808,1836972843.1783782113,1784924808,google,organic,(organic),1784924860013974,https://terminusmaximus.com/replay-library/,,https://terminusmaximus.com/,terminusmaximus.com,/,/replay-library/,false,true,18,10,1,false,false,true,true,false,true,false,false,false
Available export: 2026-07-14 to 2026-08-04 (22 days),2026-07-24,1896606204.1784471675|1784944278,1896606204.1784471675,1784944278,google,organic,(organic),1784944279217007,https://terminusmaximus.com/replay-library/?boss=Magnus&team=AdMech&map=Magnus_03,boss=Magnus&team=AdMech&map=Magnus_03,,,,,true,false,1,1,1,false,true,false,false,false,false,false,false,false
Available export: 2026-07-14 to 2026-08-04 (22 days),2026-07-24,1938331674.1784888618|1784888618,1938331674.1784888618,1784888618,(direct),(none),(direct),1784888616621139,https://terminusmaximus.com/replay-library/,,,,,/replay-library/,true,false,6,6,1,false,false,true,true,false,false,false,false,false
Available export: 2026-07-14 to 2026-08-04 (22 days),2026-07-24,1953140580.1784357969|1784877737,1953140580.1784357969,1784877737,google,organic,(organic),1784877739274361,https://terminusmaximus.com/replay-library/,,https://terminusmaximus.com/replay-library/,terminusmaximus.com,,/replay-library/,true,false,5,5,1,false,false,true,true,false,false,false,false,false
Available export: 2026-07-14 to 2026-08-04 (22 days),2026-07-24,2002335612.1784953530|1784953529,2002335612.1784953530,1784953529,(direct),(none),(direct),1784953530244777,https://terminusmaximus.com/replay-library/,,,,,/replay-library/,true,false,5,5,1,false,false,true,true,false,false,false,false,false
Available export: 2026-07-14 to 2026-08-04 (22 days),2026-07-24,2016545900.1784907262|1784907261,2016545900.1784907262,1784907261,(direct),(none),(direct),1784907261867098,https://terminusmaximus.com/replay-library/,,,,,,true,false,1,1,1,false,true,false,false,false,false,false,false,false
Available export: 2026-07-14 to 2026-08-04 (22 days),2026-07-24,2048930907.1784126190|1784906994,2048930907.1784126190,1784906994,google,organic,(organic),1784907033478024,https://terminusmaximus.com/replay-library/,,https://terminusmaximus.com/,terminusmaximus.com,/,/replay-library/,false,true,6,5,1,false,false,true,true,false,false,false,false,false
Available export: 2026-07-14 to 2026-08-04 (22 days),2026-07-24,2111859797.1784029962|1784901767,2111859797.1784029962,1784901767,reddit,post,s105,1784901767647264,https://terminusmaximus.com/replay-library/?utm_source=reddit&utm_medium=post&utm_campaign=s105&boss=Screamer,utm_source=reddit&utm_medium=post&utm_campaign=s105&boss=Screamer,https://terminusmaximus.com/replay-library/?utm_source=reddit&utm_medium=post&utm_campaign=s105&boss=Magnus&map=Magnus_03,terminusmaximus.com,,/replay-library/,true,false,4,4,1,false,false,true,true,false,false,false,false,false
Available export: 2026-07-14 to 2026-08-04 (22 days),2026-07-24,2111859797.1784029962|1784910520,2111859797.1784029962,1784910520,reddit,post,s105,1784910519846663,https://terminusmaximus.com/replay-library/?utm_source=reddit&utm_medium=post&utm_campaign=s105&boss=Dorn&team=Laviscus,utm_source=reddit&utm_medium=post&utm_campaign=s105&boss=Dorn&team=Laviscus,https://terminusmaximus.com/replay-library/?utm_source=reddit&utm_medium=post&utm_campaign=s105&boss=Screamer&team=Laviscus&map=Screamer_03,terminusmaximus.com,,/replay-library/,true,false,2,2,1,false,false,true,true,false,false,false,false,false
Available export: 2026-07-14 to 2026-08-04 (22 days),2026-07-24,2145895056.1784131798|1784883056,2145895056.1784131798,1784883056,reddit,post,s105,1784883099043024,https://terminusmaximus.com/replay-library/,,https://terminusmaximus.com/guild-raid/boss-meta/,terminusmaximus.com,/guild-raid/boss-meta/,/replay-library/,false,true,8,7,1,false,false,true,true,false,false,false,false,false
Available export: 2026-07-14 to 2026-08-04 (22 days),2026-07-24,437609154.1784144174|1784904217,437609154.1784144174,1784904217,reddit,post,s105,1784904226034037,https://terminusmaximus.com/replay-library/,,https://terminusmaximus.com/guild-raid/s105/?utm_source=reddit&utm_medium=post&utm_campaign=s105,terminusmaximus.com,/guild-raid/s105/,/replay-library/,false,true,5,4,1,false,false,true,true,false,false,false,false,false
Available export: 2026-07-14 to 2026-08-04 (22 days),2026-07-24,537561536.1784031370|1784952309,537561536.1784031370,1784952309,reddit,post,s105,1784952330240489,https://terminusmaximus.com/replay-library/,,https://terminusmaximus.com/guild-raid/s105/,terminusmaximus.com,/guild-raid/s105/,/replay-library/,false,true,7,5,1,false,false,true,true,false,false,false,false,false
Available export: 2026-07-14 to 2026-08-04 (22 days),2026-07-24,585271425.1784037398|1784878498,585271425.1784037398,1784878498,reddit,post,s105,1784878498496013,https://terminusmaximus.com/replay-library/,,https://terminusmaximus.com/replay-library/?utm_source=reddit&utm_medium=post&utm_campaign=s105,terminusmaximus.com,,,true,false,1,1,1,false,true,false,false,false,false,false,false,false
Available export: 2026-07-14 to 2026-08-04 (22 days),2026-07-24,585271425.1784037398|1784908098,585271425.1784037398,1784908098,reddit,post,s105,1784908098829554,https://terminusmaximus.com/replay-library/,,https://terminusmaximus.com/replay-library/?utm_source=reddit&utm_medium=post&utm_campaign=s105,terminusmaximus.com,,/replay-library/,true,false,2,2,1,false,false,true,true,false,false,false,false,false
Available export: 2026-07-14 to 2026-08-04 (22 days),2026-07-24,585271425.1784037398|1784922530,585271425.1784037398,1784922530,reddit,post,s105,1784922530730308,https://terminusmaximus.com/replay-library/,,https://terminusmaximus.com/replay-library/?utm_source=reddit&utm_medium=post&utm_campaign=s105,terminusmaximus.com,,/replay-library/,true,false,2,2,1,false,false,true,true,false,false,false,false,false
Available export: 2026-07-14 to 2026-08-04 (22 days),2026-07-24,585271425.1784037398|1784955581,585271425.1784037398,1784955581,reddit,post,s105,1784955582081216,https://terminusmaximus.com/replay-library/,,https://terminusmaximus.com/replay-library/?utm_source=reddit&utm_medium=post&utm_campaign=s105,terminusmaximus.com,,,true,false,1,1,1,false,true,false,false,false,false,false,false,false
Available export: 2026-07-14 to 2026-08-04 (22 days),2026-07-24,690906611.1784220034|1784883126,690906611.1784220034,1784883126,google,organic,(organic),1784883127131864,https://terminusmaximus.com/replay-library/?boss=Magnus&team=Laviscus&map=Magnus_03,boss=Magnus&team=Laviscus&map=Magnus_03,,,,,true,false,1,1,1,false,true,false,false,false,false,false,false,false
Available export: 2026-07-14 to 2026-08-04 (22 days),2026-07-24,745827446.1784157382|1784952801,745827446.1784157382,1784952801,(direct),(none),(direct),1784952801649895,https://terminusmaximus.com/replay-library/,,,,,/replay-library/,true,false,3,3,1,false,false,true,true,false,false,false,false,false
Available export: 2026-07-14 to 2026-08-04 (22 days),2026-07-24,76665388.1783780158|1784919069,76665388.1783780158,1784919069,(direct),(none),(direct),1784919069226760,https://terminusmaximus.com/replay-library/,,,,,,true,false,1,1,1,false,true,false,false,false,false,false,false,false
Available export: 2026-07-14 to 2026-08-04 (22 days),2026-07-24,868553460.1782324967|1784891785,868553460.1782324967,1784891785,reddit,post,lucius-lre,1784891790725287,https://terminusmaximus.com/replay-library/,,https://terminusmaximus.com/about/,terminusmaximus.com,/about/,/replay-library/,false,true,6,3,1,false,false,true,true,false,false,false,false,false
Available export: 2026-07-14 to 2026-08-04 (22 days),2026-07-24,919443156.1784120394|1784884477,919443156.1784120394,1784884477,reddit,post,s105,1784884628543296,https://terminusmaximus.com/replay-library/,,https://terminusmaximus.com/guild-raid/,terminusmaximus.com,/guild-raid/,/guild-raid/boss-meta/,false,true,5,1,1,false,false,true,false,false,true,false,false,false
Available export: 2026-07-14 to 2026-08-04 (22 days),2026-07-24,919512747.1784112052|1784944787,919512747.1784112052,1784944787,reddit,post,boss-meta,1784944788058854,https://terminusmaximus.com/replay-library/?boss=Mortarion&team=Custodes,boss=Mortarion&team=Custodes,,,,/replay-library/,true,false,4,2,1,false,false,true,true,false,true,false,false,false
Available export: 2026-07-14 to 2026-08-04 (22 days),2026-07-24,952805471.1783197340|1784878125,952805471.1783197340,1784878125,(direct),(none),(direct),1784878125379498,https://terminusmaximus.com/replay-library/,,,,,,true,false,1,1,1,false,true,false,false,false,false,false,false,false
Available export: 2026-07-14 to 2026-08-04 (22 days),2026-07-25,1004093673.1785005633|1785005633,1004093673.1785005633,1785005633,reddit,post,s106,1785005633369203,https://terminusmaximus.com/replay-library/?utm_source=reddit&utm_medium=post&utm_campaign=s106,utm_source=reddit&utm_medium=post&utm_campaign=s106,,,,/replay-library/,true,false,2,2,1,false,false,true,true,false,false,false,false,false
Available export: 2026-07-14 to 2026-08-04 (22 days),2026-07-25,100861334.1784918070|1785022834,100861334.1784918070,1785022834,reddit,post,lucius-lre,1785023323174923,https://terminusmaximus.com/replay-library/,,https://terminusmaximus.com/campaign-event/,terminusmaximus.com,/campaign-event/,/lre/lucius/,false,true,9,1,1,false,false,true,false,false,false,false,false,false
Available export: 2026-07-14 to 2026-08-04 (22 days),2026-07-25,1038101495.1785038488|1785038487,1038101495.1785038488,1785038487,(direct),(none),(direct),1785038488059906,https://terminusmaximus.com/replay-library/,,,,,/replay-library/,true,false,3,3,1,false,false,true,true,false,false,false,false,false
Available export: 2026-07-14 to 2026-08-04 (22 days),2026-07-25,1072113099.1780609127|1785025380,1072113099.1780609127,1785025380,reddit,post,s105,1785025377982202,https://terminusmaximus.com/replay-library/,,,,,,true,false,1,1,1,false,true,false,false,false,false,false,false,false
Available export: 2026-07-14 to 2026-08-04 (22 days),2026-07-25,111613413.1784280081|1784971048,111613413.1784280081,1784971048,google,organic,(organic),1784971048039277,https://terminusmaximus.com/replay-library/?boss=Cawl&map=Cawl_01&tier=L4,boss=Cawl&map=Cawl_01&tier=L4,https://terminusmaximus.com/guild-raid/boss-meta/,terminusmaximus.com,,,true,false,1,1,1,false,true,false,false,false,false,false,false,false
Available export: 2026-07-14 to 2026-08-04 (22 days),2026-07-25,111613413.1784280081|1784997606,111613413.1784280081,1784997606,google,organic,(organic),1784997606120001,https://terminusmaximus.com/replay-library/?boss=Lion,boss=Lion,https://terminusmaximus.com/replay-library/?boss=Cawl&map=Cawl_01&tier=L4,terminusmaximus.com,,/replay-library/,true,false,3,3,1,false,false,true,true,false,false,false,false,false
Available export: 2026-07-14 to 2026-08-04 (22 days),2026-07-25,1122305543.1780944578|1784979196,1122305543.1780944578,1784979196,reddit,post,mow2026,1784979194803933,https://terminusmaximus.com/replay-library/,,,,,/replay-library/,true,false,5,5,1,false,false,true,true,false,false,false,false,false
Available export: 2026-07-14 to 2026-08-04 (22 days),2026-07-25,1122305543.1780944578|1784982964,1122305543.1780944578,1784982964,reddit,post,mow2026,1784982962956097,https://terminusmaximus.com/replay-library/?boss=Dorn&team=Laviscus&map=Dorn_04,boss=Dorn&team=Laviscus&map=Dorn_04,,,,,true,false,1,1,1,false,true,false,false,false,false,false,false,false
Available export: 2026-07-14 to 2026-08-04 (22 days),2026-07-25,1122305543.1780944578|1785020273,1122305543.1780944578,1785020273,reddit,post,mow2026,1785020273722181,https://terminusmaximus.com/replay-library/?boss=Dorn&team=Laviscus&map=Dorn_04,boss=Dorn&team=Laviscus&map=Dorn_04,,,,,true,false,1,1,1,false,true,false,false,false,false,false,false,false
Available export: 2026-07-14 to 2026-08-04 (22 days),2026-07-25,1192955500.1785038601|1785038601,1192955500.1785038601,1785038601,(direct),(none),(direct),1785038601489874,https://terminusmaximus.com/replay-library/,,https://terminusmaximus.com/replay-library/?boss=Magnus,terminusmaximus.com,,/replay-library/,true,false,2,2,1,false,false,true,true,false,false,false,false,false
Available export: 2026-07-14 to 2026-08-04 (22 days),2026-07-25,1195083193.1781348793|1784980999,1195083193.1781348793,1784980999,google,organic,(organic),1784981052069970,https://terminusmaximus.com/replay-library/,,https://terminusmaximus.com/guild-raid/boss-meta/,terminusmaximus.com,/guild-raid/boss-meta/,/replay-library/,false,true,7,3,1,false,false,true,true,false,false,false,false,false
Available export: 2026-07-14 to 2026-08-04 (22 days),2026-07-25,1259823403.1785006284|1785006283,1259823403.1785006284,1785006283,google,organic,(organic),1785006314090973,https://terminusmaximus.com/replay-library/,,https://terminusmaximus.com/,terminusmaximus.com,/,/replay-library/,false,true,5,3,1,false,false,true,true,false,false,false,false,false
Available export: 2026-07-14 to 2026-08-04 (22 days),2026-07-25,1291021164.1784803216|1784979008,1291021164.1784803216,1784979008,(direct),(none),(direct),1784979008879047,https://terminusmaximus.com/replay-library/,,,,,/,true,false,3,1,1,false,false,true,false,false,true,false,false,false
Available export: 2026-07-14 to 2026-08-04 (22 days),2026-07-25,1353535791.1784042323|1785013733,1353535791.1784042323,1785013733,reddit,post,s105,1785013734006310,https://terminusmaximus.com/replay-library/,,,,,/replay-library/,true,false,2,2,1,false,false,true,true,false,false,false,false,false
Available export: 2026-07-14 to 2026-08-04 (22 days),2026-07-25,1396026966.1784986466|1784986466,1396026966.1784986466,1784986466,google,organic,(organic),1784986474660867,https://terminusmaximus.com/replay-library/,,https://terminusmaximus.com/,terminusmaximus.com,/,/replay-library/,false,true,5,3,1,false,false,true,true,false,false,false,false,false
Available export: 2026-07-14 to 2026-08-04 (22 days),2026-07-25,1404012984.1784971666|1784971666,1404012984.1784971666,1784971666,duckduckgo,organic,(organic),1784971676011736,https://terminusmaximus.com/replay-library/,,https://terminusmaximus.com/,terminusmaximus.com,/,/replay-library/,false,true,8,7,1,false,false,true,true,false,false,false,false,false
Available export: 2026-07-14 to 2026-08-04 (22 days),2026-07-25,1503248832.1784908449|1785008721,1503248832.1784908449,1785008721,google,organic,(organic),1785008723869363,https://terminusmaximus.com/replay-library/,,https://terminusmaximus.com/,terminusmaximus.com,/,/replay-library/,false,true,4,3,1,false,false,true,true,false,false,false,false,false
Available export: 2026-07-14 to 2026-08-04 (22 days),2026-07-25,1504857943.1784205943|1785033667,1504857943.1784205943,1785033667,(direct),(none),(direct),1785033667793405,https://terminusmaximus.com/replay-library/,,,,,/replay-library/,true,false,5,5,1,false,false,true,true,false,false,false,false,false
Available export: 2026-07-14 to 2026-08-04 (22 days),2026-07-25,1518343288.1785015770|1785015769,1518343288.1785015770,1785015769,reddit,post,s106,1785015770085524,https://terminusmaximus.com/replay-library/?utm_source=reddit&utm_medium=post&utm_campaign=s106,utm_source=reddit&utm_medium=post&utm_campaign=s106,https://www.reddit.com/,www.reddit.com,,/replay-library/,true,false,10,6,1,false,false,true,true,false,true,false,false,false
Available export: 2026-07-14 to 2026-08-04 (22 days),2026-07-25,1525464228.1785017862|1785017861,1525464228.1785017862,1785017861,(direct),(none),(direct),1785017862143155,https://terminusmaximus.com/replay-library/,,,,,/replay-library/,true,false,11,11,1,false,false,true,true,false,false,false,false,false
Available export: 2026-07-14 to 2026-08-04 (22 days),2026-07-25,1543694110.1780440876|1784997689,1543694110.1780440876,1784997689,reddit,post,boss-meta,1784997715665798,https://terminusmaximus.com/replay-library/,,https://terminusmaximus.com/,terminusmaximus.com,/,/replay-library/,false,true,14,13,1,false,false,true,true,false,false,false,false,false
Available export: 2026-07-14 to 2026-08-04 (22 days),2026-07-25,1543694110.1780440876|1785001277,1543694110.1780440876,1785001277,reddit,post,s106,1785001326857706,https://terminusmaximus.com/replay-library/,,https://terminusmaximus.com/guild-raid/s106/?utm_source=reddit&utm_medium=post&utm_campaign=s106,terminusmaximus.com,/guild-raid/s106/,/replay-library/,false,true,3,2,1,false,false,true,true,false,false,false,false,false
Available export: 2026-07-14 to 2026-08-04 (22 days),2026-07-25,1612315251.1784021689|1785016319,1612315251.1784021689,1785016319,google,organic,(organic),1785017201132772,https://terminusmaximus.com/replay-library/,,https://terminusmaximus.com/,terminusmaximus.com,/,,false,true,14,1,1,false,false,true,false,false,false,false,false,false
Available export: 2026-07-14 to 2026-08-04 (22 days),2026-07-25,1634802281.1784812370|1784982090,1634802281.1784812370,1784982090,(direct),(none),(direct),1784982089891086,https://terminusmaximus.com/replay-library/,,,,,/replay-library/,true,false,3,3,1,false,false,true,true,false,false,false,false,false
Available export: 2026-07-14 to 2026-08-04 (22 days),2026-07-25,1643391405.1784938265|1784967412,1643391405.1784938265,1784967412,(direct),(none),(direct),1784967412676209,https://terminusmaximus.com/replay-library/,,,,,,true,false,1,1,1,false,true,false,false,false,false,false,false,false
Available export: 2026-07-14 to 2026-08-04 (22 days),2026-07-25,1661015216.1783772823|1785018621,1661015216.1783772823,1785018621,reddit,post,s105,1785018627161285,https://terminusmaximus.com/replay-library/,,https://terminusmaximus.com/guild-raid/s105/,terminusmaximus.com,,/replay-library/,true,false,3,3,1,false,false,true,true,false,false,false,false,false
Available export: 2026-07-14 to 2026-08-04 (22 days),2026-07-25,1674044078.1785018289|1785018289,1674044078.1785018289,1785018289,(direct),(none),(direct),1785018289317469,https://terminusmaximus.com/replay-library/?boss=Lion,boss=Lion,,,,/replay-library/,true,false,2,2,1,false,false,true,true,false,false,false,false,false
Available export: 2026-07-14 to 2026-08-04 (22 days),2026-07-25,1691462666.1784115627|1785003545,1691462666.1784115627,1785003545,(direct),(none),(direct),1785003546103817,https://terminusmaximus.com/replay-library/,,,,,/replay-library/,true,false,5,5,1,false,false,true,true,false,false,false,false,false
Available export: 2026-07-14 to 2026-08-04 (22 days),2026-07-25,1694406866.1781479955|1785048165,1694406866.1781479955,1785048165,reddit,post,s106,1785048162843440,https://terminusmaximus.com/replay-library/?utm_source=reddit&utm_medium=post&utm_campaign=s106,utm_source=reddit&utm_medium=post&utm_campaign=s106,https://www.reddit.com/,www.reddit.com,,/replay-library/,true,false,2,2,1,false,false,true,true,false,false,false,false,false
Available export: 2026-07-14 to 2026-08-04 (22 days),2026-07-25,173305908.1785038250|1785038249,173305908.1785038250,1785038249,(direct),(none),(direct),1785038250373912,https://terminusmaximus.com/replay-library/,,,,,,true,false,1,1,1,false,true,false,false,false,false,false,false,false
Available export: 2026-07-14 to 2026-08-04 (22 days),2026-07-25,1750145351.1780773652|1784983042,1750145351.1780773652,1784983042,duckduckgo,organic,(organic),1784983046290487,https://terminusmaximus.com/replay-library/,,https://terminusmaximus.com/,terminusmaximus.com,/,/replay-library/,false,true,8,7,1,false,false,true,true,false,false,false,false,false
Available export: 2026-07-14 to 2026-08-04 (22 days),2026-07-25,1784678737.1784129889|1784970796,1784678737.1784129889,1784970796,reddit,post,s105,1784970796710335,https://terminusmaximus.com/replay-library/?boss=Avatar&team=Neuro&map=Avatar_02,boss=Avatar&team=Neuro&map=Avatar_02,,,,/replay-library/,true,false,3,3,1,false,false,true,true,false,false,false,false,false
Available export: 2026-07-14 to 2026-08-04 (22 days),2026-07-25,1789962346.1784215190|1784983644,1789962346.1784215190,1784983644,reddit,post,mow2026,1784983643939434,https://terminusmaximus.com/replay-library/,,,,,/replay-library/,true,false,4,4,1,false,false,true,true,false,false,false,false,false
Available export: 2026-07-14 to 2026-08-04 (22 days),2026-07-25,1790870767.1780612240|1785011379,1790870767.1780612240,1785011379,reddit,post,s106,1785011378375875,https://terminusmaximus.com/replay-library/?utm_source=reddit&utm_medium=post&utm_campaign=s106,utm_source=reddit&utm_medium=post&utm_campaign=s106,https://www.reddit.com/,www.reddit.com,,,true,false,1,1,1,false,true,false,false,false,false,false,false,false
Available export: 2026-07-14 to 2026-08-04 (22 days),2026-07-25,1801113250.1783748286|1785023361,1801113250.1783748286,1785023361,reddit,post,s106,1785023361504044,https://terminusmaximus.com/replay-library/?utm_source=reddit&utm_medium=post&utm_campaign=s106,utm_source=reddit&utm_medium=post&utm_campaign=s106,,,,/replay-library/,true,false,4,4,1,false,false,true,true,false,false,false,false,false
Available export: 2026-07-14 to 2026-08-04 (22 days),2026-07-25,1801113250.1783748286|1785035209,1801113250.1783748286,1785035209,reddit,post,s105,1785035210008998,https://terminusmaximus.com/replay-library/?utm_source=reddit&utm_medium=post&utm_campaign=s105,utm_source=reddit&utm_medium=post&utm_campaign=s105,,,,/replay-library/,true,false,10,10,1,false,false,true,true,false,false,false,false,false
Available export: 2026-07-14 to 2026-08-04 (22 days),2026-07-25,1801113250.1783748286|1785040465,1801113250.1783748286,1785040465,reddit,post,s105,1785040466148222,https://terminusmaximus.com/replay-library/?utm_source=reddit&utm_medium=post&utm_campaign=s105,utm_source=reddit&utm_medium=post&utm_campaign=s105,,,,/replay-library/,true,false,4,4,1,false,false,true,true,false,false,false,false,false
Available export: 2026-07-14 to 2026-08-04 (22 days),2026-07-25,1876039054.1785016968|1785016968,1876039054.1785016968,1785016968,(direct),(none),(direct),1785016968171427,https://terminusmaximus.com/replay-library/,,,,,/replay-library/,true,false,3,3,1,false,false,true,true,false,false,false,false,false
Available export: 2026-07-14 to 2026-08-04 (22 days),2026-07-25,1896606204.1784471675|1784983303,1896606204.1784471675,1784983303,google,organic,(organic),1784983304993414,https://terminusmaximus.com/replay-library/?boss=Magnus&team=AdMech&map=Magnus_03,boss=Magnus&team=AdMech&map=Magnus_03,,,,/replay-library/,true,false,3,3,1,false,false,true,true,false,false,false,false,false
Available export: 2026-07-14 to 2026-08-04 (22 days),2026-07-25,1896606204.1784471675|1785023501,1896606204.1784471675,1785023501,google,organic,(organic),1785023502082710,https://terminusmaximus.com/replay-library/?boss=Avatar&team=AdMech,boss=Avatar&team=AdMech,https://terminusmaximus.com/replay-library/?boss=Dorn&team=AdMech&map=Dorn_04,terminusmaximus.com,,/replay-library/,true,false,3,3,1,false,false,true,true,false,false,false,false,false
Available export: 2026-07-14 to 2026-08-04 (22 days),2026-07-25,1940915454.1785019445|1785019445,1940915454.1785019445,1785019445,(direct),(none),(direct),1785019445587152,https://terminusmaximus.com/replay-library/,,,,,,true,false,1,1,1,false,true,false,false,false,false,false,false,false
Available export: 2026-07-14 to 2026-08-04 (22 days),2026-07-25,1945683098.1785016449|1785016449,1945683098.1785016449,1785016449,reddit,post,s105,1785016454318752,https://terminusmaximus.com/replay-library/,,https://terminusmaximus.com/guild-raid/s105/?utm_source=reddit&utm_medium=post&utm_campaign=s105,terminusmaximus.com,/guild-raid/s105/,/replay-library/,false,true,12,7,2,true,false,true,true,false,true,false,false,false
Available export: 2026-07-14 to 2026-08-04 (22 days),2026-07-25,1970882055.1784254461|1785028485,1970882055.1784254461,1785028485,google,organic,(organic),1785028485711667,https://terminusmaximus.com/replay-library/?boss=Avatar&team=Laviscus,boss=Avatar&team=Laviscus,,,,/replay-library/,true,false,3,3,1,false,false,true,true,false,false,false,false,false
Available export: 2026-07-14 to 2026-08-04 (22 days),2026-07-25,2009681002.1785023503|1785023503,2009681002.1785023503,1785023503,(direct),(none),(direct),1785023504011971,https://terminusmaximus.com/replay-library/,,,,,/replay-library/,true,false,2,2,1,false,false,true,true,false,false,false,false,false
Available export: 2026-07-14 to 2026-08-04 (22 days),2026-07-25,2010803846.1784571311|1785048189,2010803846.1784571311,1785048189,google,organic,(organic),1785048190614092,https://terminusmaximus.com/replay-library/,,https://terminusmaximus.com/,terminusmaximus.com,,,true,false,1,1,1,false,true,false,false,false,false,false,false,false
Available export: 2026-07-14 to 2026-08-04 (22 days),2026-07-25,2028680531.1784083399|1785031875,2028680531.1784083399,1785031875,reddit,post,s106,1785031874913502,https://terminusmaximus.com/replay-library/?utm_source=reddit&utm_medium=post&utm_campaign=s106,utm_source=reddit&utm_medium=post&utm_campaign=s106,https://www.reddit.com/,www.reddit.com,,/,true,false,4,1,1,false,false,true,false,false,false,false,false,false
Available export: 2026-07-14 to 2026-08-04 (22 days),2026-07-25,2058029184.1780785400|1785022981,2058029184.1780785400,1785022981,(direct),(none),(direct),1785022981756800,https://terminusmaximus.com/replay-library/,,,,,/replay-library/,true,false,2,2,1,false,false,true,true,false,false,false,false,false
Available export: 2026-07-14 to 2026-08-04 (22 days),2026-07-25,2111859797.1784029962|1784981200,2111859797.1784029962,1784981200,reddit,post,s105,1784981200868318,https://terminusmaximus.com/replay-library/?utm_source=reddit&utm_medium=post&utm_campaign=s105&boss=Cawl&team=Laviscus,utm_source=reddit&utm_medium=post&utm_campaign=s105&boss=Cawl&team=Laviscus,https://terminusmaximus.com/replay-library/?utm_source=reddit&utm_medium=post&utm_campaign=s105&boss=Dorn&team=Laviscus&map=Dorn_04,terminusmaximus.com,,/replay-library/,true,false,3,3,1,false,false,true,true,false,false,false,false,false
Available export: 2026-07-14 to 2026-08-04 (22 days),2026-07-25,2125124075.1785018123|1785018122,2125124075.1785018123,1785018122,(direct),(none),(direct),1785018123224810,https://terminusmaximus.com/replay-library/,,,,,,true,false,1,1,1,false,true,false,false,false,false,false,false,false
Available export: 2026-07-14 to 2026-08-04 (22 days),2026-07-25,2125132158.1783707396|1784992475,2125132158.1783707396,1784992475,(direct),(none),(direct),1784992486834693,https://terminusmaximus.com/replay-library/,,https://terminusmaximus.com/lre/,terminusmaximus.com,/lre/,/,false,true,4,1,1,false,false,true,false,false,true,false,false,false
Available export: 2026-07-14 to 2026-08-04 (22 days),2026-07-25,258595411.1780686334|1785010912,258595411.1780686334,1785010912,(direct),(none),(direct),1785010925406782,https://terminusmaximus.com/replay-library/,,,,,/replay-library/,true,false,4,4,1,false,false,true,true,false,false,false,false,false
Available export: 2026-07-14 to 2026-08-04 (22 days),2026-07-25,338536915.1784646557|1784977297,338536915.1784646557,1784977297,reddit,post,s105,1784977297313629,https://terminusmaximus.com/replay-library/?utm_source=reddit&utm_medium=post&utm_campaign=s105&boss=Dorn&team=Laviscus&map=Dorn_04,utm_source=reddit&utm_medium=post&utm_campaign=s105&boss=Dorn&team=Laviscus&map=Dorn_04,,,,,true,false,1,1,1,false,true,false,false,false,false,false,false,false
Available export: 2026-07-14 to 2026-08-04 (22 days),2026-07-25,338536915.1784646557|1784979411,338536915.1784646557,1784979411,reddit,post,s105,1784979411543440,https://terminusmaximus.com/replay-library/?utm_source=reddit&utm_medium=post&utm_campaign=s105&boss=Dorn&team=Laviscus&map=Dorn_04,utm_source=reddit&utm_medium=post&utm_campaign=s105&boss=Dorn&team=Laviscus&map=Dorn_04,,,,,true,false,1,1,1,false,true,false,false,false,false,false,false,false
Available export: 2026-07-14 to 2026-08-04 (22 days),2026-07-25,338536915.1784646557|1785048524,338536915.1784646557,1785048524,reddit,post,s105,1785048524542076,https://terminusmaximus.com/replay-library/?utm_source=reddit&utm_medium=post&utm_campaign=s105&boss=Dorn&team=Laviscus&map=Dorn_04,utm_source=reddit&utm_medium=post&utm_campaign=s105&boss=Dorn&team=Laviscus&map=Dorn_04,,,,,true,false,1,1,1,false,true,false,false,false,false,false,false,false
Available export: 2026-07-14 to 2026-08-04 (22 days),2026-07-25,360651704.1780689144|1785016410,360651704.1780689144,1785016410,ecosia.org,organic,(organic),1785016420124017,https://terminusmaximus.com/replay-library/,,https://terminusmaximus.com/,terminusmaximus.com,/,/replay-library/,false,true,15,9,2,true,false,true,true,false,false,false,false,false
Available export: 2026-07-14 to 2026-08-04 (22 days),2026-07-25,360651704.1780689144|1785022465,360651704.1780689144,1785022465,ecosia.org,organic,(organic),1785022471204519,https://terminusmaximus.com/replay-library/,,https://terminusmaximus.com/,terminusmaximus.com,,/replay-library/,true,false,2,2,1,false,false,true,true,false,false,false,false,false
Available export: 2026-07-14 to 2026-08-04 (22 days),2026-07-25,369792210.1785018149|1785018149,369792210.1785018149,1785018149,(direct),(none),(direct),1785018149680064,https://terminusmaximus.com/replay-library/,,https://terminusmaximus.com/replay-library/,terminusmaximus.com,,/replay-library/,true,false,4,4,1,false,false,true,true,false,false,false,false,false
Available export: 2026-07-14 to 2026-08-04 (22 days),2026-07-25,437609154.1784144174|1784995364,437609154.1784144174,1784995364,reddit,post,s105,1784995378133569,https://terminusmaximus.com/replay-library/,,https://terminusmaximus.com/guild-raid/s105/?utm_source=reddit&utm_medium=post&utm_campaign=s105,terminusmaximus.com,/guild-raid/s105/,/replay-library/,false,true,11,9,2,true,false,true,true,false,false,false,false,false
Available export: 2026-07-14 to 2026-08-04 (22 days),2026-07-25,450478560.1780479950|1784968989,450478560.1780479950,1784968989,reddit,post,boss-meta,1784969083650538,https://terminusmaximus.com/replay-library/,,https://terminusmaximus.com/,terminusmaximus.com,/,/replay-library/,false,true,9,4,1,false,false,true,true,false,true,false,false,false
Available export: 2026-07-14 to 2026-08-04 (22 days),2026-07-25,450478560.1780479950|1784981701,450478560.1780479950,1784981701,reddit,post,s105,1784981701610492,https://terminusmaximus.com/replay-library/?utm_source=reddit&utm_medium=post&utm_campaign=s105,utm_source=reddit&utm_medium=post&utm_campaign=s105,,,,/replay-library/,true,false,8,8,1,false,false,true,true,false,false,false,false,false
Available export: 2026-07-14 to 2026-08-04 (22 days),2026-07-25,450478560.1780479950|1785042414,450478560.1780479950,1785042414,reddit,post,boss-meta,1785042417886455,https://terminusmaximus.com/replay-library/,,https://terminusmaximus.com/,terminusmaximus.com,/,/replay-library/,false,true,7,4,1,false,false,true,true,false,false,false,false,false
Available export: 2026-07-14 to 2026-08-04 (22 days),2026-07-25,459408828.1782025286|1785005450,459408828.1782025286,1785005450,reddit,post,boss-meta,1785005450487803,https://terminusmaximus.com/replay-library/,,,,,/replay-library/,true,false,4,4,1,false,false,true,true,false,false,false,false,false
Available export: 2026-07-14 to 2026-08-04 (22 days),2026-07-25,475659729.1785048966|1785048966,475659729.1785048966,1785048966,(direct),(none),(direct),1785049300349998,https://terminusmaximus.com/replay-library/,,https://terminusmaximus.com/guild-raid/s105/,terminusmaximus.com,/guild-raid/s105/,/replay-library/,false,true,6,4,1,false,false,true,true,false,true,false,false,false
Available export: 2026-07-14 to 2026-08-04 (22 days),2026-07-25,530596093.1780608947|1784965088,530596093.1780608947,1784965088,google,organic,(organic),1784965088400648,https://terminusmaximus.com/replay-library/,,https://terminusmaximus.com/,terminusmaximus.com,,/replay-library/,true,false,3,3,1,false,false,true,true,false,false,false,false,false
Available export: 2026-07-14 to 2026-08-04 (22 days),2026-07-25,530596093.1780608947|1784993171,530596093.1780608947,1784993171,google,organic,(organic),1784993171569715,https://terminusmaximus.com/replay-library/,,,,,/replay-library/,true,false,16,16,1,false,false,true,true,false,false,false,false,false
Available export: 2026-07-14 to 2026-08-04 (22 days),2026-07-25,530596093.1780608947|1784998025,530596093.1780608947,1784998025,google,organic,(organic),1784998025733440,https://terminusmaximus.com/replay-library/,,,,,,true,false,1,1,1,false,true,false,false,false,false,false,false,false
Available export: 2026-07-14 to 2026-08-04 (22 days),2026-07-25,549189771.1785025993|1785025993,549189771.1785025993,1785025993,(direct),(none),(direct),1785025993319023,https://terminusmaximus.com/replay-library/,,,,,/guild-raid/,true,false,3,1,1,false,false,true,false,false,true,false,false,false
Available export: 2026-07-14 to 2026-08-04 (22 days),2026-07-25,549189771.1785025993|1785032967,549189771.1785025993,1785032967,(direct),(none),(direct),1785032968057534,https://terminusmaximus.com/replay-library/,,,,/guild-raid/,,false,true,2,1,1,false,false,true,false,false,false,false,false,false
Available export: 2026-07-14 to 2026-08-04 (22 days),2026-07-25,585271425.1784037398|1784970517,585271425.1784037398,1784970517,reddit,post,s105,1784970517468055,https://terminusmaximus.com/replay-library/,,https://terminusmaximus.com/replay-library/?utm_source=reddit&utm_medium=post&utm_campaign=s105,terminusmaximus.com,,,true,false,1,1,1,false,true,false,false,false,false,false,false,false
Available export: 2026-07-14 to 2026-08-04 (22 days),2026-07-25,585271425.1784037398|1785009227,585271425.1784037398,1785009227,reddit,post,s105,1785009228052891,https://terminusmaximus.com/replay-library/,,https://terminusmaximus.com/replay-library/?utm_source=reddit&utm_medium=post&utm_campaign=s105,terminusmaximus.com,,,true,false,1,1,1,false,true,false,false,false,false,false,false,false
Available export: 2026-07-14 to 2026-08-04 (22 days),2026-07-25,585271425.1784037398|1785041134,585271425.1784037398,1785041134,reddit,post,s105,1785041134415452,https://terminusmaximus.com/replay-library/,,https://terminusmaximus.com/replay-library/?utm_source=reddit&utm_medium=post&utm_campaign=s105,terminusmaximus.com,,,true,false,1,1,1,false,true,false,false,false,false,false,false,false
Available export: 2026-07-14 to 2026-08-04 (22 days),2026-07-25,585271425.1784037398|1785043341,585271425.1784037398,1785043341,reddit,post,s105,1785043341719132,https://terminusmaximus.com/replay-library/,,https://terminusmaximus.com/replay-library/?utm_source=reddit&utm_medium=post&utm_campaign=s105,terminusmaximus.com,,,true,false,1,1,1,false,true,false,false,false,false,false,false,false
Available export: 2026-07-14 to 2026-08-04 (22 days),2026-07-25,585271425.1784037398|1785046553,585271425.1784037398,1785046553,reddit,post,s105,1785046553700250,https://terminusmaximus.com/replay-library/,,https://terminusmaximus.com/replay-library/?utm_source=reddit&utm_medium=post&utm_campaign=s105,terminusmaximus.com,,,true,false,1,1,1,false,true,false,false,false,false,false,false,false
Available export: 2026-07-14 to 2026-08-04 (22 days),2026-07-25,624513024.1783707660|1785002877,624513024.1783707660,1785002877,reddit,post,s106,1785002877932663,https://terminusmaximus.com/replay-library/?utm_source=reddit&utm_medium=post&utm_campaign=s106,utm_source=reddit&utm_medium=post&utm_campaign=s106,,,,/replay-library/,true,false,9,9,1,false,false,true,true,false,false,false,false,false
Available export: 2026-07-14 to 2026-08-04 (22 days),2026-07-25,776182018.1784139373|1785004197,776182018.1784139373,1785004197,(direct),(none),(direct),1785004197306126,https://terminusmaximus.com/replay-library/,,,,,,true,false,1,1,1,false,true,false,false,false,false,false,false,false
Available export: 2026-07-14 to 2026-08-04 (22 days),2026-07-25,780341066.1784977758|1784977758,780341066.1784977758,1784977758,google,organic,(organic),1784977827955367,https://terminusmaximus.com/replay-library/,,https://terminusmaximus.com/guild-raid/s105/,terminusmaximus.com,/guild-raid/s105/,/replay-library/,false,true,8,5,1,false,false,true,true,false,false,false,false,false
Available export: 2026-07-14 to 2026-08-04 (22 days),2026-07-25,780341066.1784977758|1784982997,780341066.1784977758,1784982997,google,organic,(organic),1784982998061654,https://terminusmaximus.com/replay-library/?boss=Dorn&team=Laviscus&map=Dorn_04&tier=L2,boss=Dorn&team=Laviscus&map=Dorn_04&tier=L2,https://terminusmaximus.com/guild-raid/s105/,terminusmaximus.com,,/replay-library/,true,false,2,2,1,false,false,true,true,false,false,false,false,false
Available export: 2026-07-14 to 2026-08-04 (22 days),2026-07-25,780341066.1784977758|1784998303,780341066.1784977758,1784998303,google,organic,(organic),1784998304090554,https://terminusmaximus.com/replay-library/?boss=Avatar&team=Laviscus,boss=Avatar&team=Laviscus,https://terminusmaximus.com/guild-raid/s105/,terminusmaximus.com,,/replay-library/,true,false,2,2,1,false,false,true,true,false,false,false,false,false
Available export: 2026-07-14 to 2026-08-04 (22 days),2026-07-25,780341066.1784977758|1785019171,780341066.1784977758,1785019171,google,organic,(organic),1785019171533153,https://terminusmaximus.com/replay-library/?boss=Avatar&team=Laviscus&tier=L3,boss=Avatar&team=Laviscus&tier=L3,https://terminusmaximus.com/guild-raid/s105/,terminusmaximus.com,,,true,false,1,1,1,false,true,false,false,false,false,false,false,false
Available export: 2026-07-14 to 2026-08-04 (22 days),2026-07-25,79942564.1785013982|1785013981,79942564.1785013982,1785013981,google,organic,(organic),1785013997883555,https://terminusmaximus.com/replay-library/,,https://terminusmaximus.com/,terminusmaximus.com,/,/replay-library/,false,true,7,2,1,false,false,true,true,false,false,false,false,false
Available export: 2026-07-14 to 2026-08-04 (22 days),2026-07-25,844611186.1785018839|1785018838,844611186.1785018839,1785018838,(direct),(none),(direct),1785018838936032,https://terminusmaximus.com/replay-library/,,,,,/replay-library/,true,false,10,10,1,false,false,true,true,false,false,false,false,false
Available export: 2026-07-14 to 2026-08-04 (22 days),2026-07-25,88011080.1784934505|1784934505,88011080.1784934505,1784934505,reddit,post,s106,1785022938526408,https://terminusmaximus.com/replay-library/,,https://terminusmaximus.com/guild-raid/s106/?utm_source=reddit&utm_medium=post&utm_campaign=s106,terminusmaximus.com,/guild-raid/s106/,/replay-library/,false,true,14,11,2,true,false,true,true,false,false,false,false,false
Available export: 2026-07-14 to 2026-08-04 (22 days),2026-07-25,998824392.1784031662|1785003912,998824392.1784031662,1785003912,reddit,post,s105,1785003913719853,https://terminusmaximus.com/replay-library/?utm_source=reddit&utm_medium=post&utm_campaign=s105,utm_source=reddit&utm_medium=post&utm_campaign=s105,,,,,true,false,1,1,1,false,true,false,false,false,false,false,false,false
Available export: 2026-07-14 to 2026-08-04 (22 days),2026-07-26,1068718977.1781542295|1785054726,1068718977.1781542295,1785054726,google,organic,(organic),1785054727401856,https://terminusmaximus.com/replay-library/?boss=Cawl&team=Laviscus&tier=L4,boss=Cawl&team=Laviscus&tier=L4,https://terminusmaximus.com/guild-raid/s105/,terminusmaximus.com,,/guild-raid/s105/,true,false,2,1,1,false,false,true,false,false,false,false,false,false
Available export: 2026-07-14 to 2026-08-04 (22 days),2026-07-26,1072113099.1780609127|1785117396,1072113099.1780609127,1785117396,reddit,post,s105,1785117395496375,https://terminusmaximus.com/replay-library/,,,,,,true,false,1,1,1,false,true,false,false,false,false,false,false,false
Available export: 2026-07-14 to 2026-08-04 (22 days),2026-07-26,1079571534.1784036714|1785051285,1079571534.1784036714,1785051285,reddit,post,s105,1785051285336284,https://terminusmaximus.com/replay-library/?utm_source=reddit&utm_medium=post&utm_campaign=s105,utm_source=reddit&utm_medium=post&utm_campaign=s105,,,,,true,false,1,1,1,false,true,false,false,false,false,false,false,false
Available export: 2026-07-14 to 2026-08-04 (22 days),2026-07-26,111613413.1784280081|1785060247,111613413.1784280081,1785060247,google,organic,(organic),1785060248699570,https://terminusmaximus.com/replay-library/?boss=Lion&map=Lion_02&tier=L5,boss=Lion&map=Lion_02&tier=L5,https://terminusmaximus.com/guild-raid/boss-meta/,terminusmaximus.com,,,true,false,1,1,1,false,true,false,false,false,false,false,false,false
Available export: 2026-07-14 to 2026-08-04 (22 days),2026-07-26,1122305543.1780944578|1785084440,1122305543.1780944578,1785084440,reddit,post,mow2026,1785084439398030,https://terminusmaximus.com/replay-library/?boss=Dorn&team=Laviscus&map=Dorn_04,boss=Dorn&team=Laviscus&map=Dorn_04,,,,/replay-library/,true,false,3,3,1,false,false,true,true,false,false,false,false,false
Available export: 2026-07-14 to 2026-08-04 (22 days),2026-07-26,1122305543.1780944578|1785095079,1122305543.1780944578,1785095079,reddit,post,mow2026,1785095078405781,https://terminusmaximus.com/replay-library/?boss=Cawl&team=Laviscus,boss=Cawl&team=Laviscus,,,,,true,false,1,1,1,false,true,false,false,false,false,false,false,false
Available export: 2026-07-14 to 2026-08-04 (22 days),2026-07-26,1156254222.1780758636|1785083121,1156254222.1780758636,1785083121,reddit,post,lucius-lre,1785083161323903,https://terminusmaximus.com/replay-library/,,https://terminusmaximus.com/guild-raid/boss-meta/,terminusmaximus.com,/guild-raid/boss-meta/,/guild-raid/s105/,false,true,4,1,1,false,false,true,false,false,false,false,false,false
Available export: 2026-07-14 to 2026-08-04 (22 days),2026-07-26,1182746816.1784121078|1785113828,1182746816.1784121078,1785113828,reddit,post,s105,1785113828679634,https://terminusmaximus.com/replay-library/?utm_source=reddit&utm_medium=post&utm_campaign=s105,utm_source=reddit&utm_medium=post&utm_campaign=s105,,,,/replay-library/,true,false,6,6,1,false,false,true,true,false,false,false,false,false
Available export: 2026-07-14 to 2026-08-04 (22 days),2026-07-26,1186765260.1784277452|1785080648,1186765260.1784277452,1785080648,discord,post,boss-meta,1785080648950678,https://terminusmaximus.com/replay-library/?boss=Cawl&team=Neuro,boss=Cawl&team=Neuro,https://terminusmaximus.com/guild-raid/boss-meta/?utm_source=discord&utm_medium=post&utm_campaign=boss-meta,terminusmaximus.com,,,true,false,1,1,1,false,true,false,false,false,false,false,false,false
Available export: 2026-07-14 to 2026-08-04 (22 days),2026-07-26,1195083193.1781348793|1785066850,1195083193.1781348793,1785066850,google,organic,(organic),1785066873653455,https://terminusmaximus.com/replay-library/,,https://terminusmaximus.com/guild-raid/boss-meta/,terminusmaximus.com,/guild-raid/boss-meta/,/replay-library/,false,true,15,8,2,true,false,true,true,false,false,false,false,false
Available export: 2026-07-14 to 2026-08-04 (22 days),2026-07-26,1195083193.1781348793|1785075516,1195083193.1781348793,1785075516,google,organic,(organic),1785075523597848,https://terminusmaximus.com/replay-library/,,https://terminusmaximus.com/beginner-guide/,terminusmaximus.com,/beginner-guide/,/replay-library/,false,true,16,10,3,true,false,true,true,false,false,false,false,false
Available export: 2026-07-14 to 2026-08-04 (22 days),2026-07-26,1274562076.1784685946|1785081683,1274562076.1784685946,1785081683,reddit,post,s105,1785081684046465,https://terminusmaximus.com/replay-library/?utm_source=reddit&utm_medium=post&utm_campaign=s105,utm_source=reddit&utm_medium=post&utm_campaign=s105,,,,/replay-library/,true,false,5,5,1,false,false,true,true,false,false,false,false,false
Available export: 2026-07-14 to 2026-08-04 (22 days),2026-07-26,1274562076.1784685946|1785103304,1274562076.1784685946,1785103304,reddit,post,s105,1785103304763934,https://terminusmaximus.com/replay-library/?utm_source=reddit&utm_medium=post&utm_campaign=s105&boss=Lion&tier=L5,utm_source=reddit&utm_medium=post&utm_campaign=s105&boss=Lion&tier=L5,,,,,true,false,1,1,1,false,true,false,false,false,false,false,false,false
Available export: 2026-07-14 to 2026-08-04 (22 days),2026-07-26,1329088566.1780506290|1785052789,1329088566.1780506290,1785052789,discord,post,boss-meta,1785052792056050,https://terminusmaximus.com/replay-library/,,,,,/replay-library/,true,false,2,2,1,false,false,true,true,false,false,false,false,false
Available export: 2026-07-14 to 2026-08-04 (22 days),2026-07-26,1329088566.1780506290|1785114511,1329088566.1780506290,1785114511,discord,post,boss-meta,1785114513326297,https://terminusmaximus.com/replay-library/,,,,,/replay-library/,true,false,4,4,1,false,false,true,true,false,false,false,false,false
Available export: 2026-07-14 to 2026-08-04 (22 days),2026-07-26,1330085543.1784224204|1785133324,1330085543.1784224204,1785133324,google,organic,(organic),1785133324690957,https://terminusmaximus.com/replay-library/?boss=Lion&team=Laviscus&tier=L5,boss=Lion&team=Laviscus&tier=L5,,,,/replay-library/,true,false,4,4,1,false,false,true,true,false,false,false,false,false
Available export: 2026-07-14 to 2026-08-04 (22 days),2026-07-26,1353535791.1784042323|1785063859,1353535791.1784042323,1785063859,reddit,post,s105,1785063860007530,https://terminusmaximus.com/replay-library/,,,,,/,true,false,5,1,1,false,false,true,false,false,true,false,false,false
Available export: 2026-07-14 to 2026-08-04 (22 days),2026-07-26,1364649579.1785093517|1785093517,1364649579.1785093517,1785093517,google,organic,(organic),1785093576246317,https://terminusmaximus.com/replay-library/,,https://terminusmaximus.com/,terminusmaximus.com,/,/replay-library/,false,true,4,2,1,false,false,true,true,false,true,false,false,false
Available export: 2026-07-14 to 2026-08-04 (22 days),2026-07-26,1467181830.1785076515|1785076515,1467181830.1785076515,1785076515,google,organic,(organic),1785076520834605,https://terminusmaximus.com/replay-library/,,https://terminusmaximus.com/,terminusmaximus.com,/,/replay-library/,false,true,7,3,1,false,false,true,true,false,false,false,false,false
Available export: 2026-07-14 to 2026-08-04 (22 days),2026-07-26,1504857943.1784205943|1785070287,1504857943.1784205943,1785070287,(direct),(none),(direct),1785070288021518,https://terminusmaximus.com/replay-library/,,,,,/replay-library/,true,false,6,6,1,false,false,true,true,false,false,false,false,false
Available export: 2026-07-14 to 2026-08-04 (22 days),2026-07-26,1518343288.1785015770|1785081627,1518343288.1785015770,1785081627,reddit,post,s105,1785081628105267,https://terminusmaximus.com/replay-library/?boss=Avatar,boss=Avatar,,,,,true,false,1,1,1,false,true,false,false,false,false,false,false,false
Available export: 2026-07-14 to 2026-08-04 (22 days),2026-07-26,1527408701.1785082555|1785082554,1527408701.1785082555,1785082554,google,organic,(organic),1785082784202836,https://terminusmaximus.com/replay-library/,,https://terminusmaximus.com/guild-raid/,terminusmaximus.com,/guild-raid/s105/,/incursion-mow/,false,true,16,1,1,false,false,true,false,false,false,false,false,false
Available export: 2026-07-14 to 2026-08-04 (22 days),2026-07-26,15565459.1785078462|1785078461,15565459.1785078462,1785078461,(direct),(none),(direct),1785078462114253,https://terminusmaximus.com/replay-library/?boss=Dorn&map=Dorn_04,boss=Dorn&map=Dorn_04,,,,,true,false,1,1,1,false,true,false,false,false,false,false,false,false
Available export: 2026-07-14 to 2026-08-04 (22 days),2026-07-26,1598406175.1785130487|1785130486,1598406175.1785130487,1785130486,reddit,post,elite-campaigns,1785130640932844,https://terminusmaximus.com/replay-library/,,https://terminusmaximus.com/?utm_source=reddit&utm_medium=post&utm_campaign=elite-campaigns,terminusmaximus.com,/elite-campaigns/,/replay-library/,false,true,5,2,1,false,false,true,true,false,false,false,false,false
Available export: 2026-07-14 to 2026-08-04 (22 days),2026-07-26,1661015216.1783772823|1785094713,1661015216.1783772823,1785094713,reddit,post,s105,1785094715636539,https://terminusmaximus.com/replay-library/?boss=Riptide&team=Laviscus,boss=Riptide&team=Laviscus,https://terminusmaximus.com/guild-raid/s105/,terminusmaximus.com,,/replay-library/,true,false,4,4,1,false,false,true,true,false,false,false,false,false
Available export: 2026-07-14 to 2026-08-04 (22 days),2026-07-26,1694406866.1781479955|1785058566,1694406866.1781479955,1785058566,reddit,post,s106,1785058650051602,https://terminusmaximus.com/replay-library/,,https://terminusmaximus.com/guild-raid/s106/?utm_source=reddit&utm_medium=post&utm_campaign=s106,terminusmaximus.com,/guild-raid/s106/,/replay-library/,false,true,28,23,3,true,false,true,true,false,false,false,false,false
Available export: 2026-07-14 to 2026-08-04 (22 days),2026-07-26,1694406866.1781479955|1785099984,1694406866.1781479955,1785099984,reddit,post,mow2026,1785099981949547,https://terminusmaximus.com/replay-library/,,https://terminusmaximus.com/?utm_source=reddit&utm_medium=post&utm_campaign=mow2026,terminusmaximus.com,/,/replay-library/,false,true,25,24,1,false,false,true,true,false,false,false,false,false
Available export: 2026-07-14 to 2026-08-04 (22 days),2026-07-26,1694406866.1781479955|1785125630,1694406866.1781479955,1785125630,reddit,post,mow2026,1785125626789775,https://terminusmaximus.com/replay-library/,,https://terminusmaximus.com/?utm_source=reddit&utm_medium=post&utm_campaign=mow2026,terminusmaximus.com,/,/replay-library/,false,true,23,18,5,true,false,true,true,false,false,false,false,false
Available export: 2026-07-14 to 2026-08-04 (22 days),2026-07-26,1803433454.1783751346|1785077796,1803433454.1783751346,1785077796,google,organic,(organic),1785077796573360,https://terminusmaximus.com/replay-library/,,,,,/replay-library/,true,false,6,6,1,false,false,true,true,false,false,false,false,false
Available export: 2026-07-14 to 2026-08-04 (22 days),2026-07-26,1803433454.1783751346|1785087011,1803433454.1783751346,1785087011,google,organic,(organic),1785087011389054,https://terminusmaximus.com/replay-library/?boss=Magnus&team=Custodes&map=Magnus_03&excludeHero=Helb,boss=Magnus&team=Custodes&map=Magnus_03&excludeHero=Helb,,,,,true,false,1,1,1,false,true,false,false,false,false,false,false,false
Available export: 2026-07-14 to 2026-08-04 (22 days),2026-07-26,1807258352.1785064515|1785064514,1807258352.1785064515,1785064514,reddit,post,s106,1785064515162716,https://terminusmaximus.com/replay-library/?utm_source=reddit&utm_medium=post&utm_campaign=s106,utm_source=reddit&utm_medium=post&utm_campaign=s106,https://www.reddit.com/,www.reddit.com,,/replay-library/,true,false,2,2,1,false,false,true,true,false,false,false,false,false
Available export: 2026-07-14 to 2026-08-04 (22 days),2026-07-26,1807258352.1785064515|1785068743,1807258352.1785064515,1785068743,reddit,post,s106,1785068743507092,https://terminusmaximus.com/replay-library/?utm_source=reddit&utm_medium=post&utm_campaign=s106&boss=Lion,utm_source=reddit&utm_medium=post&utm_campaign=s106&boss=Lion,https://www.reddit.com/,www.reddit.com,,,true,false,1,1,1,false,true,false,false,false,false,false,false,false
Available export: 2026-07-14 to 2026-08-04 (22 days),2026-07-26,1807258352.1785064515|1785071012,1807258352.1785064515,1785071012,reddit,post,s106,1785071012553046,https://terminusmaximus.com/replay-library/?utm_source=reddit&utm_medium=post&utm_campaign=s106&boss=Lion,utm_source=reddit&utm_medium=post&utm_campaign=s106&boss=Lion,https://www.reddit.com/,www.reddit.com,,,true,false,1,1,1,false,true,false,false,false,false,false,false,false
Available export: 2026-07-14 to 2026-08-04 (22 days),2026-07-26,1807258352.1785064515|1785080451,1807258352.1785064515,1785080451,reddit,post,s106,1785080451891386,https://terminusmaximus.com/replay-library/?utm_source=reddit&utm_medium=post&utm_campaign=s106&boss=Lion,utm_source=reddit&utm_medium=post&utm_campaign=s106&boss=Lion,https://www.reddit.com/,www.reddit.com,,,true,false,1,1,1,false,true,false,false,false,false,false,false,false
Available export: 2026-07-14 to 2026-08-04 (22 days),2026-07-26,1811465465.1785052798|1785052798,1811465465.1785052798,1785052798,(direct),(none),(direct),1785052798203971,https://terminusmaximus.com/replay-library/,,,,,/replay-library/,true,false,5,5,1,false,false,true,true,false,false,false,false,false
Available export: 2026-07-14 to 2026-08-04 (22 days),2026-07-26,1835310830.1784933506|1785097510,1835310830.1784933506,1785097510,(direct),(none),(direct),1785097509465003,https://terminusmaximus.com/replay-library/,,,,,/replay-library/,true,false,3,3,1,false,false,true,true,false,false,false,false,false
Available export: 2026-07-14 to 2026-08-04 (22 days),2026-07-26,1866777941.1785076414|1785076413,1866777941.1785076414,1785076413,(direct),(none),(direct),1785076414025770,https://terminusmaximus.com/replay-library/?boss=Dorn&map=Dorn_04,boss=Dorn&map=Dorn_04,,,,,true,false,1,1,1,false,true,false,false,false,false,false,false,false
Available export: 2026-07-14 to 2026-08-04 (22 days),2026-07-26,1945683098.1785016449|1785090380,1945683098.1785016449,1785090380,reddit,post,s105,1785090393677970,https://terminusmaximus.com/replay-library/,,https://terminusmaximus.com/,terminusmaximus.com,/,/replay-library/,false,true,9,8,1,false,false,true,true,false,false,false,false,false
Available export: 2026-07-14 to 2026-08-04 (22 days),2026-07-26,1950028303.1780442653|1785108161,1950028303.1780442653,1785108161,(direct),(none),(direct),1785108173603516,https://www.terminusmaximus.com/replay-library/,,https://www.terminusmaximus.com/,www.terminusmaximus.com,/,/replay-library/,false,true,8,5,1,false,false,true,true,false,false,false,false,false
Available export: 2026-07-14 to 2026-08-04 (22 days),2026-07-26,2000191208.1784273230|1785056617,2000191208.1784273230,1785056617,google,organic,(organic),1785056619879033,https://terminusmaximus.com/replay-library/,,https://www.google.com/,www.google.com,,,true,false,1,1,1,false,true,false,false,false,false,false,false,false
Available export: 2026-07-14 to 2026-08-04 (22 days),2026-07-26,2028680531.1784083399|1785078521,2028680531.1784083399,1785078521,reddit,post,s106,1785078546366503,https://terminusmaximus.com/replay-library/?utm_source=reddit&utm_medium=post&utm_campaign=s106&boss=Avatar,utm_source=reddit&utm_medium=post&utm_campaign=s106&boss=Avatar,https://terminusmaximus.com/replay-library/?utm_source=reddit&utm_medium=post&utm_campaign=s106,terminusmaximus.com,,,true,false,1,1,1,false,true,false,false,false,false,false,false,false
Available export: 2026-07-14 to 2026-08-04 (22 days),2026-07-26,2111859797.1784029962|1785113302,2111859797.1784029962,1785113302,reddit,post,s105,1785113330718932,https://terminusmaximus.com/replay-library/?utm_source=reddit&utm_medium=post&utm_campaign=s105&boss=Cawl&team=Laviscus&map=Cawl_01,utm_source=reddit&utm_medium=post&utm_campaign=s105&boss=Cawl&team=Laviscus&map=Cawl_01,,,,,true,false,1,1,1,false,true,false,false,false,false,false,false,false
Available export: 2026-07-14 to 2026-08-04 (22 days),2026-07-26,289636546.1784216912|1785091716,289636546.1784216912,1785091716,(direct),(none),(direct),1785091716499853,https://terminusmaximus.com/replay-library/,,,,,/replay-library/,true,false,2,2,1,false,false,true,true,false,false,false,false,false
Available export: 2026-07-14 to 2026-08-04 (22 days),2026-07-26,304693092.1780793221|1785098847,304693092.1780793221,1785098847,(direct),(none),(direct),1785098843628504,https://terminusmaximus.com/replay-library/,,https://terminusmaximus.com/,terminusmaximus.com,/,/beginner-guide/,false,true,4,1,1,false,false,true,false,false,false,false,false,false
Available export: 2026-07-14 to 2026-08-04 (22 days),2026-07-26,359406148.1785126158|1785126157,359406148.1785126158,1785126157,(direct),(none),(direct),1785126157927132,https://terminusmaximus.com/replay-library/,,https://terminusmaximus.com/replay-library/?utm_source=reddit&utm_medium=post&utm_campaign=s105,terminusmaximus.com,,,true,false,1,1,1,false,true,false,false,false,false,false,false,false
Available export: 2026-07-14 to 2026-08-04 (22 days),2026-07-26,360651704.1780689144|1785067491,360651704.1780689144,1785067491,ecosia.org,organic,(organic),1785067491853755,https://terminusmaximus.com/replay-library/?boss=Avatar,boss=Avatar,https://terminusmaximus.com/,terminusmaximus.com,,/replay-library/,true,false,9,9,1,false,false,true,true,false,false,false,false,false
Available export: 2026-07-14 to 2026-08-04 (22 days),2026-07-26,360651704.1780689144|1785101049,360651704.1780689144,1785101049,ecosia.org,organic,(organic),1785101050156566,https://terminusmaximus.com/replay-library/?boss=Dorn&map=Dorn_04,boss=Dorn&map=Dorn_04,https://terminusmaximus.com/,terminusmaximus.com,,/replay-library/,true,false,4,4,1,false,false,true,true,false,false,false,false,false
Available export: 2026-07-14 to 2026-08-04 (22 days),2026-07-26,39400617.1784402427|1785051751,39400617.1784402427,1785051751,google,organic,(organic),1785051760715851,https://terminusmaximus.com/replay-library/,,https://terminusmaximus.com/,terminusmaximus.com,/,/replay-library/,false,true,5,4,1,false,false,true,true,false,false,false,false,false
Available export: 2026-07-14 to 2026-08-04 (22 days),2026-07-26,39400617.1784402427|1785057802,39400617.1784402427,1785057802,google,organic,(organic),1785057802799847,https://terminusmaximus.com/replay-library/?boss=Dorn&map=Dorn_04&tier=L2,boss=Dorn&map=Dorn_04&tier=L2,https://terminusmaximus.com/,terminusmaximus.com,,,true,false,1,1,1,false,true,false,false,false,false,false,false,false
Available export: 2026-07-14 to 2026-08-04 (22 days),2026-07-26,415067581.1783749267|1785092831,415067581.1783749267,1785092831,(direct),(none),(direct),1785092990546959,https://terminusmaximus.com/replay-library/,,https://terminusmaximus.com/guild-raid/s106/,terminusmaximus.com,/guild-raid/s106/,/replay-library/,false,true,19,15,1,false,false,true,true,false,true,false,false,false
Available export: 2026-07-14 to 2026-08-04 (22 days),2026-07-26,424805763.1785108404|1785108403,424805763.1785108404,1785108403,google,organic,(organic),1785108414232151,https://terminusmaximus.com/replay-library/,,https://terminusmaximus.com/guild-raid/boss-meta/,terminusmaximus.com,/guild-raid/boss-meta/,/replay-library/,false,true,12,10,1,false,false,true,true,false,false,false,false,false
Available export: 2026-07-14 to 2026-08-04 (22 days),2026-07-26,528877448.1785102306|1785102306,528877448.1785102306,1785102306,reddit,post,s106,1785102307466249,https://terminusmaximus.com/replay-library/?utm_source=reddit&utm_medium=post&utm_campaign=s106,utm_source=reddit&utm_medium=post&utm_campaign=s106,https://old.reddit.com/r/WH40KTacticus/comments/1v6es5a/infographic_guild_raid_guide_season_106_the_lion/,old.reddit.com,,/replay-library/,true,false,3,3,1,false,false,true,true,false,false,false,false,false
Available export: 2026-07-14 to 2026-08-04 (22 days),2026-07-26,530596093.1780608947|1785056545,530596093.1780608947,1785056545,google,organic,(organic),1785056545349930,https://terminusmaximus.com/replay-library/,,,,,/replay-library/,true,false,3,3,1,false,false,true,true,false,false,false,false,false
Available export: 2026-07-14 to 2026-08-04 (22 days),2026-07-26,585271425.1784037398|1785067679,585271425.1784037398,1785067679,reddit,post,s105,1785067679961769,https://terminusmaximus.com/replay-library/,,https://terminusmaximus.com/replay-library/?utm_source=reddit&utm_medium=post&utm_campaign=s105,terminusmaximus.com,,,true,false,1,1,1,false,true,false,false,false,false,false,false,false
Available export: 2026-07-14 to 2026-08-04 (22 days),2026-07-26,585271425.1784037398|1785077806,585271425.1784037398,1785077806,reddit,post,s105,1785077806407748,https://terminusmaximus.com/replay-library/,,https://terminusmaximus.com/replay-library/?utm_source=reddit&utm_medium=post&utm_campaign=s105,terminusmaximus.com,,,true,false,1,1,1,false,true,false,false,false,false,false,false,false
Available export: 2026-07-14 to 2026-08-04 (22 days),2026-07-26,585271425.1784037398|1785092513,585271425.1784037398,1785092513,reddit,post,s105,1785092513291516,https://terminusmaximus.com/replay-library/,,https://terminusmaximus.com/replay-library/?utm_source=reddit&utm_medium=post&utm_campaign=s105,terminusmaximus.com,,,true,false,1,1,1,false,true,false,false,false,false,false,false,false
Available export: 2026-07-14 to 2026-08-04 (22 days),2026-07-26,585271425.1784037398|1785095407,585271425.1784037398,1785095407,reddit,post,s105,1785095408012648,https://terminusmaximus.com/replay-library/,,https://terminusmaximus.com/replay-library/?utm_source=reddit&utm_medium=post&utm_campaign=s105,terminusmaximus.com,,,true,false,1,1,1,false,true,false,false,false,false,false,false,false
Available export: 2026-07-14 to 2026-08-04 (22 days),2026-07-26,600377017.1781438958|1785052974,600377017.1781438958,1785052974,google,organic,(organic),1785053020664435,https://terminusmaximus.com/replay-library/,,https://terminusmaximus.com/beginner-guide/,terminusmaximus.com,/beginner-guide/,/,false,true,12,1,1,false,false,true,false,false,false,false,false,false
Available export: 2026-07-14 to 2026-08-04 (22 days),2026-07-26,621717784.1785116160|1785116160,621717784.1785116160,1785116160,(direct),(none),(direct),1785116160612280,https://terminusmaximus.com/replay-library/,,,,,/replay-library/,true,false,7,7,1,false,false,true,true,false,false,false,false,false
Available export: 2026-07-14 to 2026-08-04 (22 days),2026-07-26,679993889.1785098560|1785108423,679993889.1785098560,1785108423,(direct),(none),(direct),1785108424027503,https://terminusmaximus.com/replay-library/,,,,,/replay-library/,true,false,3,2,1,false,false,true,true,false,false,false,false,false
Available export: 2026-07-14 to 2026-08-04 (22 days),2026-07-26,690906611.1784220034|1785087643,690906611.1784220034,1785087643,google,organic,(organic),1785087738270839,https://terminusmaximus.com/replay-library/?boss=Magnus&team=Laviscus&map=Magnus_03,boss=Magnus&team=Laviscus&map=Magnus_03,,,,,true,false,1,1,1,false,true,false,false,false,false,false,false,false
Available export: 2026-07-14 to 2026-08-04 (22 days),2026-07-26,690906611.1784220034|1785129993,690906611.1784220034,1785129993,google,organic,(organic),1785129994542852,https://terminusmaximus.com/replay-library/?boss=Dorn&team=Laviscus,boss=Dorn&team=Laviscus,https://terminusmaximus.com/replay-library/?boss=Magnus&team=Laviscus&map=Magnus_03,terminusmaximus.com,,/replay-library/,true,false,4,4,1,false,false,true,true,false,false,false,false,false
Available export: 2026-07-14 to 2026-08-04 (22 days),2026-07-26,754698492.1783205204|1785084961,754698492.1783205204,1785084961,(direct),(none),(direct),1785084961475411,https://terminusmaximus.com/replay-library/,,https://terminusmaximus.com/guild-raid/,terminusmaximus.com,,,true,false,1,1,1,false,true,false,false,false,false,false,false,false
Available export: 2026-07-14 to 2026-08-04 (22 days),2026-07-26,754698492.1783205204|1785111905,754698492.1783205204,1785111905,(direct),(none),(direct),1785113792449775,https://terminusmaximus.com/replay-library/,,https://terminusmaximus.com/guild-raid/,terminusmaximus.com,/guild-raid/,/replay-library/,false,true,16,15,1,false,false,true,true,false,false,false,false,false
Available export: 2026-07-14 to 2026-08-04 (22 days),2026-07-26,776182018.1784139373|1785050092,776182018.1784139373,1785050092,(direct),(none),(direct),1785050092919605,https://terminusmaximus.com/replay-library/,,,,,,true,false,1,1,1,false,true,false,false,false,false,false,false,false
Available export: 2026-07-14 to 2026-08-04 (22 days),2026-07-26,780341066.1784977758|1785056733,780341066.1784977758,1785056733,google,organic,(organic),1785056734235059,https://terminusmaximus.com/replay-library/?boss=Avatar&team=Laviscus&tier=L3,boss=Avatar&team=Laviscus&tier=L3,https://terminusmaximus.com/guild-raid/s105/,terminusmaximus.com,,,true,false,1,1,1,false,true,false,false,false,false,false,false,false
Available export: 2026-07-14 to 2026-08-04 (22 days),2026-07-26,88011080.1784934505|1785037227,88011080.1784934505,1785037227,reddit,post,s106,1785080222843650,https://terminusmaximus.com/replay-library/?team=Laviscus,team=Laviscus,,,,/replay-library/,true,false,7,7,1,false,false,true,true,false,false,false,false,false
Available export: 2026-07-14 to 2026-08-04 (22 days),2026-07-27,1028809547.1785186979|1785186978,1028809547.1785186979,1785186978,(direct),(none),(direct),1785186986962566,https://terminusmaximus.com/replay-library/,,https://terminusmaximus.com/,terminusmaximus.com,/,/replay-library/,false,true,5,2,1,false,false,true,true,false,false,false,false,false
Available export: 2026-07-14 to 2026-08-04 (22 days),2026-07-27,1068718977.1781542295|1785171185,1068718977.1781542295,1785171185,google,organic,(organic),1785171207247424,https://terminusmaximus.com/replay-library/,,https://terminusmaximus.com/guild-raid/s105/,terminusmaximus.com,/guild-raid/s105/,/replay-library/,false,true,5,4,1,false,false,true,true,false,false,false,false,false
Available export: 2026-07-14 to 2026-08-04 (22 days),2026-07-27,111613413.1784280081|1785135690,111613413.1784280081,1785135690,google,organic,(organic),1785135690668400,https://terminusmaximus.com/replay-library/?boss=Lion&map=Lion_02&tier=L5,boss=Lion&map=Lion_02&tier=L5,https://terminusmaximus.com/guild-raid/boss-meta/,terminusmaximus.com,,,true,false,1,1,1,false,true,false,false,false,false,false,false,false
Available export: 2026-07-14 to 2026-08-04 (22 days),2026-07-27,1167216690.1785196577|1785196576,1167216690.1785196577,1785196576,reddit,post,s106,1785196709753064,https://terminusmaximus.com/replay-library/,,https://terminusmaximus.com/guild-raid/s106/?utm_source=reddit&utm_medium=post&utm_campaign=s106,terminusmaximus.com,/guild-raid/s106/,/replay-library/,false,true,3,2,1,false,false,true,true,false,true,false,false,false
Available export: 2026-07-14 to 2026-08-04 (22 days),2026-07-27,1179130072.1785200457|1785200457,1179130072.1785200457,1785200457,reddit,post,s105,1785200457089824,https://terminusmaximus.com/replay-library/?utm_source=reddit&utm_medium=post&utm_campaign=s105&boss=Cawl&team=Laviscus&map=Cawl_01&tier=L4,utm_source=reddit&utm_medium=post&utm_campaign=s105&boss=Cawl&team=Laviscus&map=Cawl_01&tier=L4,https://www.reddit.com/,www.reddit.com,,,true,false,1,1,1,false,true,false,false,false,false,false,false,false
Available export: 2026-07-14 to 2026-08-04 (22 days),2026-07-27,119993823.1785200532|1785200531,119993823.1785200532,1785200531,reddit,post,s105,1785200531849222,https://terminusmaximus.com/replay-library/?utm_source=reddit&utm_medium=post&utm_campaign=s105&boss=Cawl&team=Laviscus&map=Cawl_01&tier=L4,utm_source=reddit&utm_medium=post&utm_campaign=s105&boss=Cawl&team=Laviscus&map=Cawl_01&tier=L4,https://www.reddit.com/,www.reddit.com,,,true,false,1,1,1,false,true,false,false,false,false,false,false,false
Available export: 2026-07-14 to 2026-08-04 (22 days),2026-07-27,1236828220.1783588427|1785141677,1236828220.1783588427,1785141677,google,organic,(organic),1785141680590779,https://terminusmaximus.com/replay-library/,,https://terminusmaximus.com/,terminusmaximus.com,/,/elite-campaigns/,false,true,3,1,1,false,false,true,false,false,false,false,false,false
Available export: 2026-07-14 to 2026-08-04 (22 days),2026-07-27,1248298120.1784135033|1785218278,1248298120.1784135033,1785218278,reddit,post,s105,1785218278939479,https://terminusmaximus.com/replay-library/?utm_source=reddit&utm_medium=post&utm_campaign=s105,utm_source=reddit&utm_medium=post&utm_campaign=s105,,,,/replay-library/,true,false,5,5,1,false,false,true,true,false,false,false,false,false
Available export: 2026-07-14 to 2026-08-04 (22 days),2026-07-27,1250091458.1782517562|1785166205,1250091458.1782517562,1785166205,reddit,post,elite-campaigns,1785166205867363,https://terminusmaximus.com/replay-library/,,,,,/replay-library/,true,false,7,7,1,false,false,true,true,false,false,false,false,false
Available export: 2026-07-14 to 2026-08-04 (22 days),2026-07-27,1261565544.1780757750|1785169710,1261565544.1780757750,1785169710,reddit,post,s105,1785169711828120,https://terminusmaximus.com/replay-library/?utm_source=reddit&utm_medium=post&utm_campaign=s105,utm_source=reddit&utm_medium=post&utm_campaign=s105,https://www.reddit.com/,www.reddit.com,,/guild-raid/s105/,true,false,13,12,2,true,false,true,true,false,false,false,false,false
Available export: 2026-07-14 to 2026-08-04 (22 days),2026-07-27,1275188175.1781809042|1785215952,1275188175.1781809042,1785215952,google,organic,(organic),1785215959357284,https://terminusmaximus.com/replay-library/,,https://terminusmaximus.com/,terminusmaximus.com,/,/replay-library/,false,true,5,4,1,false,false,true,true,false,false,false,false,false
Available export: 2026-07-14 to 2026-08-04 (22 days),2026-07-27,1285416221.1785196702|1785196702,1285416221.1785196702,1785196702,(direct),(none),(direct),1785196707109653,https://terminusmaximus.com/replay-library/,,https://terminusmaximus.com/,terminusmaximus.com,/,/replay-library/,false,true,21,19,2,true,false,true,true,false,false,false,false,false
Available export: 2026-07-14 to 2026-08-04 (22 days),2026-07-27,129306481.1780692222|1785187091,129306481.1780692222,1785187091,reddit,post,s106,1785187123621238,https://terminusmaximus.com/replay-library/,,https://terminusmaximus.com/,terminusmaximus.com,/,/replay-library/,false,true,6,3,1,false,false,true,true,false,false,false,false,false
Available export: 2026-07-14 to 2026-08-04 (22 days),2026-07-27,1330085543.1784224204|1785147449,1330085543.1784224204,1785147449,google,organic,(organic),1785147449286968,https://terminusmaximus.com/replay-library/?boss=Mortarion&team=Laviscus&map=Mortarion_03&tier=M1,boss=Mortarion&team=Laviscus&map=Mortarion_03&tier=M1,,,,,true,false,1,1,1,false,true,false,false,false,false,false,false,false
Available export: 2026-07-14 to 2026-08-04 (22 days),2026-07-27,1330103020.1784215710|1785188507,1330103020.1784215710,1785188507,reddit,post,s106,1785188525555885,https://terminusmaximus.com/replay-library/?utm_source=reddit&utm_medium=post&utm_campaign=s106,utm_source=reddit&utm_medium=post&utm_campaign=s106,https://www.reddit.com/,www.reddit.com,/guild-raid/s106/,/guild-raid/s106/,false,true,4,2,2,true,false,true,true,false,false,false,false,false
Available export: 2026-07-14 to 2026-08-04 (22 days),2026-07-27,1353535791.1784042323|1785185833,1353535791.1784042323,1785185833,reddit,post,s105,1785185834657983,https://terminusmaximus.com/replay-library/,,,,,/replay-library/,true,false,3,3,1,false,false,true,true,false,false,false,false,false
Available export: 2026-07-14 to 2026-08-04 (22 days),2026-07-27,1395036132.1785174218|1785174218,1395036132.1785174218,1785174218,(direct),(none),(direct),1785174219215194,https://terminusmaximus.com/replay-library/?boss=Lion,boss=Lion,,,,,true,false,1,1,1,false,true,false,false,false,false,false,false,false
Available export: 2026-07-14 to 2026-08-04 (22 days),2026-07-27,1424096740.1785145596|1785147901,1424096740.1785145596,1785147901,reddit,post,boss-meta,1785147909181159,https://terminusmaximus.com/replay-library/,,https://terminusmaximus.com/guild-raid/s104/,terminusmaximus.com,,/elite-campaigns/,true,false,2,1,1,false,false,true,false,false,false,false,false,false
Available export: 2026-07-14 to 2026-08-04 (22 days),2026-07-27,1504857943.1784205943|1785143563,1504857943.1784205943,1785143563,(direct),(none),(direct),1785143564559369,https://terminusmaximus.com/replay-library/,,,,,/replay-library/,true,false,6,6,1,false,false,true,true,false,false,false,false,false
Available export: 2026-07-14 to 2026-08-04 (22 days),2026-07-27,1525464228.1785017862|1785157374,1525464228.1785017862,1785157374,(direct),(none),(direct),1785157374871168,https://terminusmaximus.com/replay-library/,,,,,/replay-library/,true,false,6,6,1,false,false,true,true,false,false,false,false,false
Available export: 2026-07-14 to 2026-08-04 (22 days),2026-07-27,1525464228.1785017862|1785162552,1525464228.1785017862,1785162552,(direct),(none),(direct),1785162552719048,https://terminusmaximus.com/replay-library/,,,,,/replay-library/,true,false,4,4,1,false,false,true,true,false,false,false,false,false
Available export: 2026-07-14 to 2026-08-04 (22 days),2026-07-27,1543694110.1780440876|1785175127,1543694110.1780440876,1785175127,reddit,post,s106,1785175129309287,https://terminusmaximus.com/replay-library/,,https://terminusmaximus.com/,terminusmaximus.com,/,/replay-library/,false,true,4,2,1,false,false,true,true,false,false,false,false,false
Available export: 2026-07-14 to 2026-08-04 (22 days),2026-07-27,1543694110.1780440876|1785198323,1543694110.1780440876,1785198323,reddit,post,s106,1785198325764826,https://terminusmaximus.com/replay-library/,,https://terminusmaximus.com/,terminusmaximus.com,/,,false,true,2,1,1,false,false,true,false,false,false,false,false,false
Available export: 2026-07-14 to 2026-08-04 (22 days),2026-07-27,1581834745.1784223577|1785137084,1581834745.1784223577,1785137084,(direct),(none),(direct),1785137084453846,https://terminusmaximus.com/replay-library/,,,,,/replay-library/,true,false,3,3,1,false,false,true,true,false,false,false,false,false
Available export: 2026-07-14 to 2026-08-04 (22 days),2026-07-27,1617973791.1784216272|1785152660,1617973791.1784216272,1785152660,(direct),(none),(direct),1785152660984275,https://terminusmaximus.com/replay-library/,,,,,/replay-library/,true,false,6,6,1,false,false,true,true,false,false,false,false,false
Available export: 2026-07-14 to 2026-08-04 (22 days),2026-07-27,1633488629.1780456807|1785203215,1633488629.1780456807,1785203215,(direct),(none),(direct),1785203221551804,https://terminusmaximus.com/replay-library/,,https://terminusmaximus.com/,terminusmaximus.com,/,/replay-library/,false,true,3,2,1,false,false,true,true,false,false,false,false,false
Available export: 2026-07-14 to 2026-08-04 (22 days),2026-07-27,1633488629.1780456807|1785214603,1633488629.1780456807,1785214603,(direct),(none),(direct),1785214603282854,https://terminusmaximus.com/replay-library/?boss=Ghaz,boss=Ghaz,https://terminusmaximus.com/,terminusmaximus.com,,,true,false,1,1,1,false,true,false,false,false,false,false,false,false
Available export: 2026-07-14 to 2026-08-04 (22 days),2026-07-27,164947358.1785188955|1785188954,164947358.1785188955,1785188954,reddit,post,s106,1785188972097850,https://terminusmaximus.com/replay-library/?utm_source=reddit&utm_medium=post&utm_campaign=s106,utm_source=reddit&utm_medium=post&utm_campaign=s106,,,/guild-raid/s106/,,false,true,2,1,1,false,false,true,false,false,false,false,false,false
Available export: 2026-07-14 to 2026-08-04 (22 days),2026-07-27,1661015216.1783772823|1785179445,1661015216.1783772823,1785179445,reddit,post,s105,1785179445302705,https://terminusmaximus.com/replay-library/?boss=Avatar&team=Laviscus&map=Avatar_02&tier=L3,boss=Avatar&team=Laviscus&map=Avatar_02&tier=L3,https://terminusmaximus.com/guild-raid/s105/,terminusmaximus.com,,,true,false,1,1,1,false,true,false,false,false,false,false,false,false
Available export: 2026-07-14 to 2026-08-04 (22 days),2026-07-27,1661015216.1783772823|1785191761,1661015216.1783772823,1785191761,reddit,post,s105,1785191761693573,https://terminusmaximus.com/replay-library/?boss=Avatar&team=Laviscus&map=Avatar_02&tier=L2,boss=Avatar&team=Laviscus&map=Avatar_02&tier=L2,https://terminusmaximus.com/replay-library/?boss=Avatar&team=Laviscus&map=Avatar_02&tier=L3,terminusmaximus.com,,/replay-library/,true,false,2,2,1,false,false,true,true,false,false,false,false,false
Available export: 2026-07-14 to 2026-08-04 (22 days),2026-07-27,1664827746.1783703573|1785191748,1664827746.1783703573,1785191748,google,organic,(organic),1785191853935535,https://terminusmaximus.com/replay-library/,,https://terminusmaximus.com/guild-raid/s106/,terminusmaximus.com,/guild-raid/s106/,,false,true,3,1,1,false,false,true,false,false,false,false,false,false
Available export: 2026-07-14 to 2026-08-04 (22 days),2026-07-27,1694406866.1781479955|1785136449,1694406866.1781479955,1785136449,reddit,post,mow2026,1785136450045064,https://terminusmaximus.com/replay-library/,,https://terminusmaximus.com/?utm_source=reddit&utm_medium=post&utm_campaign=mow2026,terminusmaximus.com,/,/replay-library/,false,true,15,6,3,true,false,true,true,false,false,false,false,false
Available export: 2026-07-14 to 2026-08-04 (22 days),2026-07-27,1694406866.1781479955|1785174860,1694406866.1781479955,1785174860,reddit,post,s106,1785174853860998,https://terminusmaximus.com/replay-library/?utm_source=reddit&utm_medium=post&utm_campaign=s106,utm_source=reddit&utm_medium=post&utm_campaign=s106,https://www.reddit.com/,www.reddit.com,,/replay-library/,true,false,3,3,1,false,false,true,true,false,false,false,false,false
Available export: 2026-07-14 to 2026-08-04 (22 days),2026-07-27,1694406866.1781479955|1785188883,1694406866.1781479955,1785188883,reddit,post,s106,1785188877135449,https://terminusmaximus.com/replay-library/?utm_source=reddit&utm_medium=post&utm_campaign=s106,utm_source=reddit&utm_medium=post&utm_campaign=s106,https://www.reddit.com/,www.reddit.com,,/replay-library/,true,false,9,8,2,true,false,true,true,false,false,false,false,false
Available export: 2026-07-14 to 2026-08-04 (22 days),2026-07-27,1694406866.1781479955|1785200129,1694406866.1781479955,1785200129,reddit,post,mow2026,1785200124358733,https://terminusmaximus.com/replay-library/,,https://terminusmaximus.com/?utm_source=reddit&utm_medium=post&utm_campaign=mow2026,terminusmaximus.com,/,/replay-library/,false,true,11,10,1,false,false,true,true,false,false,false,false,false
Available export: 2026-07-14 to 2026-08-04 (22 days),2026-07-27,1694406866.1781479955|1785207001,1694406866.1781479955,1785207001,reddit,post,mow2026,1785206999188810,https://terminusmaximus.com/replay-library/,,https://terminusmaximus.com/?utm_source=reddit&utm_medium=post&utm_campaign=mow2026,terminusmaximus.com,/,/replay-library/,false,true,16,13,2,true,false,true,true,false,false,false,false,false
Available export: 2026-07-14 to 2026-08-04 (22 days),2026-07-27,1694406866.1781479955|1785215363,1694406866.1781479955,1785215363,reddit,post,mow2026,1785215358281766,https://terminusmaximus.com/replay-library/,,https://terminusmaximus.com/?utm_source=reddit&utm_medium=post&utm_campaign=mow2026,terminusmaximus.com,/,/replay-library/,false,true,53,47,6,true,false,true,true,false,false,false,false,false
Available export: 2026-07-14 to 2026-08-04 (22 days),2026-07-27,1750145351.1780773652|1785166953,1750145351.1780773652,1785166953,duckduckgo,organic,(organic),1785166958718982,https://terminusmaximus.com/replay-library/,,https://terminusmaximus.com/,terminusmaximus.com,/,/replay-library/,false,true,6,5,1,false,false,true,true,false,false,false,false,false
Available export: 2026-07-14 to 2026-08-04 (22 days),2026-07-27,1750145351.1780773652|1785178456,1750145351.1780773652,1785178456,duckduckgo,organic,(organic),1785178463352733,https://terminusmaximus.com/replay-library/,,https://terminusmaximus.com/,terminusmaximus.com,/,/replay-library/,false,true,6,5,1,false,false,true,true,false,false,false,false,false
Available export: 2026-07-14 to 2026-08-04 (22 days),2026-07-27,176561714.1780764571|1785147750,176561714.1780764571,1785147750,away.vk.com,referral,(referral),1785140808738466,https://terminusmaximus.com/replay-library/,,https://terminusmaximus.com/guild-raid/s106/,terminusmaximus.com,/guild-raid/s106/,/replay-library/,false,true,11,5,1,false,false,true,true,false,false,false,false,false
Available export: 2026-07-14 to 2026-08-04 (22 days),2026-07-27,1765798134.1785185653|1785185652,1765798134.1785185653,1785185652,reddit,post,s106,1785185653224845,https://terminusmaximus.com/replay-library/?utm_source=reddit&utm_medium=post&utm_campaign=s106,utm_source=reddit&utm_medium=post&utm_campaign=s106,android-app://com.reddit.frontpage/,com.reddit.frontpage,,,true,false,1,1,1,false,true,false,false,false,false,false,false,false
Available export: 2026-07-14 to 2026-08-04 (22 days),2026-07-27,1807258352.1785064515|1785140288,1807258352.1785064515,1785140288,reddit,post,s106,1785140288823928,https://terminusmaximus.com/replay-library/?utm_source=reddit&utm_medium=post&utm_campaign=s106&boss=Lion,utm_source=reddit&utm_medium=post&utm_campaign=s106&boss=Lion,https://www.reddit.com/,www.reddit.com,,,true,false,1,1,1,false,true,false,false,false,false,false,false,false
Available export: 2026-07-14 to 2026-08-04 (22 days),2026-07-27,1807258352.1785064515|1785146557,1807258352.1785064515,1785146557,reddit,post,s106,1785146557763112,https://terminusmaximus.com/replay-library/?utm_source=reddit&utm_medium=post&utm_campaign=s106&boss=Lion,utm_source=reddit&utm_medium=post&utm_campaign=s106&boss=Lion,https://www.reddit.com/,www.reddit.com,,,true,false,1,1,1,false,true,false,false,false,false,false,false,false
Available export: 2026-07-14 to 2026-08-04 (22 days),2026-07-27,1807258352.1785064515|1785152449,1807258352.1785064515,1785152449,reddit,post,s106,1785152449500560,https://terminusmaximus.com/replay-library/?utm_source=reddit&utm_medium=post&utm_campaign=s106&boss=Lion,utm_source=reddit&utm_medium=post&utm_campaign=s106&boss=Lion,https://www.reddit.com/,www.reddit.com,,,true,false,1,1,1,false,true,false,false,false,false,false,false,false
Available export: 2026-07-14 to 2026-08-04 (22 days),2026-07-27,1807258352.1785064515|1785159739,1807258352.1785064515,1785159739,reddit,post,s106,1785159740153377,https://terminusmaximus.com/replay-library/?utm_source=reddit&utm_medium=post&utm_campaign=s106&boss=Lion,utm_source=reddit&utm_medium=post&utm_campaign=s106&boss=Lion,https://www.reddit.com/,www.reddit.com,,,true,false,1,1,1,false,true,false,false,false,false,false,false,false
Available export: 2026-07-14 to 2026-08-04 (22 days),2026-07-27,1807258352.1785064515|1785165983,1807258352.1785064515,1785165983,reddit,post,s106,1785165984008368,https://terminusmaximus.com/replay-library/?utm_source=reddit&utm_medium=post&utm_campaign=s106&boss=Lion,utm_source=reddit&utm_medium=post&utm_campaign=s106&boss=Lion,https://www.reddit.com/,www.reddit.com,,,true,false,1,1,1,false,true,false,false,false,false,false,false,false
Available export: 2026-07-14 to 2026-08-04 (22 days),2026-07-27,1807258352.1785064515|1785169444,1807258352.1785064515,1785169444,reddit,post,s106,1785169444998006,https://terminusmaximus.com/replay-library/?utm_source=reddit&utm_medium=post&utm_campaign=s106&boss=Lion,utm_source=reddit&utm_medium=post&utm_campaign=s106&boss=Lion,https://www.reddit.com/,www.reddit.com,,,true,false,1,1,1,false,true,false,false,false,false,false,false,false
Available export: 2026-07-14 to 2026-08-04 (22 days),2026-07-27,1807258352.1785064515|1785173567,1807258352.1785064515,1785173567,reddit,post,s106,1785173567752192,https://terminusmaximus.com/replay-library/?utm_source=reddit&utm_medium=post&utm_campaign=s106&boss=Lion,utm_source=reddit&utm_medium=post&utm_campaign=s106&boss=Lion,https://www.reddit.com/,www.reddit.com,,,true,false,1,1,1,false,true,false,false,false,false,false,false,false
Available export: 2026-07-14 to 2026-08-04 (22 days),2026-07-27,1807258352.1785064515|1785212176,1807258352.1785064515,1785212176,reddit,post,s106,1785212176706932,https://terminusmaximus.com/replay-library/?utm_source=reddit&utm_medium=post&utm_campaign=s106&boss=Lion,utm_source=reddit&utm_medium=post&utm_campaign=s106&boss=Lion,https://www.reddit.com/,www.reddit.com,,,true,false,1,1,1,false,true,false,false,false,false,false,false,false
Available export: 2026-07-14 to 2026-08-04 (22 days),2026-07-27,1807258352.1785064515|1785216697,1807258352.1785064515,1785216697,reddit,post,s106,1785216697590910,https://terminusmaximus.com/replay-library/?utm_source=reddit&utm_medium=post&utm_campaign=s106&boss=Lion,utm_source=reddit&utm_medium=post&utm_campaign=s106&boss=Lion,https://www.reddit.com/,www.reddit.com,,/replay-library/,true,false,3,3,1,false,false,true,true,false,false,false,false,false
Available export: 2026-07-14 to 2026-08-04 (22 days),2026-07-27,1836938993.1785199572|1785199572,1836938993.1785199572,1785199572,reddit,post,s105,1785199572423739,https://terminusmaximus.com/replay-library/?utm_source=reddit&utm_medium=post&utm_campaign=s105,utm_source=reddit&utm_medium=post&utm_campaign=s105,https://www.reddit.com/,www.reddit.com,,/replay-library/,true,false,5,5,1,false,false,true,true,false,false,false,false,false
Available export: 2026-07-14 to 2026-08-04 (22 days),2026-07-27,1845070553.1785219063|1785219062,1845070553.1785219063,1785219062,reddit,post,s106,1785219061389507,https://terminusmaximus.com/replay-library/?utm_source=reddit&utm_medium=post&utm_campaign=s106,utm_source=reddit&utm_medium=post&utm_campaign=s106,android-app://com.reddit.frontpage/,com.reddit.frontpage,,/guild-raid/s106/,true,false,2,1,1,false,false,true,false,false,false,false,false,false
Available export: 2026-07-14 to 2026-08-04 (22 days),2026-07-27,1913231439.1785177105|1785177104,1913231439.1785177105,1785177104,google,organic,(organic),1785177331953031,https://terminusmaximus.com/replay-library/,,https://terminusmaximus.com/campaign-event/,terminusmaximus.com,/elite-campaigns/,,false,true,9,1,1,false,false,true,false,false,false,false,false,false
Available export: 2026-07-14 to 2026-08-04 (22 days),2026-07-27,1918551651.1785157035|1785157035,1918551651.1785157035,1785157035,reddit,post,s106,1785157054294210,https://terminusmaximus.com/replay-library/,,https://terminusmaximus.com/,terminusmaximus.com,/,/,false,true,28,24,2,true,false,true,true,false,false,false,false,false
Available export: 2026-07-14 to 2026-08-04 (22 days),2026-07-27,1918551651.1785157035|1785184467,1918551651.1785157035,1785184467,reddit,post,s106,1785184467770187,https://terminusmaximus.com/replay-library/?boss=Magnus,boss=Magnus,https://terminusmaximus.com/guild-raid/s106/,terminusmaximus.com,,/replay-library/,true,false,2,2,1,false,false,true,true,false,false,false,false,false
Available export: 2026-07-14 to 2026-08-04 (22 days),2026-07-27,1927960250.1785186196|1785186195,1927960250.1785186196,1785186195,reddit,post,s106,1785186196153478,https://terminusmaximus.com/replay-library/?utm_source=reddit&utm_medium=post&utm_campaign=s106,utm_source=reddit&utm_medium=post&utm_campaign=s106,https://www.reddit.com/,www.reddit.com,,,true,false,1,1,1,false,true,false,false,false,false,false,false,false
Available export: 2026-07-14 to 2026-08-04 (22 days),2026-07-27,1978556558.1784646467|1785164647,1978556558.1784646467,1785164647,(direct),(none),(direct),1785164647489296,https://terminusmaximus.com/replay-library/,,,,,/replay-library/,true,false,6,6,1,false,false,true,true,false,false,false,false,false
Available export: 2026-07-14 to 2026-08-04 (22 days),2026-07-27,2009681002.1785023503|1785167564,2009681002.1785023503,1785167564,(direct),(none),(direct),1785167563062619,https://terminusmaximus.com/replay-library/,,,,,,true,false,1,1,1,false,true,false,false,false,false,false,false,false
Available export: 2026-07-14 to 2026-08-04 (22 days),2026-07-27,2010803846.1784571311|1785220927,2010803846.1784571311,1785220927,google,organic,(organic),1785220927607852,https://terminusmaximus.com/replay-library/,,https://terminusmaximus.com/,terminusmaximus.com,,/,true,false,5,1,1,false,false,true,false,false,false,false,false,false
Available export: 2026-07-14 to 2026-08-04 (22 days),2026-07-27,2048930907.1784126190|1785154645,2048930907.1784126190,1785154645,google,organic,(organic),1785154646157048,https://terminusmaximus.com/replay-library/?boss=Mortarion&team=Laviscus&map=Mortarion_03&tier=M1,boss=Mortarion&team=Laviscus&map=Mortarion_03&tier=M1,https://terminusmaximus.com/,terminusmaximus.com,,/replay-library/,true,false,4,4,1,false,false,true,true,false,false,false,false,false
Available export: 2026-07-14 to 2026-08-04 (22 days),2026-07-27,206343876.1785212333|1785212333,206343876.1785212333,1785212333,reddit,post,s106,1785212332567091,https://terminusmaximus.com/replay-library/?utm_source=reddit&utm_medium=post&utm_campaign=s106,utm_source=reddit&utm_medium=post&utm_campaign=s106,android-app://com.reddit.frontpage/,com.reddit.frontpage,,/replay-library/,true,false,3,3,1,false,false,true,true,false,false,false,false,false
Available export: 2026-07-14 to 2026-08-04 (22 days),2026-07-27,2111859797.1784029962|1785159376,2111859797.1784029962,1785159376,reddit,post,s105,1785159375376952,https://terminusmaximus.com/replay-library/?utm_source=reddit&utm_medium=post&utm_campaign=s105&boss=Mortarion&team=Laviscus,utm_source=reddit&utm_medium=post&utm_campaign=s105&boss=Mortarion&team=Laviscus,https://terminusmaximus.com/replay-library/?utm_source=reddit&utm_medium=post&utm_campaign=s105&boss=Cawl&team=Laviscus&map=Cawl_01,terminusmaximus.com,,/replay-library/,true,false,15,15,1,false,false,true,true,false,false,false,false,false
Available export: 2026-07-14 to 2026-08-04 (22 days),2026-07-27,223832811.1784933449|1785192203,223832811.1784933449,1785192203,reddit,post,s106,1785192318817036,https://terminusmaximus.com/replay-library/,,https://terminusmaximus.com/guild-raid/s106/?utm_source=reddit&utm_medium=post&utm_campaign=s106,terminusmaximus.com,/guild-raid/s106/,/,false,true,6,1,1,false,false,true,false,false,true,false,false,false
Available export: 2026-07-14 to 2026-08-04 (22 days),2026-07-27,225701923.1783836780|1785189336,225701923.1783836780,1785189336,google,organic,(organic),1785189344408226,https://terminusmaximus.com/replay-library/,,https://terminusmaximus.com/,terminusmaximus.com,/,/replay-library/,false,true,3,2,1,false,false,true,true,false,false,false,false,false
Available export: 2026-07-14 to 2026-08-04 (22 days),2026-07-27,258595411.1780686334|1785178153,258595411.1780686334,1785178153,(direct),(none),(direct),1785178153822000,https://terminusmaximus.com/replay-library/,,,,,/replay-library/,true,false,7,7,1,false,false,true,true,false,false,false,false,false
Available export: 2026-07-14 to 2026-08-04 (22 days),2026-07-27,289636546.1784216912|1785185656,289636546.1784216912,1785185656,(direct),(none),(direct),1785185656469977,https://terminusmaximus.com/replay-library/,,,,,,true,false,1,1,1,false,true,false,false,false,false,false,false,false
Available export: 2026-07-14 to 2026-08-04 (22 days),2026-07-27,296541647.1785219031|1785219030,296541647.1785219031,1785219030,(direct),(none),(direct),1785219002159346,https://terminusmaximus.com/replay-library/,,,,,/replay-library/,true,false,29,27,2,true,false,true,true,false,false,false,false,false
Available export: 2026-07-14 to 2026-08-04 (22 days),2026-07-27,338536915.1784646557|1785215526,338536915.1784646557,1785215526,reddit,post,s105,1785215526339437,https://terminusmaximus.com/replay-library/?utm_source=reddit&utm_medium=post&utm_campaign=s105&boss=Dorn&team=Laviscus&map=Dorn_04,utm_source=reddit&utm_medium=post&utm_campaign=s105&boss=Dorn&team=Laviscus&map=Dorn_04,,,,/replay-library/,true,false,4,4,1,false,false,true,true,false,false,false,false,false
Available export: 2026-07-14 to 2026-08-04 (22 days),2026-07-27,343914751.1785213628|1785213627,343914751.1785213628,1785213627,reddit,post,s106,1785213627737726,https://terminusmaximus.com/replay-library/?utm_source=reddit&utm_medium=post&utm_campaign=s106,utm_source=reddit&utm_medium=post&utm_campaign=s106,https://www.reddit.com/,www.reddit.com,,/replay-library/,true,false,7,7,1,false,false,true,true,false,false,false,false,false
Available export: 2026-07-14 to 2026-08-04 (22 days),2026-07-27,348218292.1784068987|1785192376,348218292.1784068987,1785192376,reddit,post,s106,1785192376367326,https://terminusmaximus.com/replay-library/?utm_source=reddit&utm_medium=post&utm_campaign=s106,utm_source=reddit&utm_medium=post&utm_campaign=s106,https://www.reddit.com/,www.reddit.com,,/replay-library/,true,false,5,5,1,false,false,true,true,false,false,false,false,false
Available export: 2026-07-14 to 2026-08-04 (22 days),2026-07-27,359406148.1785126158|1785167510,359406148.1785126158,1785167510,(direct),(none),(direct),1785167510750680,https://terminusmaximus.com/replay-library/,,https://terminusmaximus.com/replay-library/?utm_source=reddit&utm_medium=post&utm_campaign=s105,terminusmaximus.com,,,true,false,1,1,1,false,true,false,false,false,false,false,false,false
Available export: 2026-07-14 to 2026-08-04 (22 days),2026-07-27,359406148.1785126158|1785173693,359406148.1785126158,1785173693,(direct),(none),(direct),1785173693933709,https://terminusmaximus.com/replay-library/,,https://terminusmaximus.com/replay-library/?utm_source=reddit&utm_medium=post&utm_campaign=s105,terminusmaximus.com,,,true,false,1,1,1,false,true,false,false,false,false,false,false,false
Available export: 2026-07-14 to 2026-08-04 (22 days),2026-07-27,359406148.1785126158|1785182004,359406148.1785126158,1785182004,(direct),(none),(direct),1785182004339840,https://terminusmaximus.com/replay-library/,,https://terminusmaximus.com/replay-library/?utm_source=reddit&utm_medium=post&utm_campaign=s105,terminusmaximus.com,,,true,false,1,1,1,false,true,false,false,false,false,false,false,false
Available export: 2026-07-14 to 2026-08-04 (22 days),2026-07-27,359406148.1785126158|1785192005,359406148.1785126158,1785192005,(direct),(none),(direct),1785192005502778,https://terminusmaximus.com/replay-library/,,https://terminusmaximus.com/replay-library/?utm_source=reddit&utm_medium=post&utm_campaign=s105,terminusmaximus.com,,,true,false,1,1,1,false,true,false,false,false,false,false,false,false
Available export: 2026-07-14 to 2026-08-04 (22 days),2026-07-27,359406148.1785126158|1785194310,359406148.1785126158,1785194310,(direct),(none),(direct),1785194310366230,https://terminusmaximus.com/replay-library/,,https://terminusmaximus.com/replay-library/?utm_source=reddit&utm_medium=post&utm_campaign=s105,terminusmaximus.com,,/replay-library/,true,false,3,3,1,false,false,true,true,false,false,false,false,false
Available export: 2026-07-14 to 2026-08-04 (22 days),2026-07-27,359406148.1785126158|1785212940,359406148.1785126158,1785212940,(direct),(none),(direct),1785212940984821,https://terminusmaximus.com/replay-library/,,https://terminusmaximus.com/replay-library/?utm_source=reddit&utm_medium=post&utm_campaign=s105,terminusmaximus.com,,,true,false,1,1,1,false,true,false,false,false,false,false,false,false
Available export: 2026-07-14 to 2026-08-04 (22 days),2026-07-27,360651704.1780689144|1785156437,360651704.1780689144,1785156437,ecosia.org,organic,(organic),1785156437750940,https://terminusmaximus.com/replay-library/?boss=Cawl&team=Laviscus&map=Cawl_01,boss=Cawl&team=Laviscus&map=Cawl_01,https://terminusmaximus.com/,terminusmaximus.com,,,true,false,1,1,1,false,true,false,false,false,false,false,false,false
Available export: 2026-07-14 to 2026-08-04 (22 days),2026-07-27,360651704.1780689144|1785161332,360651704.1780689144,1785161332,ecosia.org,organic,(organic),1785161332997224,https://terminusmaximus.com/replay-library/?boss=Cawl&team=Laviscus&map=Cawl_01,boss=Cawl&team=Laviscus&map=Cawl_01,https://terminusmaximus.com/,terminusmaximus.com,,/replay-library/,true,false,4,4,1,false,false,true,true,false,false,false,false,false
Available export: 2026-07-14 to 2026-08-04 (22 days),2026-07-27,360651704.1780689144|1785171755,360651704.1780689144,1785171755,ecosia.org,organic,(organic),1785171755405805,https://terminusmaximus.com/replay-library/?boss=Lion&map=Lion_02,boss=Lion&map=Lion_02,https://terminusmaximus.com/,terminusmaximus.com,,,true,false,1,1,1,false,true,false,false,false,false,false,false,false
Available export: 2026-07-14 to 2026-08-04 (22 days),2026-07-27,375889007.1784988029|1785217070,375889007.1784988029,1785217070,reddit,post,s106,1785217138480342,https://terminusmaximus.com/replay-library/?utm_source=reddit&utm_medium=post&utm_campaign=s106,utm_source=reddit&utm_medium=post&utm_campaign=s106,,,/guild-raid/boss-meta/,/replay-library/,false,true,13,8,2,true,false,true,true,false,false,false,false,false
Available export: 2026-07-14 to 2026-08-04 (22 days),2026-07-27,408551400.1785140645|1785140644,408551400.1785140645,1785140644,google,organic,(organic),1785140649220837,https://terminusmaximus.com/replay-library/,,https://terminusmaximus.com/,terminusmaximus.com,/,/lre/,false,true,4,1,1,false,false,true,false,false,false,false,false,false
Available export: 2026-07-14 to 2026-08-04 (22 days),2026-07-27,443211434.1783753937|1785216601,443211434.1783753937,1785216601,google,organic,(organic),1785216602951214,https://terminusmaximus.com/replay-library/,,,,,/replay-library/,true,false,3,3,1,false,false,true,true,false,false,false,false,false
Available export: 2026-07-14 to 2026-08-04 (22 days),2026-07-27,475659729.1785048966|1785136560,475659729.1785048966,1785136560,(direct),(none),(direct),1785136560938055,https://terminusmaximus.com/replay-library/?boss=Avatar&team=Laviscus&map=Avatar_02,boss=Avatar&team=Laviscus&map=Avatar_02,https://terminusmaximus.com/guild-raid/s105/,terminusmaximus.com,,,true,false,1,1,1,false,true,false,false,false,false,false,false,false
Available export: 2026-07-14 to 2026-08-04 (22 days),2026-07-27,485943286.1783635513|1785137074,485943286.1783635513,1785137074,(direct),(none),(direct),1785137076616843,https://terminusmaximus.com/replay-library/,,https://terminusmaximus.com/guild-raid/boss-meta/,terminusmaximus.com,/guild-raid/boss-meta/,/replay-library/,false,true,6,5,1,false,false,true,true,false,false,false,false,false
Available export: 2026-07-14 to 2026-08-04 (22 days),2026-07-27,485943286.1783635513|1785149615,485943286.1783635513,1785149615,(direct),(none),(direct),1785149613967331,https://terminusmaximus.com/replay-library/?boss=Magnus&team=Custodes&map=Magnus_03&tier=M2,boss=Magnus&team=Custodes&map=Magnus_03&tier=M2,https://terminusmaximus.com/guild-raid/boss-meta/,terminusmaximus.com,,,true,false,1,1,1,false,true,false,false,false,false,false,false,false
Available export: 2026-07-14 to 2026-08-04 (22 days),2026-07-27,485943286.1783635513|1785215113,485943286.1783635513,1785215113,(direct),(none),(direct),1785215114019105,https://terminusmaximus.com/replay-library/,,https://terminusmaximus.com/guild-raid/boss-meta/,terminusmaximus.com,/guild-raid/boss-meta/,/replay-library/,false,true,6,5,1,false,false,true,true,false,false,false,false,false
Available export: 2026-07-14 to 2026-08-04 (22 days),2026-07-27,485943286.1783635513|1785220788,485943286.1783635513,1785220788,(direct),(none),(direct),1785220787864957,https://terminusmaximus.com/replay-library/?boss=Magnus&team=Custodes&map=Magnus_03&tier=M2,boss=Magnus&team=Custodes&map=Magnus_03&tier=M2,https://terminusmaximus.com/guild-raid/boss-meta/,terminusmaximus.com,,,true,false,1,1,1,false,true,false,false,false,false,false,false,false
Available export: 2026-07-14 to 2026-08-04 (22 days),2026-07-27,497708903.1785143128|1785143127,497708903.1785143128,1785143127,(direct),(none),(direct),1785143127706000,https://terminusmaximus.com/replay-library/,,,,,,true,false,1,1,1,false,true,false,false,false,false,false,false,false
Available export: 2026-07-14 to 2026-08-04 (22 days),2026-07-27,528908165.1784232580|1785214434,528908165.1784232580,1785214434,reddit,post,s106,1785214603932825,https://terminusmaximus.com/replay-library/,,https://terminusmaximus.com/guild-raid/s106/?utm_source=reddit&utm_medium=post&utm_campaign=s106,terminusmaximus.com,/guild-raid/s106/,/replay-library/,false,true,4,3,1,false,false,true,true,false,false,false,false,false
Available export: 2026-07-14 to 2026-08-04 (22 days),2026-07-27,530596093.1780608947|1785201561,530596093.1780608947,1785201561,google,organic,(organic),1785201561323044,https://terminusmaximus.com/replay-library/,,,,,/guild-raid/,true,false,4,1,1,false,false,true,false,false,false,false,false,false
Available export: 2026-07-14 to 2026-08-04 (22 days),2026-07-27,537561536.1784031370|1785212608,537561536.1784031370,1785212608,reddit,post,s105,1785212665303453,https://terminusmaximus.com/replay-library/,,https://terminusmaximus.com/guild-raid/s105/,terminusmaximus.com,/guild-raid/s105/,/replay-library/,false,true,6,3,1,false,false,true,true,false,false,false,false,false
Available export: 2026-07-14 to 2026-08-04 (22 days),2026-07-27,537561536.1784031370|1785214624,537561536.1784031370,1785214624,reddit,post,s105,1785214624470326,https://terminusmaximus.com/replay-library/?boss=Magnus&tier=M2,boss=Magnus&tier=M2,https://terminusmaximus.com/guild-raid/s105/,terminusmaximus.com,,,true,false,1,1,1,false,true,false,false,false,false,false,false,false
Available export: 2026-07-14 to 2026-08-04 (22 days),2026-07-27,548819994.1785159683|1785159682,548819994.1785159683,1785159682,reddit,post,s106,1785159812161990,https://terminusmaximus.com/replay-library/,,https://terminusmaximus.com/guild-raid/s106/?utm_source=reddit&utm_medium=post&utm_campaign=s106,terminusmaximus.com,/lre/lucius/,,false,true,4,1,1,false,false,true,false,false,true,false,false,false
Available export: 2026-07-14 to 2026-08-04 (22 days),2026-07-27,570549203.1785144272|1785144272,570549203.1785144272,1785144272,reddit,post,s106,1785144314948702,https://terminusmaximus.com/replay-library/,,https://terminusmaximus.com/guild-raid/s106/?utm_source=reddit&utm_medium=post&utm_campaign=s106,terminusmaximus.com,/guild-raid/s106/,/replay-library/,false,true,15,14,1,false,false,true,true,false,false,false,false,false
Available export: 2026-07-14 to 2026-08-04 (22 days),2026-07-27,570549203.1785144272|1785182044,570549203.1785144272,1785182044,reddit,post,s106,1785182044453066,https://terminusmaximus.com/replay-library/,,https://terminusmaximus.com/guild-raid/s106/?utm_source=reddit&utm_medium=post&utm_campaign=s106,terminusmaximus.com,,/replay-library/,true,false,5,5,1,false,false,true,true,false,false,false,false,false
Available export: 2026-07-14 to 2026-08-04 (22 days),2026-07-27,59682447.1783737056|1785215818,59682447.1783737056,1785215818,reddit,post,s105,1785215819584011,https://terminusmaximus.com/replay-library/?utm_source=reddit&utm_medium=post&utm_campaign=s105,utm_source=reddit&utm_medium=post&utm_campaign=s105,,,,/replay-library/,true,false,4,4,1,false,false,true,true,false,false,false,false,false
Available export: 2026-07-14 to 2026-08-04 (22 days),2026-07-27,621717784.1785116160|1785175535,621717784.1785116160,1785175535,(direct),(none),(direct),1785175534860059,https://terminusmaximus.com/replay-library/?boss=Cawl,boss=Cawl,https://terminusmaximus.com/replay-library/?boss=Riptide,terminusmaximus.com,,/replay-library/,true,false,2,2,1,false,false,true,true,false,false,false,false,false
Available export: 2026-07-14 to 2026-08-04 (22 days),2026-07-27,621717784.1785116160|1785221765,621717784.1785116160,1785221765,(direct),(none),(direct),1785221765476154,https://terminusmaximus.com/replay-library/?boss=Cawl&tier=L5,boss=Cawl&tier=L5,https://terminusmaximus.com/replay-library/?boss=Cawl&tier=L4,terminusmaximus.com,,/replay-library/,true,false,3,3,1,false,false,true,true,false,false,false,false,false
Available export: 2026-07-14 to 2026-08-04 (22 days),2026-07-27,662700897.1785190442|1785190442,662700897.1785190442,1785190442,reddit,post,s106,1785190396200747,https://terminusmaximus.com/replay-library/?utm_source=reddit&utm_medium=post&utm_campaign=s106,utm_source=reddit&utm_medium=post&utm_campaign=s106,https://www.reddit.com/,www.reddit.com,,/replay-library/,true,false,3,3,1,false,false,true,true,false,false,false,false,false
Available export: 2026-07-14 to 2026-08-04 (22 days),2026-07-27,690906611.1784220034|1785219425,690906611.1784220034,1785219425,google,organic,(organic),1785219432780486,https://terminusmaximus.com/replay-library/?boss=Dorn&team=Laviscus&map=Dorn_04,boss=Dorn&team=Laviscus&map=Dorn_04,,,,/replay-library/,true,false,3,3,1,false,false,true,true,false,false,false,false,false
Available export: 2026-07-14 to 2026-08-04 (22 days),2026-07-27,711186163.1784391382|1785138482,711186163.1784391382,1785138482,(direct),(none),(direct),1785138428350044,https://terminusmaximus.com/replay-library/,,,,,/replay-library/,true,false,3,3,1,false,false,true,true,false,false,false,false,false
Available export: 2026-07-14 to 2026-08-04 (22 days),2026-07-27,783027359.1783779404|1785138347,783027359.1783779404,1785138347,reddit,post,s105,1785138347891281,https://terminusmaximus.com/replay-library/,,,,,/replay-library/,true,false,4,4,1,false,false,true,true,false,false,false,false,false
Available export: 2026-07-14 to 2026-08-04 (22 days),2026-07-27,821152206.1785186290|1785186290,821152206.1785186290,1785186290,reddit,post,s106,1785186289222812,https://terminusmaximus.com/replay-library/?utm_source=reddit&utm_medium=post&utm_campaign=s106,utm_source=reddit&utm_medium=post&utm_campaign=s106,https://www.reddit.com/,www.reddit.com,,/replay-library/,true,false,2,2,1,false,false,true,true,false,false,false,false,false
Available export: 2026-07-14 to 2026-08-04 (22 days),2026-07-27,85155527.1785187316|1785187315,85155527.1785187316,1785187315,reddit,post,s106,1785187316823729,https://terminusmaximus.com/replay-library/?utm_source=reddit&utm_medium=post&utm_campaign=s106,utm_source=reddit&utm_medium=post&utm_campaign=s106,android-app://com.reddit.frontpage/,com.reddit.frontpage,,/replay-library/,true,false,2,2,1,false,false,true,true,false,false,false,false,false
Available export: 2026-07-14 to 2026-08-04 (22 days),2026-07-27,88011080.1784934505|1785095208,88011080.1784934505,1785095208,reddit,post,s106,1785188380565311,https://terminusmaximus.com/replay-library/?team=Laviscus,team=Laviscus,,,,,true,false,1,1,1,false,true,false,false,false,false,false,false,false
Available export: 2026-07-14 to 2026-08-04 (22 days),2026-07-27,88011080.1784934505|1785124545,88011080.1784934505,1785124545,reddit,post,s106,1785217716408528,https://terminusmaximus.com/replay-library/?team=Laviscus,team=Laviscus,,,,/replay-library/,true,false,4,2,1,false,false,true,true,false,false,false,false,false
Available export: 2026-07-14 to 2026-08-04 (22 days),2026-07-27,999721948.1784127293|1785162199,999721948.1784127293,1785162199,reddit,post,boss-meta,1785162199422707,https://terminusmaximus.com/replay-library/?boss=Dorn,boss=Dorn,https://terminusmaximus.com/replay-library/?boss=Mortarion&map=Mortarion_04,terminusmaximus.com,,,true,false,1,1,1,false,true,false,false,false,false,false,false,false
Available export: 2026-07-14 to 2026-08-04 (22 days),2026-07-28,1068718977.1781542295|1785231249,1068718977.1781542295,1785231249,google,organic,(organic),1785231250421236,https://terminusmaximus.com/replay-library/?boss=Magnus&team=Custodes&tier=M2,boss=Magnus&team=Custodes&tier=M2,https://terminusmaximus.com/guild-raid/s105/,terminusmaximus.com,,/guild-raid/s105/,true,false,6,5,2,true,false,true,true,false,false,false,false,false
Available export: 2026-07-14 to 2026-08-04 (22 days),2026-07-28,1068718977.1781542295|1785264151,1068718977.1781542295,1785264151,google,organic,(organic),1785264152285255,https://terminusmaximus.com/replay-library/?boss=Magnus&team=Custodes&tier=M2,boss=Magnus&team=Custodes&tier=M2,https://terminusmaximus.com/guild-raid/s105/,terminusmaximus.com,,,true,false,1,1,1,false,true,false,false,false,false,false,false,false
Available export: 2026-07-14 to 2026-08-04 (22 days),2026-07-28,1076990390.1785258015|1785258014,1076990390.1785258015,1785258014,reddit,post,s106,1785258014876337,https://terminusmaximus.com/replay-library/?utm_source=reddit&utm_medium=post&utm_campaign=s106,utm_source=reddit&utm_medium=post&utm_campaign=s106,https://www.reddit.com/,www.reddit.com,,/guild-raid/,true,false,3,1,1,false,false,true,false,false,false,false,false,false
Available export: 2026-07-14 to 2026-08-04 (22 days),2026-07-28,1077421561.1785236270|1785236270,1077421561.1785236270,1785236270,reddit,post,s106,1785236329093180,https://terminusmaximus.com/replay-library/?utm_source=reddit&utm_medium=post&utm_campaign=s106,utm_source=reddit&utm_medium=post&utm_campaign=s106,https://www.reddit.com/,www.reddit.com,/guild-raid/s106/,/replay-library/,false,true,6,5,1,false,false,true,true,false,false,false,false,false
Available export: 2026-07-14 to 2026-08-04 (22 days),2026-07-28,111613413.1784280081|1785222849,111613413.1784280081,1785222849,google,organic,(organic),1785222848920853,https://terminusmaximus.com/replay-library/?boss=Lion&map=Lion_02&tier=L5,boss=Lion&map=Lion_02&tier=L5,https://terminusmaximus.com/guild-raid/boss-meta/,terminusmaximus.com,,,true,false,1,1,1,false,true,false,false,false,false,false,false,false
Available export: 2026-07-14 to 2026-08-04 (22 days),2026-07-28,112906525.1785276282|1785276281,112906525.1785276282,1785276281,(direct),(none),(direct),1785276282051769,https://terminusmaximus.com/replay-library/,,,,,/replay-library/,true,false,8,8,1,false,false,true,true,false,false,false,false,false
Available export: 2026-07-14 to 2026-08-04 (22 days),2026-07-28,1129932636.1784184948|1785228720,1129932636.1784184948,1785228720,google,organic,(organic),1785228724166890,https://terminusmaximus.com/replay-library/,,https://terminusmaximus.com/,terminusmaximus.com,/,/replay-library/,false,true,5,4,1,false,false,true,true,false,false,false,false,false
Available export: 2026-07-14 to 2026-08-04 (22 days),2026-07-28,1186765260.1784277452|1785243330,1186765260.1784277452,1785243330,discord,post,boss-meta,1785243331259639,https://terminusmaximus.com/replay-library/?boss=Cawl&team=Neuro,boss=Cawl&team=Neuro,https://terminusmaximus.com/guild-raid/boss-meta/?utm_source=discord&utm_medium=post&utm_campaign=boss-meta,terminusmaximus.com,,,true,false,1,1,1,false,true,false,false,false,false,false,false,false
Available export: 2026-07-14 to 2026-08-04 (22 days),2026-07-28,1248298120.1784135033|1785252498,1248298120.1784135033,1785252498,reddit,post,s105,1785252498537675,https://terminusmaximus.com/replay-library/?utm_source=reddit&utm_medium=post&utm_campaign=s105&boss=Avatar&tier=L3,utm_source=reddit&utm_medium=post&utm_campaign=s105&boss=Avatar&tier=L3,,,,/replay-library/,true,false,2,2,1,false,false,true,true,false,false,false,false,false
Available export: 2026-07-14 to 2026-08-04 (22 days),2026-07-28,1269977088.1784218848|1785247414,1269977088.1784218848,1785247414,reddit,post,s106,1785247415858936,https://terminusmaximus.com/replay-library/?utm_source=reddit&utm_medium=post&utm_campaign=s106&boss=Mortarion&team=AdMech&map=Mortarion_03&tier=M1,utm_source=reddit&utm_medium=post&utm_campaign=s106&boss=Mortarion&team=AdMech&map=Mortarion_03&tier=M1,,,,,true,false,1,1,1,false,true,false,false,false,false,false,false,false
Available export: 2026-07-14 to 2026-08-04 (22 days),2026-07-28,1275188175.1781809042|1785229604,1275188175.1781809042,1785229604,google,organic,(organic),1785229605923929,https://terminusmaximus.com/replay-library/?boss=Mortarion&team=Custodes&map=Mortarion_03,boss=Mortarion&team=Custodes&map=Mortarion_03,https://terminusmaximus.com/,terminusmaximus.com,,,true,false,1,1,1,false,true,false,false,false,false,false,false,false
Available export: 2026-07-14 to 2026-08-04 (22 days),2026-07-28,1313015350.1785232479|1785232479,1313015350.1785232479,1785232479,(direct),(none),(direct),1785232479293352,https://terminusmaximus.com/replay-library/,,,,,,true,false,1,1,1,false,true,false,false,false,false,false,false,false
Available export: 2026-07-14 to 2026-08-04 (22 days),2026-07-28,1329417291.1785278931|1785278930,1329417291.1785278931,1785278930,bing,organic,(organic),1785278936041448,https://terminusmaximus.com/replay-library/,,https://terminusmaximus.com/,terminusmaximus.com,/,/replay-library/,false,true,6,5,1,false,false,true,true,false,false,false,false,false
Available export: 2026-07-14 to 2026-08-04 (22 days),2026-07-28,1376588520.1785232177|1785232177,1376588520.1785232177,1785232177,reddit,post,s106,1785232177351906,https://terminusmaximus.com/replay-library/?utm_source=reddit&utm_medium=post&utm_campaign=s106,utm_source=reddit&utm_medium=post&utm_campaign=s106,https://www.reddit.com/,www.reddit.com,,/replay-library/,true,false,8,8,1,false,false,true,true,false,false,false,false,false
Available export: 2026-07-14 to 2026-08-04 (22 days),2026-07-28,1424096740.1785145596|1785235521,1424096740.1785145596,1785235521,reddit,post,boss-meta,1785235717661983,https://terminusmaximus.com/replay-library/,,https://terminusmaximus.com/guild-raid/boss-meta/,terminusmaximus.com,/guild-raid/boss-meta/,/campaign-event/,false,true,11,1,1,false,false,true,false,false,true,false,false,false
Available export: 2026-07-14 to 2026-08-04 (22 days),2026-07-28,1465510467.1785230311|1785230310,1465510467.1785230311,1785230310,reddit,post,s106,1785230334391392,https://terminusmaximus.com/replay-library/?utm_source=reddit&utm_medium=post&utm_campaign=s106,utm_source=reddit&utm_medium=post&utm_campaign=s106,https://www.reddit.com/,www.reddit.com,/guild-raid/s106/,,false,true,2,1,1,false,false,true,false,false,false,false,false,false
Available export: 2026-07-14 to 2026-08-04 (22 days),2026-07-28,1500403911.1782723451|1785274282,1500403911.1782723451,1785274282,google,organic,(organic),1785274284206244,https://terminusmaximus.com/replay-library/,,https://terminusmaximus.com/,terminusmaximus.com,/,/replay-library/,false,true,3,2,1,false,false,true,true,false,false,false,false,false
Available export: 2026-07-14 to 2026-08-04 (22 days),2026-07-28,1502073669.1785297048|1785297048,1502073669.1785297048,1785297048,reddit,post,s106,1785297050758652,https://terminusmaximus.com/replay-library/?utm_source=reddit&utm_medium=post&utm_campaign=s106&fbclid=IwY2xjawTWV-lleHRuA2FlbQIxMQBzcnRjBmFwcF9pZAwzNTA2ODU1MzE3MjgAAR5YY_TjkNKhn65Vr1EIL6lxLZ6lv9AAjvt7w3-xomlEyUUqPRLt-ZdV2IGDHw_aem_ZeZuSicFChrHUGdtbYXLfA,utm_source=reddit&utm_medium=post&utm_campaign=s106&fbclid=IwY2xjawTWV-lleHRuA2FlbQIxMQBzcnRjBmFwcF9pZAwzNTA2ODU1MzE3MjgAAR5YY_TjkNKhn65Vr1EIL6lxLZ6lv9AAjvt7w3-xomlEyUUqPRLt-ZdV2IGDHw_aem_ZeZuSicFChrHUGdtbYXLfA,https://l.facebook.com/,l.facebook.com,,/replay-library/,true,false,4,4,1,false,false,true,true,false,false,false,false,false
Available export: 2026-07-14 to 2026-08-04 (22 days),2026-07-28,150477969.1785225961|1785225960,150477969.1785225961,1785225960,reddit,post,s106,1785225959321768,https://terminusmaximus.com/replay-library/?utm_source=reddit&utm_medium=post&utm_campaign=s106,utm_source=reddit&utm_medium=post&utm_campaign=s106,android-app://com.reddit.frontpage/,com.reddit.frontpage,,,true,false,1,1,1,false,true,false,false,false,false,false,false,false
Available export: 2026-07-14 to 2026-08-04 (22 days),2026-07-28,150477969.1785225961|1785241666,150477969.1785225961,1785241666,reddit,post,s106,1785241665407195,https://terminusmaximus.com/replay-library/?utm_source=reddit&utm_medium=post&utm_campaign=s106,utm_source=reddit&utm_medium=post&utm_campaign=s106,android-app://com.reddit.frontpage/,com.reddit.frontpage,,,true,false,1,1,1,false,true,false,false,false,false,false,false,false
Available export: 2026-07-14 to 2026-08-04 (22 days),2026-07-28,150477969.1785225961|1785254982,150477969.1785225961,1785254982,reddit,post,s106,1785254980963568,https://terminusmaximus.com/replay-library/?utm_source=reddit&utm_medium=post&utm_campaign=s106,utm_source=reddit&utm_medium=post&utm_campaign=s106,android-app://com.reddit.frontpage/,com.reddit.frontpage,,,true,false,1,1,1,false,true,false,false,false,false,false,false,false
Available export: 2026-07-14 to 2026-08-04 (22 days),2026-07-28,1549273240.1785243246|1785243246,1549273240.1785243246,1785243246,(direct),(none),(direct),1785243247369288,https://terminusmaximus.com/replay-library/,,,,,/replay-library/,true,false,2,2,1,false,false,true,true,false,false,false,false,false
Available export: 2026-07-14 to 2026-08-04 (22 days),2026-07-28,1549273240.1785243246|1785297938,1549273240.1785243246,1785297938,(direct),(none),(direct),1785297939034869,https://terminusmaximus.com/replay-library/?boss=Avatar,boss=Avatar,,,,,true,false,1,1,1,false,true,false,false,false,false,false,false,false
Available export: 2026-07-14 to 2026-08-04 (22 days),2026-07-28,1624957592.1785280799|1785280798,1624957592.1785280799,1785280798,(direct),(none),(direct),1785280797754589,https://terminusmaximus.com/replay-library/,,,,,/replay-library/,true,false,2,2,1,false,false,true,true,false,false,false,false,false
Available export: 2026-07-14 to 2026-08-04 (22 days),2026-07-28,1633099459.1784757374|1785261584,1633099459.1784757374,1785261584,(direct),(none),(direct),1785261584841526,https://terminusmaximus.com/replay-library/?boss=Lion&map=Lion_02&tier=L5,boss=Lion&map=Lion_02&tier=L5,https://terminusmaximus.com/,terminusmaximus.com,,,true,false,1,1,1,false,true,false,false,false,false,false,false,false
Available export: 2026-07-14 to 2026-08-04 (22 days),2026-07-28,1633488629.1780456807|1785248663,1633488629.1780456807,1785248663,(direct),(none),(direct),1785248670588119,https://terminusmaximus.com/replay-library/,,https://terminusmaximus.com/,terminusmaximus.com,/,/replay-library/,false,true,5,4,1,false,false,true,true,false,false,false,false,false
Available export: 2026-07-14 to 2026-08-04 (22 days),2026-07-28,1661015216.1783772823|1785253340,1661015216.1783772823,1785253340,reddit,post,s105,1785253340843642,https://terminusmaximus.com/replay-library/?boss=Avatar&team=Laviscus&map=Avatar_02&tier=L3,boss=Avatar&team=Laviscus&map=Avatar_02&tier=L3,https://terminusmaximus.com/guild-raid/s105/,terminusmaximus.com,,/guild-raid/s105/,true,false,10,9,2,true,false,true,true,false,false,false,false,false
Available export: 2026-07-14 to 2026-08-04 (22 days),2026-07-28,1694406866.1781479955|1785222338,1694406866.1781479955,1785222338,reddit,post,mow2026,1785222333065974,https://terminusmaximus.com/replay-library/,,https://terminusmaximus.com/?utm_source=reddit&utm_medium=post&utm_campaign=mow2026,terminusmaximus.com,/,/replay-library/,false,true,15,12,3,true,false,true,true,false,false,false,false,false
Available export: 2026-07-14 to 2026-08-04 (22 days),2026-07-28,1694406866.1781479955|1785272562,1694406866.1781479955,1785272562,reddit,post,mow2026,1785272555202288,https://terminusmaximus.com/replay-library/,,https://terminusmaximus.com/?utm_source=reddit&utm_medium=post&utm_campaign=mow2026,terminusmaximus.com,/,/replay-library/,false,true,17,15,2,true,false,true,true,false,false,false,false,false
Available export: 2026-07-14 to 2026-08-04 (22 days),2026-07-28,1694406866.1781479955|1785277145,1694406866.1781479955,1785277145,reddit,post,mow2026,1785277141629993,https://terminusmaximus.com/replay-library/,,https://terminusmaximus.com/?utm_source=reddit&utm_medium=post&utm_campaign=mow2026,terminusmaximus.com,/,/replay-library/,false,true,5,4,1,false,false,true,true,false,false,false,false,false
Available export: 2026-07-14 to 2026-08-04 (22 days),2026-07-28,1694406866.1781479955|1785286292,1694406866.1781479955,1785286292,reddit,post,mow2026,1785286290015207,https://terminusmaximus.com/replay-library/,,https://terminusmaximus.com/?utm_source=reddit&utm_medium=post&utm_campaign=mow2026,terminusmaximus.com,/,/replay-library/,false,true,9,6,2,true,false,true,true,false,false,false,false,false
Available export: 2026-07-14 to 2026-08-04 (22 days),2026-07-28,1694406866.1781479955|1785290055,1694406866.1781479955,1785290055,reddit,post,mow2026,1785290047909524,https://terminusmaximus.com/replay-library/,,https://terminusmaximus.com/?utm_source=reddit&utm_medium=post&utm_campaign=mow2026,terminusmaximus.com,/,/replay-library/,false,true,9,8,1,false,false,true,true,false,false,false,false,false
Available export: 2026-07-14 to 2026-08-04 (22 days),2026-07-28,1727016929.1785270564|1785270563,1727016929.1785270564,1785270563,reddit,post,s106,1785270564016348,https://terminusmaximus.com/replay-library/?utm_source=reddit&utm_medium=post&utm_campaign=s106&fbclid=IwcGRvZgRleHRuA2FlbQIxMQBzcnRjBmFwcF9pZAwyNTYyODEwNDA1NTgAAR5j-P0ZRI4ja_sg3ynFVTUTVHW-64RWo8RAKIEmL5VrXbSWOEfB4D73ZeCV9g_aem_h9YfkoUQwBaWZaDqipoBdw,utm_source=reddit&utm_medium=post&utm_campaign=s106&fbclid=IwcGRvZgRleHRuA2FlbQIxMQBzcnRjBmFwcF9pZAwyNTYyODEwNDA1NTgAAR5j-P0ZRI4ja_sg3ynFVTUTVHW-64RWo8RAKIEmL5VrXbSWOEfB4D73ZeCV9g_aem_h9YfkoUQwBaWZaDqipoBdw,http://m.facebook.com,m.facebook.com,,,true,false,1,1,1,false,true,false,false,false,false,false,false,false
Available export: 2026-07-14 to 2026-08-04 (22 days),2026-07-28,1803929931.1785230702|1785230702,1803929931.1785230702,1785230702,(direct),(none),(direct),1785230906704077,https://terminusmaximus.com/replay-library/,,https://terminusmaximus.com/guild-raid/s106/,terminusmaximus.com,/guild-raid/s105/,,false,true,5,1,1,false,false,true,false,false,true,false,false,false
Available export: 2026-07-14 to 2026-08-04 (22 days),2026-07-28,1807258352.1785064515|1785232122,1807258352.1785064515,1785232122,reddit,post,s106,1785232122894153,https://terminusmaximus.com/replay-library/?utm_source=reddit&utm_medium=post&utm_campaign=s106&boss=Mortarion&tier=M1,utm_source=reddit&utm_medium=post&utm_campaign=s106&boss=Mortarion&tier=M1,https://www.reddit.com/,www.reddit.com,,,true,false,1,1,1,false,true,false,false,false,false,false,false,false
Available export: 2026-07-14 to 2026-08-04 (22 days),2026-07-28,1807258352.1785064515|1785240622,1807258352.1785064515,1785240622,reddit,post,s106,1785240622894144,https://terminusmaximus.com/replay-library/?utm_source=reddit&utm_medium=post&utm_campaign=s106&boss=Mortarion&tier=M1,utm_source=reddit&utm_medium=post&utm_campaign=s106&boss=Mortarion&tier=M1,https://www.reddit.com/,www.reddit.com,,/replay-library/,true,false,3,3,1,false,false,true,true,false,false,false,false,false
Available export: 2026-07-14 to 2026-08-04 (22 days),2026-07-28,1807258352.1785064515|1785246943,1807258352.1785064515,1785246943,reddit,post,s106,1785246944180881,https://terminusmaximus.com/replay-library/?utm_source=reddit&utm_medium=post&utm_campaign=s106&boss=Mortarion&tier=M1,utm_source=reddit&utm_medium=post&utm_campaign=s106&boss=Mortarion&tier=M1,https://www.reddit.com/,www.reddit.com,,,true,false,1,1,1,false,true,false,false,false,false,false,false,false
Available export: 2026-07-14 to 2026-08-04 (22 days),2026-07-28,1815973898.1785250759|1785250758,1815973898.1785250759,1785250758,reddit,post,s106,1785250762868675,https://terminusmaximus.com/replay-library/,,https://terminusmaximus.com/guild-raid/s106/?utm_source=reddit&utm_medium=post&utm_campaign=s106,terminusmaximus.com,/guild-raid/s106/,/replay-library/,false,true,5,4,1,false,false,true,true,false,false,false,false,false
Available export: 2026-07-14 to 2026-08-04 (22 days),2026-07-28,1834816715.1784168211|1785281143,1834816715.1784168211,1785281143,(direct),(none),(direct),1785281144118315,https://terminusmaximus.com/replay-library/,,,,,,true,false,1,1,1,false,true,false,false,false,false,false,false,false
Available export: 2026-07-14 to 2026-08-04 (22 days),2026-07-28,1836972843.1783782113|1785270002,1836972843.1783782113,1785270002,google,organic,(organic),1785270060041794,https://terminusmaximus.com/replay-library/,,https://terminusmaximus.com/guild-raid/s106/,terminusmaximus.com,/guild-raid/s106/,/replay-library/,false,true,10,4,1,false,false,true,true,false,true,false,false,false
Available export: 2026-07-14 to 2026-08-04 (22 days),2026-07-28,1845070553.1785219063|1785266368,1845070553.1785219063,1785266368,reddit,post,s106,1785266451531454,https://terminusmaximus.com/replay-library/,,https://terminusmaximus.com/guild-raid/s106/?utm_source=reddit&utm_medium=post&utm_campaign=s106,terminusmaximus.com,/guild-raid/s106/,/replay-library/,false,true,5,4,1,false,false,true,true,false,false,false,false,false
Available export: 2026-07-14 to 2026-08-04 (22 days),2026-07-28,1864380251.1784638880|1785277751,1864380251.1784638880,1785277751,reddit,post,s106,1785277750191372,https://terminusmaximus.com/replay-library/?utm_source=reddit&utm_medium=post&utm_campaign=s106,utm_source=reddit&utm_medium=post&utm_campaign=s106,https://www.reddit.com/,www.reddit.com,,/guild-raid/s106/,true,false,2,1,1,false,false,true,false,false,false,false,false,false
Available export: 2026-07-14 to 2026-08-04 (22 days),2026-07-28,1889968937.1785223074|1785223073,1889968937.1785223074,1785223073,reddit,post,s106,1785223074558542,https://terminusmaximus.com/replay-library/?utm_source=reddit&utm_medium=post&utm_campaign=s106,utm_source=reddit&utm_medium=post&utm_campaign=s106,https://www.reddit.com/,www.reddit.com,,/replay-library/,true,false,3,3,1,false,false,true,true,false,false,false,false,false
Available export: 2026-07-14 to 2026-08-04 (22 days),2026-07-28,1889968937.1785223074|1785237412,1889968937.1785223074,1785237412,reddit,post,s106,1785237413384234,https://terminusmaximus.com/replay-library/?utm_source=reddit&utm_medium=post&utm_campaign=s106&boss=Cawl&team=Custodes,utm_source=reddit&utm_medium=post&utm_campaign=s106&boss=Cawl&team=Custodes,https://www.reddit.com/,www.reddit.com,,,true,false,1,1,1,false,true,false,false,false,false,false,false,false
Available export: 2026-07-14 to 2026-08-04 (22 days),2026-07-28,1970732735.1785253242|1785253242,1970732735.1785253242,1785253242,reddit,post,s106,1785253258133444,https://terminusmaximus.com/replay-library/,,https://terminusmaximus.com/guild-raid/s106/?utm_source=reddit&utm_medium=post&utm_campaign=s106,terminusmaximus.com,/guild-raid/s106/,/replay-library/,false,true,5,4,1,false,false,true,true,false,false,false,false,false
Available export: 2026-07-14 to 2026-08-04 (22 days),2026-07-28,1970732735.1785253242|1785273475,1970732735.1785253242,1785273475,reddit,post,s106,1785273474894868,https://terminusmaximus.com/replay-library/?boss=Dorn&team=AdMech,boss=Dorn&team=AdMech,https://terminusmaximus.com/guild-raid/s106/?utm_source=reddit&utm_medium=post&utm_campaign=s106,terminusmaximus.com,,,true,false,1,1,1,false,true,false,false,false,false,false,false,false
Available export: 2026-07-14 to 2026-08-04 (22 days),2026-07-28,1978556558.1784646467|1785293089,1978556558.1784646467,1785293089,(direct),(none),(direct),1785293090415124,https://terminusmaximus.com/replay-library/,,,,,/replay-library/,true,false,3,3,1,false,false,true,true,false,false,false,false,false
Available export: 2026-07-14 to 2026-08-04 (22 days),2026-07-28,1985807794.1785238043|1785238043,1985807794.1785238043,1785238043,reddit,post,s106,1785238043620033,https://terminusmaximus.com/replay-library/?utm_source=reddit&utm_medium=post&utm_campaign=s106,utm_source=reddit&utm_medium=post&utm_campaign=s106,,,,/replay-library/,true,false,5,5,1,false,false,true,true,false,false,false,false,false
Available export: 2026-07-14 to 2026-08-04 (22 days),2026-07-28,289636546.1784216912|1785295469,289636546.1784216912,1785295469,(direct),(none),(direct),1785295469428038,https://terminusmaximus.com/replay-library/,,,,,,true,false,1,1,1,false,true,false,false,false,false,false,false,false
Available export: 2026-07-14 to 2026-08-04 (22 days),2026-07-28,292897990.1785270564|1785270564,292897990.1785270564,1785270564,reddit,post,s106,1785270565736380,https://terminusmaximus.com/replay-library/?utm_source=reddit&utm_medium=post&utm_campaign=s106&fbclid=IwcGRvZgRleHRuA2FlbQIxMQBzcnRjBmFwcF9pZAwyNTYyODEwNDA1NTgAAR6ojlIH2lUWRdg_6scpLFTr_8sNsCYJpO9vnoHLjCdCl4fd4KkfguKAXxpHAQ_aem_fD6SgMjtVn0SD70VnO53vg,utm_source=reddit&utm_medium=post&utm_campaign=s106&fbclid=IwcGRvZgRleHRuA2FlbQIxMQBzcnRjBmFwcF9pZAwyNTYyODEwNDA1NTgAAR6ojlIH2lUWRdg_6scpLFTr_8sNsCYJpO9vnoHLjCdCl4fd4KkfguKAXxpHAQ_aem_fD6SgMjtVn0SD70VnO53vg,https://www.facebook.com/,www.facebook.com,,,true,false,1,1,1,false,true,false,false,false,false,false,false,false
Available export: 2026-07-14 to 2026-08-04 (22 days),2026-07-28,338536915.1784646557|1785245203,338536915.1784646557,1785245203,reddit,post,s105,1785245203328453,https://terminusmaximus.com/replay-library/?utm_source=reddit&utm_medium=post&utm_campaign=s105&boss=Avatar&team=Laviscus&map=Avatar_02&tier=L3,utm_source=reddit&utm_medium=post&utm_campaign=s105&boss=Avatar&team=Laviscus&map=Avatar_02&tier=L3,,,,,true,false,1,1,1,false,true,false,false,false,false,false,false,false
Available export: 2026-07-14 to 2026-08-04 (22 days),2026-07-28,338536915.1784646557|1785254472,338536915.1784646557,1785254472,reddit,post,s105,1785254472086935,https://terminusmaximus.com/replay-library/?utm_source=reddit&utm_medium=post&utm_campaign=s105&boss=Avatar&team=Laviscus&map=Avatar_02&tier=L3,utm_source=reddit&utm_medium=post&utm_campaign=s105&boss=Avatar&team=Laviscus&map=Avatar_02&tier=L3,,,,,true,false,1,1,1,false,true,false,false,false,false,false,false,false
Available export: 2026-07-14 to 2026-08-04 (22 days),2026-07-28,338536915.1784646557|1785271672,338536915.1784646557,1785271672,reddit,post,s105,1785271672989330,https://terminusmaximus.com/replay-library/?utm_source=reddit&utm_medium=post&utm_campaign=s105&boss=Avatar&team=Laviscus&map=Avatar_02&tier=L3,utm_source=reddit&utm_medium=post&utm_campaign=s105&boss=Avatar&team=Laviscus&map=Avatar_02&tier=L3,,,,/replay-library/,true,false,2,2,1,false,false,true,true,false,false,false,false,false
Available export: 2026-07-14 to 2026-08-04 (22 days),2026-07-28,338536915.1784646557|1785305065,338536915.1784646557,1785305065,reddit,post,s105,1785305065152026,https://terminusmaximus.com/replay-library/?utm_source=reddit&utm_medium=post&utm_campaign=s105&boss=Avatar&team=Laviscus&map=Avatar_02&tier=L3,utm_source=reddit&utm_medium=post&utm_campaign=s105&boss=Avatar&team=Laviscus&map=Avatar_02&tier=L3,,,,,true,false,1,1,1,false,true,false,false,false,false,false,false,false
Available export: 2026-07-14 to 2026-08-04 (22 days),2026-07-28,359406148.1785126158|1785252480,359406148.1785126158,1785252480,(direct),(none),(direct),1785252480864189,https://terminusmaximus.com/replay-library/,,https://terminusmaximus.com/replay-library/?utm_source=reddit&utm_medium=post&utm_campaign=s105,terminusmaximus.com,,,true,false,1,1,1,false,true,false,false,false,false,false,false,false
Available export: 2026-07-14 to 2026-08-04 (22 days),2026-07-28,359406148.1785126158|1785257164,359406148.1785126158,1785257164,(direct),(none),(direct),1785257164987347,https://terminusmaximus.com/replay-library/,,https://terminusmaximus.com/replay-library/?utm_source=reddit&utm_medium=post&utm_campaign=s105,terminusmaximus.com,,,true,false,1,1,1,false,true,false,false,false,false,false,false,false
Available export: 2026-07-14 to 2026-08-04 (22 days),2026-07-28,359406148.1785126158|1785266712,359406148.1785126158,1785266712,(direct),(none),(direct),1785266712418184,https://terminusmaximus.com/replay-library/,,https://terminusmaximus.com/replay-library/?utm_source=reddit&utm_medium=post&utm_campaign=s105,terminusmaximus.com,,,true,false,1,1,1,false,true,false,false,false,false,false,false,false
Available export: 2026-07-14 to 2026-08-04 (22 days),2026-07-28,359406148.1785126158|1785301865,359406148.1785126158,1785301865,(direct),(none),(direct),1785301865427012,https://terminusmaximus.com/replay-library/,,https://terminusmaximus.com/replay-library/?utm_source=reddit&utm_medium=post&utm_campaign=s105,terminusmaximus.com,,,true,false,1,1,1,false,true,false,false,false,false,false,false,false
Available export: 2026-07-14 to 2026-08-04 (22 days),2026-07-28,360651704.1780689144|1785228318,360651704.1780689144,1785228318,ecosia.org,organic,(organic),1785228318523025,https://terminusmaximus.com/replay-library/?boss=Lion&map=Lion_02,boss=Lion&map=Lion_02,https://terminusmaximus.com/,terminusmaximus.com,,/replay-library/,true,false,3,3,1,false,false,true,true,false,false,false,false,false
Available export: 2026-07-14 to 2026-08-04 (22 days),2026-07-28,426321918.1785248137|1785248137,426321918.1785248137,1785248137,google,organic,(organic),1785248147376070,https://terminusmaximus.com/replay-library/,,https://terminusmaximus.com/,terminusmaximus.com,/,/,false,true,19,14,3,true,false,true,true,false,false,false,false,false
Available export: 2026-07-14 to 2026-08-04 (22 days),2026-07-28,452756785.1785264261|1785264260,452756785.1785264261,1785264260,reddit,post,s106,1785264274873049,https://terminusmaximus.com/replay-library/,,https://terminusmaximus.com/lre/lysander/,terminusmaximus.com,/lre/lysander/,/campaign-event/,false,true,9,1,1,false,false,true,false,false,false,false,false,false
Available export: 2026-07-14 to 2026-08-04 (22 days),2026-07-28,496117815.1785253832|1785253831,496117815.1785253832,1785253831,(direct),(none),(direct),1785253832050760,https://terminusmaximus.com/replay-library/?boss=Tervigon,boss=Tervigon,https://terminusmaximus.com/guild-raid/s106/,terminusmaximus.com,,/replay-library/,true,false,7,7,1,false,false,true,true,false,false,false,false,false
Available export: 2026-07-14 to 2026-08-04 (22 days),2026-07-28,548819994.1785159683|1785243511,548819994.1785159683,1785243511,reddit,post,s106,1785243511893739,https://terminusmaximus.com/replay-library/,,https://terminusmaximus.com/guild-raid/s106/?utm_source=reddit&utm_medium=post&utm_campaign=s106,terminusmaximus.com,,,true,false,1,1,1,false,true,false,false,false,false,false,false,false
Available export: 2026-07-14 to 2026-08-04 (22 days),2026-07-28,570549203.1785144272|1785240507,570549203.1785144272,1785240507,reddit,post,s106,1785240507849801,https://terminusmaximus.com/replay-library/?boss=Magnus&team=Custodes&map=Magnus_03&tier=M2,boss=Magnus&team=Custodes&map=Magnus_03&tier=M2,https://terminusmaximus.com/guild-raid/s106/?utm_source=reddit&utm_medium=post&utm_campaign=s106,terminusmaximus.com,,/,true,false,5,1,1,false,false,true,false,false,false,false,false,false
Available export: 2026-07-14 to 2026-08-04 (22 days),2026-07-28,748854176.1780663720|1785229040,748854176.1780663720,1785229040,(direct),(none),(direct),1785229041162161,https://terminusmaximus.com/replay-library/,,,,,/replay-library/,true,false,3,3,1,false,false,true,true,false,false,false,false,false
Available export: 2026-07-14 to 2026-08-04 (22 days),2026-07-28,88011080.1784934505|1785138800,88011080.1784934505,1785138800,reddit,post,s106,1785275933633230,https://terminusmaximus.com/replay-library/?team=Laviscus,team=Laviscus,,,,/replay-library/,true,false,9,9,1,false,false,true,true,false,false,false,false,false
Available export: 2026-07-14 to 2026-08-04 (22 days),2026-07-28,88011080.1784934505|1785148787,88011080.1784934505,1785148787,reddit,post,s106,1785285920067880,https://terminusmaximus.com/replay-library/?team=Laviscus,team=Laviscus,,,,/replay-library/,true,false,3,3,1,false,false,true,true,false,false,false,false,false
Available export: 2026-07-14 to 2026-08-04 (22 days),2026-07-28,906077819.1785308339|1785308339,906077819.1785308339,1785308339,google,organic,(organic),1785308362628726,https://terminusmaximus.com/replay-library/,,https://terminusmaximus.com/guild-raid/,terminusmaximus.com,/guild-raid/,/replay-library/,false,true,11,7,2,true,false,true,true,false,false,false,false,false
Available export: 2026-07-14 to 2026-08-04 (22 days),2026-07-28,943853686.1785234716|1785234716,943853686.1785234716,1785234716,(direct),(none),(direct),1785234716532918,https://terminusmaximus.com/replay-library/,,,,,/guild-raid/s105/,true,false,4,1,1,false,false,true,false,false,false,false,false,false
Available export: 2026-07-14 to 2026-08-04 (22 days),2026-07-29,1072113099.1780609127|1785331180,1072113099.1780609127,1785331180,reddit,post,s105,1785331180502190,https://terminusmaximus.com/replay-library/,,,,,,true,false,1,1,1,false,true,false,false,false,false,false,false,false
Available export: 2026-07-14 to 2026-08-04 (22 days),2026-07-29,1079571534.1784036714|1785350319,1079571534.1784036714,1785350319,reddit,post,s105,1785350319676753,https://terminusmaximus.com/replay-library/?utm_source=reddit&utm_medium=post&utm_campaign=s105,utm_source=reddit&utm_medium=post&utm_campaign=s105,,,,/replay-library/,true,false,3,3,1,false,false,true,true,false,false,false,false,false
Available export: 2026-07-14 to 2026-08-04 (22 days),2026-07-29,1094022816.1785389728|1785389727,1094022816.1785389728,1785389727,(direct),(none),(direct),1785389727918903,https://terminusmaximus.com/replay-library/,,https://terminusmaximus.com/replay-library/?utm_source=reddit&utm_medium=post&utm_campaign=s106,terminusmaximus.com,,,true,false,1,1,1,false,true,false,false,false,false,false,false,false
Available export: 2026-07-14 to 2026-08-04 (22 days),2026-07-29,111613413.1784280081|1785349612,111613413.1784280081,1785349612,google,organic,(organic),1785349612657905,https://terminusmaximus.com/replay-library/?boss=Lion&map=Lion_02&tier=L5,boss=Lion&map=Lion_02&tier=L5,https://terminusmaximus.com/guild-raid/boss-meta/,terminusmaximus.com,,/replay-library/,true,false,5,5,1,false,false,true,true,false,false,false,false,false
Available export: 2026-07-14 to 2026-08-04 (22 days),2026-07-29,1122305543.1780944578|1785373566,1122305543.1780944578,1785373566,reddit,post,mow2026,1785373564710053,https://terminusmaximus.com/replay-library/?boss=Cawl&team=Laviscus,boss=Cawl&team=Laviscus,,,,/replay-library/,true,false,2,2,1,false,false,true,true,false,false,false,false,false
Available export: 2026-07-14 to 2026-08-04 (22 days),2026-07-29,1165185475.1781299505|1785338535,1165185475.1781299505,1785338535,reddit,post,cezare-hre,1785339158324355,https://terminusmaximus.com/replay-library/,,https://terminusmaximus.com/hre/,terminusmaximus.com,/lre/lucius/,/,false,true,12,1,1,false,false,true,false,false,false,false,false,false
Available export: 2026-07-14 to 2026-08-04 (22 days),2026-07-29,1170678472.1785330752|1785330752,1170678472.1785330752,1785330752,reddit,post,s106,1785330770064861,https://terminusmaximus.com/replay-library/,,https://terminusmaximus.com/guild-raid/s106/?utm_source=reddit&utm_medium=post&utm_campaign=s106,terminusmaximus.com,/guild-raid/s106/,/replay-library/,false,true,6,5,1,false,false,true,true,false,false,false,false,false
Available export: 2026-07-14 to 2026-08-04 (22 days),2026-07-29,1170678472.1785330752|1785350502,1170678472.1785330752,1785350502,reddit,post,s106,1785350502420591,https://terminusmaximus.com/replay-library/?boss=Dorn&team=Laviscus&map=Dorn_06,boss=Dorn&team=Laviscus&map=Dorn_06,https://terminusmaximus.com/guild-raid/s106/?utm_source=reddit&utm_medium=post&utm_campaign=s106,terminusmaximus.com,,,true,false,1,1,1,false,true,false,false,false,false,false,false,false
Available export: 2026-07-14 to 2026-08-04 (22 days),2026-07-29,1170678472.1785330752|1785367012,1170678472.1785330752,1785367012,reddit,post,s106,1785367012991595,https://terminusmaximus.com/replay-library/?boss=Dorn&team=Laviscus&map=Dorn_06,boss=Dorn&team=Laviscus&map=Dorn_06,https://terminusmaximus.com/guild-raid/s106/?utm_source=reddit&utm_medium=post&utm_campaign=s106,terminusmaximus.com,,,true,false,1,1,1,false,true,false,false,false,false,false,false,false
Available export: 2026-07-14 to 2026-08-04 (22 days),2026-07-29,1182746816.1784121078|1785356491,1182746816.1784121078,1785356491,reddit,post,s105,1785356491465715,https://terminusmaximus.com/replay-library/?utm_source=reddit&utm_medium=post&utm_campaign=s105,utm_source=reddit&utm_medium=post&utm_campaign=s105,,,,/replay-library/,true,false,6,6,1,false,false,true,true,false,false,false,false,false
Available export: 2026-07-14 to 2026-08-04 (22 days),2026-07-29,1186765260.1784277452|1785331467,1186765260.1784277452,1785331467,discord,post,boss-meta,1785331468820971,https://terminusmaximus.com/replay-library/?boss=Cawl&team=Neuro,boss=Cawl&team=Neuro,https://terminusmaximus.com/guild-raid/boss-meta/?utm_source=discord&utm_medium=post&utm_campaign=boss-meta,terminusmaximus.com,,,true,false,1,1,1,false,true,false,false,false,false,false,false,false
Available export: 2026-07-14 to 2026-08-04 (22 days),2026-07-29,1186765260.1784277452|1785358631,1186765260.1784277452,1785358631,discord,post,boss-meta,1785358632959312,https://terminusmaximus.com/replay-library/?boss=Cawl&team=Neuro,boss=Cawl&team=Neuro,https://terminusmaximus.com/guild-raid/boss-meta/?utm_source=discord&utm_medium=post&utm_campaign=boss-meta,terminusmaximus.com,,,true,false,1,1,1,false,true,false,false,false,false,false,false,false
Available export: 2026-07-14 to 2026-08-04 (22 days),2026-07-29,1199556118.1785322559|1785322558,1199556118.1785322559,1785322558,(direct),(none),(direct),1785322583363948,https://terminusmaximus.com/replay-library/,,https://terminusmaximus.com/guild-raid/s106/,terminusmaximus.com,/guild-raid/s106/,/replay-library/,false,true,7,5,1,false,false,true,true,false,false,false,false,false
Available export: 2026-07-14 to 2026-08-04 (22 days),2026-07-29,1228893320.1785368683|1785368683,1228893320.1785368683,1785368683,google,organic,(organic),1785368685206065,https://terminusmaximus.com/replay-library/,,https://www.google.com/,www.google.com,,/replay-library/,true,false,4,4,1,false,false,true,true,false,false,false,false,false
Available export: 2026-07-14 to 2026-08-04 (22 days),2026-07-29,1233873503.1785347844|1785347843,1233873503.1785347844,1785347843,reddit,post,s105,1785347843181201,https://terminusmaximus.com/replay-library/?utm_source=reddit&utm_medium=post&utm_campaign=s105,utm_source=reddit&utm_medium=post&utm_campaign=s105,,,,/replay-library/,true,false,4,4,1,false,false,true,true,false,false,false,false,false
Available export: 2026-07-14 to 2026-08-04 (22 days),2026-07-29,1233873503.1785347844|1785357325,1233873503.1785347844,1785357325,reddit,post,s105,1785357325176543,https://terminusmaximus.com/replay-library/?utm_source=reddit&utm_medium=post&utm_campaign=s105&boss=Szarekh&team=Laviscus&map=Szarekh_04,utm_source=reddit&utm_medium=post&utm_campaign=s105&boss=Szarekh&team=Laviscus&map=Szarekh_04,,,,,true,false,1,1,1,false,true,false,false,false,false,false,false,false
Available export: 2026-07-14 to 2026-08-04 (22 days),2026-07-29,1233873503.1785347844|1785373562,1233873503.1785347844,1785373562,reddit,post,s105,1785373560940486,https://terminusmaximus.com/replay-library/?utm_source=reddit&utm_medium=post&utm_campaign=s105&boss=Szarekh&team=Laviscus&map=Szarekh_04,utm_source=reddit&utm_medium=post&utm_campaign=s105&boss=Szarekh&team=Laviscus&map=Szarekh_04,,,,,true,false,1,1,1,false,true,false,false,false,false,false,false,false
Available export: 2026-07-14 to 2026-08-04 (22 days),2026-07-29,1233873503.1785347844|1785379160,1233873503.1785347844,1785379160,reddit,post,s105,1785379159352618,https://terminusmaximus.com/replay-library/?utm_source=reddit&utm_medium=post&utm_campaign=s105&boss=Szarekh&team=Laviscus&map=Szarekh_04,utm_source=reddit&utm_medium=post&utm_campaign=s105&boss=Szarekh&team=Laviscus&map=Szarekh_04,,,,,true,false,1,1,1,false,true,false,false,false,false,false,false,false
Available export: 2026-07-14 to 2026-08-04 (22 days),2026-07-29,1248298120.1784135033|1785336432,1248298120.1784135033,1785336432,reddit,post,s105,1785336432255331,https://terminusmaximus.com/replay-library/?utm_source=reddit&utm_medium=post&utm_campaign=s105,utm_source=reddit&utm_medium=post&utm_campaign=s105,,,,/replay-library/,true,false,5,5,1,false,false,true,true,false,false,false,false,false
Available export: 2026-07-14 to 2026-08-04 (22 days),2026-07-29,1250091458.1782517562|1785374439,1250091458.1782517562,1785374439,reddit,post,elite-campaigns,1785374441546965,https://terminusmaximus.com/replay-library/,,,,,/replay-library/,true,false,4,4,1,false,false,true,true,false,false,false,false,false
Available export: 2026-07-14 to 2026-08-04 (22 days),2026-07-29,1252073459.1785339415|1785339414,1252073459.1785339415,1785339414,duckduckgo,organic,(organic),1785339414888266,https://terminusmaximus.com/replay-library/,,https://duckduckgo.com/,duckduckgo.com,,/replay-library/,true,false,6,6,1,false,false,true,true,false,false,false,false,false
Available export: 2026-07-14 to 2026-08-04 (22 days),2026-07-29,1252073459.1785339415|1785343770,1252073459.1785339415,1785343770,duckduckgo,organic,(organic),1785343770533508,https://terminusmaximus.com/replay-library/?boss=Szarekh&map=Szarekh_04,boss=Szarekh&map=Szarekh_04,https://duckduckgo.com/,duckduckgo.com,,,true,false,1,1,1,false,true,false,false,false,false,false,false,false
Available export: 2026-07-14 to 2026-08-04 (22 days),2026-07-29,1274562076.1784685946|1785322867,1274562076.1784685946,1785322867,reddit,post,s105,1785322868787520,https://terminusmaximus.com/replay-library/?utm_source=reddit&utm_medium=post&utm_campaign=s105,utm_source=reddit&utm_medium=post&utm_campaign=s105,,,,/replay-library/,true,false,4,4,1,false,false,true,true,false,false,false,false,false
Available export: 2026-07-14 to 2026-08-04 (22 days),2026-07-29,1275188175.1781809042|1785384637,1275188175.1781809042,1785384637,google,organic,(organic),1785384641055555,https://terminusmaximus.com/replay-library/,,https://terminusmaximus.com/,terminusmaximus.com,/,/replay-library/,false,true,6,5,1,false,false,true,true,false,false,false,false,false
Available export: 2026-07-14 to 2026-08-04 (22 days),2026-07-29,1284847974.1785291343|1785335296,1284847974.1785291343,1785335296,google,organic,(organic),1785335305933114,https://terminusmaximus.com/replay-library/,,https://terminusmaximus.com/,terminusmaximus.com,/,/guild-raid/boss-meta/,false,true,3,1,1,false,false,true,false,false,false,false,false,false
Available export: 2026-07-14 to 2026-08-04 (22 days),2026-07-29,1284847974.1785291343|1785362150,1284847974.1785291343,1785362150,google,organic,(organic),1785362156008243,https://terminusmaximus.com/replay-library/,,https://terminusmaximus.com/guild-raid/boss-meta/,terminusmaximus.com,,/replay-library/,true,false,2,2,1,false,false,true,true,false,false,false,false,false
Available export: 2026-07-14 to 2026-08-04 (22 days),2026-07-29,1289973249.1785331003|1785331003,1289973249.1785331003,1785331003,(direct),(none),(direct),1785331003340740,https://terminusmaximus.com/replay-library/,,,,,/replay-library/,true,false,5,5,1,false,false,true,true,false,false,false,false,false
Available export: 2026-07-14 to 2026-08-04 (22 days),2026-07-29,1289973249.1785331003|1785334225,1289973249.1785331003,1785334225,(direct),(none),(direct),1785334225814834,https://terminusmaximus.com/replay-library/?boss=Dorn&map=Dorn_03&tier=L2,boss=Dorn&map=Dorn_03&tier=L2,,,,/replay-library/,true,false,6,6,1,false,false,true,true,false,false,false,false,false
Available export: 2026-07-14 to 2026-08-04 (22 days),2026-07-29,1289973249.1785331003|1785339325,1289973249.1785331003,1785339325,(direct),(none),(direct),1785339325276287,https://terminusmaximus.com/replay-library/,,,,,/replay-library/,true,false,3,3,1,false,false,true,true,false,false,false,false,false
Available export: 2026-07-14 to 2026-08-04 (22 days),2026-07-29,1289973249.1785331003|1785349839,1289973249.1785331003,1785349839,(direct),(none),(direct),1785349839396159,https://terminusmaximus.com/replay-library/?boss=Ghaz&map=Ghaz_02,boss=Ghaz&map=Ghaz_02,,,,,true,false,1,1,1,false,true,false,false,false,false,false,false,false
Available export: 2026-07-14 to 2026-08-04 (22 days),2026-07-29,132530926.1784064299|1785360951,132530926.1784064299,1785360951,(direct),(none),(direct),1785360951742824,https://terminusmaximus.com/replay-library/,,,,,/replay-library/,true,false,5,5,1,false,false,true,true,false,false,false,false,false
Available export: 2026-07-14 to 2026-08-04 (22 days),2026-07-29,1329088566.1780506290|1785352345,1329088566.1780506290,1785352345,discord,post,boss-meta,1785352347990838,https://terminusmaximus.com/replay-library/,,,,,,true,false,1,1,1,false,true,false,false,false,false,false,false,false
Available export: 2026-07-14 to 2026-08-04 (22 days),2026-07-29,1329647486.1784224950|1785357487,1329647486.1784224950,1785357487,reddit,post,s105,1785357488282644,https://terminusmaximus.com/replay-library/?utm_source=reddit&utm_medium=post&utm_campaign=s105,utm_source=reddit&utm_medium=post&utm_campaign=s105,,,,/replay-library/,true,false,3,3,1,false,false,true,true,false,false,false,false,false
Available export: 2026-07-14 to 2026-08-04 (22 days),2026-07-29,1330085543.1784224204|1785384715,1330085543.1784224204,1785384715,google,organic,(organic),1785384715307881,https://terminusmaximus.com/replay-library/,,,,,/replay-library/,true,false,4,4,1,false,false,true,true,false,false,false,false,false
Available export: 2026-07-14 to 2026-08-04 (22 days),2026-07-29,1330085543.1784224204|1785387735,1330085543.1784224204,1785387735,google,organic,(organic),1785387735594441,https://terminusmaximus.com/replay-library/?boss=Riptide&team=Laviscus&tier=L1,boss=Riptide&team=Laviscus&tier=L1,,,,,true,false,1,1,1,false,true,false,false,false,false,false,false,false
Available export: 2026-07-14 to 2026-08-04 (22 days),2026-07-29,1349412272.1784111367|1785324446,1349412272.1784111367,1785324446,(direct),(none),(direct),1785324447317979,https://terminusmaximus.com/replay-library/,,,,,/replay-library/,true,false,8,8,1,false,false,true,true,false,false,false,false,false
Available export: 2026-07-14 to 2026-08-04 (22 days),2026-07-29,1353535791.1784042323|1785332558,1353535791.1784042323,1785332558,reddit,post,s105,1785332558051241,https://terminusmaximus.com/replay-library/,,,,,/,true,false,5,1,1,false,false,true,false,false,true,false,false,false
Available export: 2026-07-14 to 2026-08-04 (22 days),2026-07-29,1353535791.1784042323|1785387003,1353535791.1784042323,1785387003,reddit,post,s105,1785387003711477,https://terminusmaximus.com/replay-library/,,,,,/,true,false,9,4,2,true,false,true,true,false,true,false,false,false
Available export: 2026-07-14 to 2026-08-04 (22 days),2026-07-29,1386622177.1783695565|1785357774,1386622177.1783695565,1785357774,reddit,post,s106,1785357774134772,https://terminusmaximus.com/replay-library/?utm_source=reddit&utm_medium=post&utm_campaign=s106,utm_source=reddit&utm_medium=post&utm_campaign=s106,,,,/replay-library/,true,false,20,19,1,false,false,true,true,false,false,false,false,false
Available export: 2026-07-14 to 2026-08-04 (22 days),2026-07-29,1399928908.1784037368|1785320951,1399928908.1784037368,1785320951,reddit,post,s106,1785320951840922,https://terminusmaximus.com/replay-library/?utm_source=reddit&utm_medium=post&utm_campaign=s106,utm_source=reddit&utm_medium=post&utm_campaign=s106,,,,/replay-library/,true,false,3,3,1,false,false,true,true,false,false,false,false,false
Available export: 2026-07-14 to 2026-08-04 (22 days),2026-07-29,1413919667.1785323208|1785323207,1413919667.1785323208,1785323207,(direct),(none),(direct),1785323207603629,https://terminusmaximus.com/replay-library/?boss=Mortarion&team=Laviscus,boss=Mortarion&team=Laviscus,,,,,true,false,1,1,1,false,true,false,false,false,false,false,false,false
Available export: 2026-07-14 to 2026-08-04 (22 days),2026-07-29,1424096740.1785145596|1785313547,1424096740.1785145596,1785313547,reddit,post,boss-meta,1785314945566110,https://terminusmaximus.com/replay-library/,,https://terminusmaximus.com/guild-raid/boss-meta/,terminusmaximus.com,/guild-raid/boss-meta/,/events/,false,true,9,1,1,false,false,true,false,false,false,false,false,false
Available export: 2026-07-14 to 2026-08-04 (22 days),2026-07-29,1435199393.1785386945|1785386944,1435199393.1785386945,1785386944,google,organic,(organic),1785386948699972,https://terminusmaximus.com/replay-library/,,https://terminusmaximus.com/,terminusmaximus.com,/,/replay-library/,false,true,5,4,1,false,false,true,true,false,false,false,false,false
Available export: 2026-07-14 to 2026-08-04 (22 days),2026-07-29,1450814780.1784262433|1785345275,1450814780.1784262433,1785345275,google,organic,(organic),1785345284850431,https://terminusmaximus.com/replay-library/,,https://terminusmaximus.com/,terminusmaximus.com,/,/replay-library/,false,true,7,6,1,false,false,true,true,false,false,false,false,false
Available export: 2026-07-14 to 2026-08-04 (22 days),2026-07-29,1450814780.1784262433|1785350563,1450814780.1784262433,1785350563,google,organic,(organic),1785350563303829,https://terminusmaximus.com/replay-library/?boss=Tervigon&team=Laviscus&map=Tervigon_04,boss=Tervigon&team=Laviscus&map=Tervigon_04,https://terminusmaximus.com/,terminusmaximus.com,,,true,false,1,1,1,false,true,false,false,false,false,false,false,false
Available export: 2026-07-14 to 2026-08-04 (22 days),2026-07-29,1450814780.1784262433|1785392193,1450814780.1784262433,1785392193,google,organic,(organic),1785392210043968,https://terminusmaximus.com/replay-library/,,https://terminusmaximus.com/guild-raid/s106/,terminusmaximus.com,/guild-raid/s106/,/replay-library/,false,true,7,5,1,false,false,true,true,false,false,false,false,false
Available export: 2026-07-14 to 2026-08-04 (22 days),2026-07-29,1497073002.1784383888|1785363318,1497073002.1784383888,1785363318,google,organic,(organic),1785363318306806,https://terminusmaximus.com/replay-library/,,,,,/replay-library/,true,false,3,3,1,false,false,true,true,false,false,false,false,false
Available export: 2026-07-14 to 2026-08-04 (22 days),2026-07-29,1497073002.1784383888|1785370918,1497073002.1784383888,1785370918,google,organic,(organic),1785370918783096,https://terminusmaximus.com/replay-library/,,,,,/replay-library/,true,false,3,3,1,false,false,true,true,false,false,false,false,false
Available export: 2026-07-14 to 2026-08-04 (22 days),2026-07-29,150477969.1785225961|1785329641,150477969.1785225961,1785329641,reddit,post,s106,1785329640747709,https://terminusmaximus.com/replay-library/?utm_source=reddit&utm_medium=post&utm_campaign=s106,utm_source=reddit&utm_medium=post&utm_campaign=s106,android-app://com.reddit.frontpage/,com.reddit.frontpage,,,true,false,1,1,1,false,true,false,false,false,false,false,false,false
Available export: 2026-07-14 to 2026-08-04 (22 days),2026-07-29,150477969.1785225961|1785331911,150477969.1785225961,1785331911,reddit,post,s106,1785331910816449,https://terminusmaximus.com/replay-library/?utm_source=reddit&utm_medium=post&utm_campaign=s106,utm_source=reddit&utm_medium=post&utm_campaign=s106,android-app://com.reddit.frontpage/,com.reddit.frontpage,,,true,false,1,1,1,false,true,false,false,false,false,false,false,false
Available export: 2026-07-14 to 2026-08-04 (22 days),2026-07-29,150477969.1785225961|1785343999,150477969.1785225961,1785343999,reddit,post,s106,1785343999222606,https://terminusmaximus.com/replay-library/?utm_source=reddit&utm_medium=post&utm_campaign=s106,utm_source=reddit&utm_medium=post&utm_campaign=s106,android-app://com.reddit.frontpage/,com.reddit.frontpage,,,true,false,1,1,1,false,true,false,false,false,false,false,false,false
Available export: 2026-07-14 to 2026-08-04 (22 days),2026-07-29,1504857943.1784205943|1785328182,1504857943.1784205943,1785328182,(direct),(none),(direct),1785328183362339,https://terminusmaximus.com/replay-library/,,,,,/replay-library/,true,false,9,9,1,false,false,true,true,false,false,false,false,false
Available export: 2026-07-14 to 2026-08-04 (22 days),2026-07-29,1520165871.1784095012|1785389644,1520165871.1784095012,1785389644,reddit,post,s105,1785389645486944,https://terminusmaximus.com/replay-library/?utm_source=reddit&utm_medium=post&utm_campaign=s105&boss=Cawl&team=Laviscus&map=Cawl_01&tier=L4,utm_source=reddit&utm_medium=post&utm_campaign=s105&boss=Cawl&team=Laviscus&map=Cawl_01&tier=L4,,,,/replay-library/,true,false,3,3,1,false,false,true,true,false,false,false,false,false
Available export: 2026-07-14 to 2026-08-04 (22 days),2026-07-29,1520165871.1784095012|1785393965,1520165871.1784095012,1785393965,reddit,post,s105,1785393965985396,https://terminusmaximus.com/replay-library/?utm_source=reddit&utm_medium=post&utm_campaign=s105&boss=Screamer&team=Laviscus&tier=L1,utm_source=reddit&utm_medium=post&utm_campaign=s105&boss=Screamer&team=Laviscus&tier=L1,,,,,true,false,1,1,1,false,true,false,false,false,false,false,false,false
Available export: 2026-07-14 to 2026-08-04 (22 days),2026-07-29,1525464228.1785017862|1785359603,1525464228.1785017862,1785359603,(direct),(none),(direct),1785359604075242,https://terminusmaximus.com/replay-library/,,,,,/replay-library/,true,false,4,4,1,false,false,true,true,false,false,false,false,false
Available export: 2026-07-14 to 2026-08-04 (22 days),2026-07-29,153741369.1782633638|1785336860,153741369.1782633638,1785336860,(direct),(none),(direct),1785337066212296,https://terminusmaximus.com/replay-library/,,https://terminusmaximus.com/,terminusmaximus.com,/,,false,true,3,1,1,false,false,true,false,false,false,false,false,false
Available export: 2026-07-14 to 2026-08-04 (22 days),2026-07-29,1579534942.1785329290|1785329289,1579534942.1785329290,1785329289,google,organic,(organic),1785329287232239,https://terminusmaximus.com/replay-library/,,https://terminusmaximus.com/guild-raid/,terminusmaximus.com,/guild-raid/,/replay-library/,false,true,4,3,1,false,false,true,true,false,false,false,false,false
Available export: 2026-07-14 to 2026-08-04 (22 days),2026-07-29,1604876797.1785359705|1785359705,1604876797.1785359705,1785359705,google,organic,(organic),1785359706202892,https://terminusmaximus.com/replay-library/,,https://terminusmaximus.com/,terminusmaximus.com,/,/replay-library/,false,true,6,5,1,false,false,true,true,false,false,false,false,false
Available export: 2026-07-14 to 2026-08-04 (22 days),2026-07-29,1617973791.1784216272|1785335056,1617973791.1784216272,1785335056,(direct),(none),(direct),1785335056634591,https://terminusmaximus.com/replay-library/,,,,,/replay-library/,true,false,5,5,1,false,false,true,true,false,false,false,false,false
Available export: 2026-07-14 to 2026-08-04 (22 days),2026-07-29,1634802281.1784812370|1785326614,1634802281.1784812370,1785326614,(direct),(none),(direct),1785326614194232,https://terminusmaximus.com/replay-library/,,,,,/replay-library/,true,false,5,5,1,false,false,true,true,false,false,false,false,false
Available export: 2026-07-14 to 2026-08-04 (22 days),2026-07-29,1664827746.1783703573|1785361667,1664827746.1783703573,1785361667,google,organic,(organic),1785361669171749,https://terminusmaximus.com/replay-library/,,https://terminusmaximus.com/,terminusmaximus.com,/,/,false,true,4,1,1,false,false,true,false,false,true,false,false,false
Available export: 2026-07-14 to 2026-08-04 (22 days),2026-07-29,1691462666.1784115627|1785324407,1691462666.1784115627,1785324407,(direct),(none),(direct),1785324407441487,https://terminusmaximus.com/replay-library/,,,,,/replay-library/,true,false,15,15,1,false,false,true,true,false,false,false,false,false
Available export: 2026-07-14 to 2026-08-04 (22 days),2026-07-29,1694406866.1781479955|1785335092,1694406866.1781479955,1785335092,reddit,post,s106,1785335083232492,https://terminusmaximus.com/replay-library/?utm_source=reddit&utm_medium=post&utm_campaign=s106,utm_source=reddit&utm_medium=post&utm_campaign=s106,https://www.reddit.com/,www.reddit.com,,/replay-library/,true,false,5,5,1,false,false,true,true,false,false,false,false,false
Available export: 2026-07-14 to 2026-08-04 (22 days),2026-07-29,1694406866.1781479955|1785341167,1694406866.1781479955,1785341167,reddit,post,mow2026,1785341159854201,https://terminusmaximus.com/replay-library/,,https://terminusmaximus.com/?utm_source=reddit&utm_medium=post&utm_campaign=mow2026,terminusmaximus.com,/,/replay-library/,false,true,15,12,3,true,false,true,true,false,false,false,false,false
Available export: 2026-07-14 to 2026-08-04 (22 days),2026-07-29,1694406866.1781479955|1785350970,1694406866.1781479955,1785350970,reddit,post,mow2026,1785350962930408,https://terminusmaximus.com/replay-library/,,https://terminusmaximus.com/?utm_source=reddit&utm_medium=post&utm_campaign=mow2026,terminusmaximus.com,/,/replay-library/,false,true,5,4,1,false,false,true,true,false,false,false,false,false
Available export: 2026-07-14 to 2026-08-04 (22 days),2026-07-29,1694406866.1781479955|1785353245,1694406866.1781479955,1785353245,reddit,post,mow2026,1785353242842163,https://terminusmaximus.com/replay-library/,,https://terminusmaximus.com/?utm_source=reddit&utm_medium=post&utm_campaign=mow2026,terminusmaximus.com,/,/replay-library/,false,true,3,2,1,false,false,true,true,false,false,false,false,false
Available export: 2026-07-14 to 2026-08-04 (22 days),2026-07-29,1694406866.1781479955|1785362797,1694406866.1781479955,1785362797,reddit,post,mow2026,1785362791808082,https://terminusmaximus.com/replay-library/,,https://terminusmaximus.com/?utm_source=reddit&utm_medium=post&utm_campaign=mow2026,terminusmaximus.com,/,/replay-library/,false,true,10,8,2,true,false,true,true,false,false,false,false,false
Available export: 2026-07-14 to 2026-08-04 (22 days),2026-07-29,1694406866.1781479955|1785366541,1694406866.1781479955,1785366541,reddit,post,mow2026,1785366532629156,https://terminusmaximus.com/replay-library/,,https://terminusmaximus.com/?utm_source=reddit&utm_medium=post&utm_campaign=mow2026,terminusmaximus.com,/,/replay-library/,false,true,5,4,1,false,false,true,true,false,false,false,false,false
Available export: 2026-07-14 to 2026-08-04 (22 days),2026-07-29,1694406866.1781479955|1785378946,1694406866.1781479955,1785378946,reddit,post,mow2026,1785378943581540,https://terminusmaximus.com/replay-library/,,https://terminusmaximus.com/?utm_source=reddit&utm_medium=post&utm_campaign=mow2026,terminusmaximus.com,/,/replay-library/,false,true,5,4,1,false,false,true,true,false,false,false,false,false
Available export: 2026-07-14 to 2026-08-04 (22 days),2026-07-29,1750145351.1780773652|1785351690,1750145351.1780773652,1785351690,duckduckgo,organic,(organic),1785351697359118,https://terminusmaximus.com/replay-library/,,https://terminusmaximus.com/,terminusmaximus.com,/,/replay-library/,false,true,14,12,2,true,false,true,true,false,false,false,false,false
Available export: 2026-07-14 to 2026-08-04 (22 days),2026-07-29,1750145351.1780773652|1785364845,1750145351.1780773652,1785364845,duckduckgo,organic,(organic),1785364852271210,https://terminusmaximus.com/replay-library/,,https://terminusmaximus.com/,terminusmaximus.com,/,/replay-library/,false,true,5,4,1,false,false,true,true,false,false,false,false,false
Available export: 2026-07-14 to 2026-08-04 (22 days),2026-07-29,1751120499.1785358777|1785358777,1751120499.1785358777,1785358777,(direct),(none),(direct),1785358777052198,https://terminusmaximus.com/replay-library/,,,,,/replay-library/,true,false,6,6,1,false,false,true,true,false,false,false,false,false
Available export: 2026-07-14 to 2026-08-04 (22 days),2026-07-29,1767664512.1784079686|1785324965,1767664512.1784079686,1785324965,(direct),(none),(direct),1785324965466855,https://terminusmaximus.com/replay-library/,,,,,,true,false,1,1,1,false,true,false,false,false,false,false,false,false
Available export: 2026-07-14 to 2026-08-04 (22 days),2026-07-29,1767664512.1784079686|1785375315,1767664512.1784079686,1785375315,(direct),(none),(direct),1785375315929065,https://terminusmaximus.com/replay-library/,,,,,,true,false,1,1,1,false,true,false,false,false,false,false,false,false
Available export: 2026-07-14 to 2026-08-04 (22 days),2026-07-29,1784678737.1784129889|1785337186,1784678737.1784129889,1785337186,reddit,post,s105,1785337186987194,https://terminusmaximus.com/replay-library/?boss=Cawl&team=Neuro&map=Cawl_01,boss=Cawl&team=Neuro&map=Cawl_01,,,,/replay-library/,true,false,6,6,1,false,false,true,true,false,false,false,false,false
Available export: 2026-07-14 to 2026-08-04 (22 days),2026-07-29,1784678737.1784129889|1785352622,1784678737.1784129889,1785352622,reddit,post,s105,1785352622791982,https://terminusmaximus.com/replay-library/?boss=Tervigon&team=AdMech&map=Tervigon_01,boss=Tervigon&team=AdMech&map=Tervigon_01,,,,,true,false,1,1,1,false,true,false,false,false,false,false,false,false
Available export: 2026-07-14 to 2026-08-04 (22 days),2026-07-29,1784678737.1784129889|1785356754,1784678737.1784129889,1785356754,reddit,post,s105,1785356754945122,https://terminusmaximus.com/replay-library/?boss=Tervigon&team=AdMech&map=Tervigon_01,boss=Tervigon&team=AdMech&map=Tervigon_01,,,,/replay-library/,true,false,3,3,1,false,false,true,true,false,false,false,false,false
Available export: 2026-07-14 to 2026-08-04 (22 days),2026-07-29,1789962346.1784215190|1785393062,1789962346.1784215190,1785393062,reddit,post,mow2026,1785393061906811,https://terminusmaximus.com/replay-library/,,,,,/replay-library/,true,false,4,4,1,false,false,true,true,false,false,false,false,false
Available export: 2026-07-14 to 2026-08-04 (22 days),2026-07-29,1811465465.1785052798|1785346687,1811465465.1785052798,1785346687,(direct),(none),(direct),1785346687601473,https://terminusmaximus.com/replay-library/,,,,,/replay-library/,true,false,3,3,1,false,false,true,true,false,false,false,false,false
Available export: 2026-07-14 to 2026-08-04 (22 days),2026-07-29,1819477826.1785240890|1785324109,1819477826.1785240890,1785324109,(direct),(none),(direct),1785324925882672,https://terminusmaximus.com/replay-library/,,https://terminusmaximus.com/,terminusmaximus.com,/guild-raid/boss-meta/,,false,true,5,1,1,false,false,true,false,false,false,false,false,false
Available export: 2026-07-14 to 2026-08-04 (22 days),2026-07-29,1823047730.1784152816|1785394357,1823047730.1784152816,1785394357,google,organic,(organic),1785394370009723,https://terminusmaximus.com/replay-library/,,https://terminusmaximus.com/,terminusmaximus.com,/,/replay-library/,false,true,5,4,1,false,false,true,true,false,false,false,false,false
Available export: 2026-07-14 to 2026-08-04 (22 days),2026-07-29,1834816715.1784168211|1785383491,1834816715.1784168211,1785383491,(direct),(none),(direct),1785383491747574,https://terminusmaximus.com/replay-library/?boss=Szarekh,boss=Szarekh,https://terminusmaximus.com/replay-library/,terminusmaximus.com,,/replay-library/,true,false,3,3,1,false,false,true,true,false,false,false,false,false
Available export: 2026-07-14 to 2026-08-04 (22 days),2026-07-29,1836972843.1783782113|1785331862,1836972843.1783782113,1785331862,google,organic,(organic),1785331903812453,https://terminusmaximus.com/replay-library/,,https://terminusmaximus.com/guild-raid/s106/,terminusmaximus.com,/guild-raid/s106/,/replay-library/,false,true,6,4,1,false,false,true,true,false,true,false,false,false
Available export: 2026-07-14 to 2026-08-04 (22 days),2026-07-29,1836972843.1783782113|1785337968,1836972843.1783782113,1785337968,google,organic,(organic),1785337968913560,https://terminusmaximus.com/replay-library/?boss=Ghaz&team=Laviscus&map=Ghaz_02,boss=Ghaz&team=Laviscus&map=Ghaz_02,https://terminusmaximus.com/guild-raid/s106/,terminusmaximus.com,,,true,false,1,1,1,false,true,false,false,false,false,false,false,false
Available export: 2026-07-14 to 2026-08-04 (22 days),2026-07-29,1836972843.1783782113|1785353996,1836972843.1783782113,1785353996,google,organic,(organic),1785354223181400,https://terminusmaximus.com/replay-library/,,https://terminusmaximus.com/guild-raid/s106/,terminusmaximus.com,/guild-raid/s106/,/replay-library/,false,true,6,4,1,false,false,true,true,false,true,false,false,false
Available export: 2026-07-14 to 2026-08-04 (22 days),2026-07-29,1836972843.1783782113|1785357184,1836972843.1783782113,1785357184,google,organic,(organic),1785357184554788,https://terminusmaximus.com/replay-library/?boss=Magnus&map=Magnus_02,boss=Magnus&map=Magnus_02,https://terminusmaximus.com/guild-raid/s106/,terminusmaximus.com,,,true,false,1,1,1,false,true,false,false,false,false,false,false,false
Available export: 2026-07-14 to 2026-08-04 (22 days),2026-07-29,1858047959.1784030123|1785337445,1858047959.1784030123,1785337445,reddit,post,s105,1785337446798192,https://terminusmaximus.com/replay-library/?utm_source=reddit&utm_medium=post&utm_campaign=s105,utm_source=reddit&utm_medium=post&utm_campaign=s105,,,,/replay-library/,true,false,3,3,1,false,false,true,true,false,false,false,false,false
Available export: 2026-07-14 to 2026-08-04 (22 days),2026-07-29,1858047959.1784030123|1785345141,1858047959.1784030123,1785345141,reddit,post,s105,1785345143439784,https://terminusmaximus.com/replay-library/?utm_source=reddit&utm_medium=post&utm_campaign=s105&boss=Screamer,utm_source=reddit&utm_medium=post&utm_campaign=s105&boss=Screamer,https://terminusmaximus.com/replay-library/?utm_source=reddit&utm_medium=post&utm_campaign=s105&boss=Ghaz&map=Ghaz_02,terminusmaximus.com,,/replay-library/,true,false,3,3,1,false,false,true,true,false,false,false,false,false
Available export: 2026-07-14 to 2026-08-04 (22 days),2026-07-29,1867473171.1785363105|1785363105,1867473171.1785363105,1785363105,google,organic,(organic),1785363107460240,https://terminusmaximus.com/replay-library/,,https://terminusmaximus.com/,terminusmaximus.com,/,/replay-library/,false,true,3,2,1,false,false,true,true,false,false,false,false,false
Available export: 2026-07-14 to 2026-08-04 (22 days),2026-07-29,1894485249.1785290449|1785331069,1894485249.1785290449,1785331069,google,organic,(organic),1785331082925318,https://terminusmaximus.com/replay-library/,,https://terminusmaximus.com/,terminusmaximus.com,/,/,false,true,4,1,1,false,false,true,false,false,false,false,false,false
Available export: 2026-07-14 to 2026-08-04 (22 days),2026-07-29,1953140580.1784357969|1785370376,1953140580.1784357969,1785370376,google,organic,(organic),1785370378616302,https://terminusmaximus.com/replay-library/?boss=Mortarion&team=Laviscus&tier=M1,boss=Mortarion&team=Laviscus&tier=M1,,,,/replay-library/,true,false,5,5,1,false,false,true,true,false,false,false,false,false
Available export: 2026-07-14 to 2026-08-04 (22 days),2026-07-29,1978556558.1784646467|1785325481,1978556558.1784646467,1785325481,(direct),(none),(direct),1785325482100017,https://terminusmaximus.com/replay-library/,,,,,/replay-library/,true,false,3,3,1,false,false,true,true,false,false,false,false,false
Available export: 2026-07-14 to 2026-08-04 (22 days),2026-07-29,1978556558.1784646467|1785330658,1978556558.1784646467,1785330658,(direct),(none),(direct),1785330658291191,https://terminusmaximus.com/replay-library/,,,,,/replay-library/,true,false,3,3,1,false,false,true,true,false,false,false,false,false
Available export: 2026-07-14 to 2026-08-04 (22 days),2026-07-29,1978556558.1784646467|1785332569,1978556558.1784646467,1785332569,(direct),(none),(direct),1785332569749860,https://terminusmaximus.com/replay-library/,,,,,/replay-library/,true,false,3,3,1,false,false,true,true,false,false,false,false,false
Available export: 2026-07-14 to 2026-08-04 (22 days),2026-07-29,1978556558.1784646467|1785335925,1978556558.1784646467,1785335925,(direct),(none),(direct),1785335925770818,https://terminusmaximus.com/replay-library/?boss=Dorn&map=Dorn_03,boss=Dorn&map=Dorn_03,,,,,true,false,1,1,1,false,true,false,false,false,false,false,false,false
Available export: 2026-07-14 to 2026-08-04 (22 days),2026-07-29,1978556558.1784646467|1785342956,1978556558.1784646467,1785342956,(direct),(none),(direct),1785342956728219,https://terminusmaximus.com/replay-library/?boss=Avatar&map=Avatar_05,boss=Avatar&map=Avatar_05,,,,/replay-library/,true,false,3,3,1,false,false,true,true,false,false,false,false,false
Available export: 2026-07-14 to 2026-08-04 (22 days),2026-07-29,1978556558.1784646467|1785375813,1978556558.1784646467,1785375813,(direct),(none),(direct),1785375813596143,https://terminusmaximus.com/replay-library/,,,,,/replay-library/,true,false,3,3,1,false,false,true,true,false,false,false,false,false
Available export: 2026-07-14 to 2026-08-04 (22 days),2026-07-29,1978556558.1784646467|1785377678,1978556558.1784646467,1785377678,(direct),(none),(direct),1785377678501874,https://terminusmaximus.com/replay-library/?boss=Szarekh&map=Szarekh_04,boss=Szarekh&map=Szarekh_04,,,,,true,false,1,1,1,false,true,false,false,false,false,false,false,false
Available export: 2026-07-14 to 2026-08-04 (22 days),2026-07-29,206343876.1785212333|1785393372,206343876.1785212333,1785393372,google,organic,(organic),1785393373685476,https://terminusmaximus.com/replay-library/,,https://terminusmaximus.com/guild-raid/,terminusmaximus.com,/guild-raid/,/replay-library/,false,true,8,7,1,false,false,true,true,false,false,false,false,false
Available export: 2026-07-14 to 2026-08-04 (22 days),2026-07-29,2111859797.1784029962|1785324298,2111859797.1784029962,1785324298,reddit,post,s105,1785324299115972,https://terminusmaximus.com/replay-library/?utm_source=reddit&utm_medium=post&utm_campaign=s105,utm_source=reddit&utm_medium=post&utm_campaign=s105,,,,/replay-library/,true,false,3,3,1,false,false,true,true,false,false,false,false,false
Available export: 2026-07-14 to 2026-08-04 (22 days),2026-07-29,2111859797.1784029962|1785328092,2111859797.1784029962,1785328092,reddit,post,s105,1785328093615402,https://terminusmaximus.com/replay-library/?utm_source=reddit&utm_medium=post&utm_campaign=s105&boss=Dorn&team=Laviscus,utm_source=reddit&utm_medium=post&utm_campaign=s105&boss=Dorn&team=Laviscus,https://terminusmaximus.com/replay-library/?utm_source=reddit&utm_medium=post&utm_campaign=s105&boss=Hive+Tyrant&team=Laviscus,terminusmaximus.com,,/replay-library/,true,false,2,2,1,false,false,true,true,false,false,false,false,false
Available export: 2026-07-14 to 2026-08-04 (22 days),2026-07-29,2111859797.1784029962|1785332917,2111859797.1784029962,1785332917,reddit,post,s105,1785332918519066,https://terminusmaximus.com/replay-library/?utm_source=reddit&utm_medium=post&utm_campaign=s105&boss=Mortarion&team=Laviscus,utm_source=reddit&utm_medium=post&utm_campaign=s105&boss=Mortarion&team=Laviscus,https://terminusmaximus.com/replay-library/?utm_source=reddit&utm_medium=post&utm_campaign=s105&boss=Dorn&team=Laviscus&map=Dorn_03,terminusmaximus.com,,/replay-library/,true,false,3,3,1,false,false,true,true,false,false,false,false,false
Available export: 2026-07-14 to 2026-08-04 (22 days),2026-07-29,2111859797.1784029962|1785367590,2111859797.1784029962,1785367590,reddit,post,s105,1785367591084629,https://terminusmaximus.com/replay-library/?utm_source=reddit&utm_medium=post&utm_campaign=s105&boss=Mortarion&team=Laviscus&map=Mortarion_04,utm_source=reddit&utm_medium=post&utm_campaign=s105&boss=Mortarion&team=Laviscus&map=Mortarion_04,,,,,true,false,1,1,1,false,true,false,false,false,false,false,false,false
Available export: 2026-07-14 to 2026-08-04 (22 days),2026-07-29,2130949628.1785347460|1785347459,2130949628.1785347460,1785347459,google,organic,(organic),1785347511814712,https://terminusmaximus.com/replay-library/,,https://terminusmaximus.com/elite-campaigns/,terminusmaximus.com,/elite-campaigns/,/elite-campaigns/,false,true,4,1,1,false,false,true,false,false,false,false,false,false
Available export: 2026-07-14 to 2026-08-04 (22 days),2026-07-29,226683572.1785348912|1785348911,226683572.1785348912,1785348911,google,organic,(organic),1785348918424565,https://terminusmaximus.com/replay-library/,,https://terminusmaximus.com/,terminusmaximus.com,/,/replay-library/,false,true,6,5,1,false,false,true,true,false,false,false,false,false
Available export: 2026-07-14 to 2026-08-04 (22 days),2026-07-29,342488501.1785379775|1785379774,342488501.1785379775,1785379774,google,organic,(organic),1785379793038670,https://terminusmaximus.com/replay-library/,,https://terminusmaximus.com/,terminusmaximus.com,/,/replay-library/,false,true,4,3,1,false,false,true,true,false,false,false,false,false
Available export: 2026-07-14 to 2026-08-04 (22 days),2026-07-29,342488501.1785379775|1785382018,342488501.1785379775,1785382018,google,organic,(organic),1785382018412668,https://terminusmaximus.com/replay-library/?boss=Magnus&map=Magnus_02,boss=Magnus&map=Magnus_02,https://terminusmaximus.com/,terminusmaximus.com,,/replay-library/,true,false,2,2,1,false,false,true,true,false,false,false,false,false
Available export: 2026-07-14 to 2026-08-04 (22 days),2026-07-29,345358683.1785340518|1785340518,345358683.1785340518,1785340518,google,organic,(organic),1785340525272862,https://terminusmaximus.com/replay-library/,,https://terminusmaximus.com/,terminusmaximus.com,/,/replay-library/,false,true,4,3,1,false,false,true,true,false,false,false,false,false
Available export: 2026-07-14 to 2026-08-04 (22 days),2026-07-29,348218292.1784068987|1785313645,348218292.1784068987,1785313645,reddit,post,s106,1785313646141088,https://terminusmaximus.com/replay-library/?utm_source=reddit&utm_medium=post&utm_campaign=s106&boss=Dorn,utm_source=reddit&utm_medium=post&utm_campaign=s106&boss=Dorn,,,,/,true,false,6,3,2,true,false,true,true,false,false,false,false,false
Available export: 2026-07-14 to 2026-08-04 (22 days),2026-07-29,359406148.1785126158|1785345755,359406148.1785126158,1785345755,(direct),(none),(direct),1785345756088540,https://terminusmaximus.com/replay-library/,,https://terminusmaximus.com/replay-library/?utm_source=reddit&utm_medium=post&utm_campaign=s105,terminusmaximus.com,,,true,false,1,1,1,false,true,false,false,false,false,false,false,false
Available export: 2026-07-14 to 2026-08-04 (22 days),2026-07-29,359406148.1785126158|1785355643,359406148.1785126158,1785355643,(direct),(none),(direct),1785355644060676,https://terminusmaximus.com/replay-library/,,https://terminusmaximus.com/replay-library/?utm_source=reddit&utm_medium=post&utm_campaign=s105,terminusmaximus.com,,,true,false,1,1,1,false,true,false,false,false,false,false,false,false
Available export: 2026-07-14 to 2026-08-04 (22 days),2026-07-29,360651704.1780689144|1785346092,360651704.1780689144,1785346092,ecosia.org,organic,(organic),1785346093158654,https://terminusmaximus.com/replay-library/?boss=Mortarion&team=Laviscus,boss=Mortarion&team=Laviscus,https://terminusmaximus.com/,terminusmaximus.com,,/replay-library/,true,false,3,3,1,false,false,true,true,false,false,false,false,false
Available export: 2026-07-14 to 2026-08-04 (22 days),2026-07-29,360651704.1780689144|1785372461,360651704.1780689144,1785372461,ecosia.org,organic,(organic),1785372461874829,https://terminusmaximus.com/replay-library/?boss=Szarekh&team=Laviscus,boss=Szarekh&team=Laviscus,https://terminusmaximus.com/replay-library/?boss=Avatar&team=Laviscus&map=Avatar_05,terminusmaximus.com,,/replay-library/,true,false,2,2,1,false,false,true,true,false,false,false,false,false
Available export: 2026-07-14 to 2026-08-04 (22 days),2026-07-29,375889007.1784988029|1785393648,375889007.1784988029,1785393648,reddit,post,s106,1785393705528848,https://terminusmaximus.com/replay-library/?utm_source=reddit&utm_medium=post&utm_campaign=s106,utm_source=reddit&utm_medium=post&utm_campaign=s106,,,/guild-raid/s106/,/replay-library/,false,true,16,11,2,true,false,true,true,false,false,false,false,false
Available export: 2026-07-14 to 2026-08-04 (22 days),2026-07-29,39400617.1784402427|1785393722,39400617.1784402427,1785393722,google,organic,(organic),1785393722664842,https://terminusmaximus.com/replay-library/,,https://terminusmaximus.com/guild-raid/s105/,terminusmaximus.com,,/replay-library/,true,false,6,6,1,false,false,true,true,false,false,false,false,false
Available export: 2026-07-14 to 2026-08-04 (22 days),2026-07-29,394021509.1785388999|1785388999,394021509.1785388999,1785388999,(direct),(none),(direct),1785388999548525,https://terminusmaximus.com/replay-library/,,,,,/replay-library/,true,false,8,7,1,false,false,true,true,false,false,false,false,false
Available export: 2026-07-14 to 2026-08-04 (22 days),2026-07-29,408110471.1785332626|1785332626,408110471.1785332626,1785332626,(direct),(none),(direct),1785332626388174,https://terminusmaximus.com/replay-library/,,,,,/replay-library/,true,false,3,3,1,false,false,true,true,false,false,false,false,false
Available export: 2026-07-14 to 2026-08-04 (22 days),2026-07-29,408110471.1785332626|1785391541,408110471.1785332626,1785391541,(direct),(none),(direct),1785391541405754,https://terminusmaximus.com/replay-library/,,,,,/replay-library/,true,false,3,3,1,false,false,true,true,false,false,false,false,false
Available export: 2026-07-14 to 2026-08-04 (22 days),2026-07-29,437609154.1784144174|1785337768,437609154.1784144174,1785337768,reddit,post,s105,1785337775298133,https://terminusmaximus.com/replay-library/,,https://terminusmaximus.com/guild-raid/s105/?utm_source=reddit&utm_medium=post&utm_campaign=s105,terminusmaximus.com,/guild-raid/s105/,/replay-library/,false,true,5,4,1,false,false,true,true,false,false,false,false,false
Available export: 2026-07-14 to 2026-08-04 (22 days),2026-07-29,437609154.1784144174|1785359038,437609154.1784144174,1785359038,reddit,post,s105,1785359048632971,https://terminusmaximus.com/replay-library/,,https://terminusmaximus.com/guild-raid/s105/?utm_source=reddit&utm_medium=post&utm_campaign=s105,terminusmaximus.com,/guild-raid/s105/,/replay-library/,false,true,5,4,1,false,false,true,true,false,false,false,false,false
Available export: 2026-07-14 to 2026-08-04 (22 days),2026-07-29,469413778.1784152558|1785342467,469413778.1784152558,1785342467,google,organic,(organic),1785342467086750,https://terminusmaximus.com/replay-library/,,https://terminusmaximus.com/guild-raid/s105/,terminusmaximus.com,,/replay-library/,true,false,2,2,1,false,false,true,true,false,false,false,false,false
Available export: 2026-07-14 to 2026-08-04 (22 days),2026-07-29,469413778.1784152558|1785351610,469413778.1784152558,1785351610,google,organic,(organic),1785351609413758,https://terminusmaximus.com/replay-library/?boss=Hive+Tyrant,boss=Hive+Tyrant,https://terminusmaximus.com/guild-raid/s105/,terminusmaximus.com,,/replay-library/,true,false,6,6,1,false,false,true,true,false,false,false,false,false
Available export: 2026-07-14 to 2026-08-04 (22 days),2026-07-29,475659729.1785048966|1785331265,475659729.1785048966,1785331265,(direct),(none),(direct),1785331265875835,https://terminusmaximus.com/replay-library/?boss=Avatar&team=Laviscus&map=Avatar_02,boss=Avatar&team=Laviscus&map=Avatar_02,https://terminusmaximus.com/guild-raid/s105/,terminusmaximus.com,,,true,false,1,1,1,false,true,false,false,false,false,false,false,false
Available export: 2026-07-14 to 2026-08-04 (22 days),2026-07-29,485943286.1783635513|1785346976,485943286.1783635513,1785346976,(direct),(none),(direct),1785346977106495,https://terminusmaximus.com/replay-library/,,https://terminusmaximus.com/guild-raid/boss-meta/,terminusmaximus.com,/guild-raid/boss-meta/,/replay-library/,false,true,5,4,1,false,false,true,true,false,false,false,false,false
Available export: 2026-07-14 to 2026-08-04 (22 days),2026-07-29,485943286.1783635513|1785355244,485943286.1783635513,1785355244,(direct),(none),(direct),1785355244343252,https://terminusmaximus.com/replay-library/?boss=Dorn&team=Custodes&tier=L2,boss=Dorn&team=Custodes&tier=L2,https://terminusmaximus.com/guild-raid/boss-meta/,terminusmaximus.com,,,true,false,1,1,1,false,true,false,false,false,false,false,false,false
Available export: 2026-07-14 to 2026-08-04 (22 days),2026-07-29,485943286.1783635513|1785386672,485943286.1783635513,1785386672,(direct),(none),(direct),1785386673034558,https://terminusmaximus.com/replay-library/,,https://terminusmaximus.com/guild-raid/boss-meta/,terminusmaximus.com,/guild-raid/boss-meta/,/replay-library/,false,true,7,6,1,false,false,true,true,false,false,false,false,false
Available export: 2026-07-14 to 2026-08-04 (22 days),2026-07-29,485943286.1783635513|1785388793,485943286.1783635513,1785388793,(direct),(none),(direct),1785388792270478,https://terminusmaximus.com/replay-library/?boss=Avatar&team=Custodes&map=Avatar_05,boss=Avatar&team=Custodes&map=Avatar_05,https://terminusmaximus.com/guild-raid/boss-meta/,terminusmaximus.com,,,true,false,1,1,1,false,true,false,false,false,false,false,false,false
Available export: 2026-07-14 to 2026-08-04 (22 days),2026-07-29,491851956.1785239623|1785348938,491851956.1785239623,1785348938,google,organic,(organic),1785348949805146,https://terminusmaximus.com/replay-library/,,https://terminusmaximus.com/,terminusmaximus.com,/,/replay-library/,false,true,6,5,1,false,false,true,true,false,false,false,false,false
Available export: 2026-07-14 to 2026-08-04 (22 days),2026-07-29,491851956.1785239623|1785356721,491851956.1785239623,1785356721,google,organic,(organic),1785356722074614,https://terminusmaximus.com/replay-library/?boss=Ghaz&team=Laviscus&map=Ghaz_02,boss=Ghaz&team=Laviscus&map=Ghaz_02,https://terminusmaximus.com/,terminusmaximus.com,,,true,false,1,1,1,false,true,false,false,false,false,false,false,false
Available export: 2026-07-14 to 2026-08-04 (22 days),2026-07-29,497662423.1785373572|1785373572,497662423.1785373572,1785373572,reddit,post,s106,1785373572454676,https://terminusmaximus.com/replay-library/?utm_source=reddit&utm_medium=post&utm_campaign=s106,utm_source=reddit&utm_medium=post&utm_campaign=s106,,,,/replay-library/,true,false,19,19,1,false,false,true,true,false,false,false,false,false
Available export: 2026-07-14 to 2026-08-04 (22 days),2026-07-29,51964017.1781824401|1785375430,51964017.1781824401,1785375430,google,organic,(organic),1785375505191193,https://terminusmaximus.com/replay-library/,,https://terminusmaximus.com/guild-raid/s105/,terminusmaximus.com,/guild-raid/s105/,/guild-raid/,false,true,6,1,1,false,false,true,false,false,false,false,false,false
Available export: 2026-07-14 to 2026-08-04 (22 days),2026-07-29,532901899.1784818070|1785326348,532901899.1784818070,1785326348,(direct),(none),(direct),1785326348784407,https://terminusmaximus.com/replay-library/,,,,,/replay-library/,true,false,6,6,1,false,false,true,true,false,false,false,false,false
Available export: 2026-07-14 to 2026-08-04 (22 days),2026-07-29,537561536.1784031370|1785353575,537561536.1784031370,1785353575,reddit,post,s105,1785353582638522,https://terminusmaximus.com/replay-library/,,https://terminusmaximus.com/,terminusmaximus.com,/,/replay-library/,false,true,5,4,1,false,false,true,true,false,false,false,false,false
Available export: 2026-07-14 to 2026-08-04 (22 days),2026-07-29,537561536.1784031370|1785383343,537561536.1784031370,1785383343,reddit,post,s105,1785383351987190,https://terminusmaximus.com/replay-library/,,https://terminusmaximus.com/,terminusmaximus.com,/,/replay-library/,false,true,5,4,1,false,false,true,true,false,false,false,false,false
Available export: 2026-07-14 to 2026-08-04 (22 days),2026-07-29,537561536.1784031370|1785387106,537561536.1784031370,1785387106,reddit,post,s105,1785387106697922,https://terminusmaximus.com/replay-library/?boss=Ghaz&team=Laviscus&map=Ghaz_02,boss=Ghaz&team=Laviscus&map=Ghaz_02,https://terminusmaximus.com/,terminusmaximus.com,,,true,false,1,1,1,false,true,false,false,false,false,false,false,false
Available export: 2026-07-14 to 2026-08-04 (22 days),2026-07-29,565029146.1784123908|1785334239,565029146.1784123908,1785334239,reddit,post,s105,1785334240722890,https://terminusmaximus.com/replay-library/?utm_source=reddit&utm_medium=post&utm_campaign=s105,utm_source=reddit&utm_medium=post&utm_campaign=s105,,,,/replay-library/,true,false,6,6,1,false,false,true,true,false,false,false,false,false
Available export: 2026-07-14 to 2026-08-04 (22 days),2026-07-29,565029146.1784123908|1785379901,565029146.1784123908,1785379901,reddit,post,s105,1785379901917626,https://terminusmaximus.com/replay-library/?utm_source=reddit&utm_medium=post&utm_campaign=s105&boss=Avatar&team=Laviscus&map=Avatar_05,utm_source=reddit&utm_medium=post&utm_campaign=s105&boss=Avatar&team=Laviscus&map=Avatar_05,,,,,true,false,1,1,1,false,true,false,false,false,false,false,false,false
Available export: 2026-07-14 to 2026-08-04 (22 days),2026-07-29,59682447.1783737056|1785328981,59682447.1783737056,1785328981,reddit,post,s105,1785328982027285,https://terminusmaximus.com/replay-library/?utm_source=reddit&utm_medium=post&utm_campaign=s105,utm_source=reddit&utm_medium=post&utm_campaign=s105,,,,/replay-library/,true,false,4,4,1,false,false,true,true,false,false,false,false,false
Available export: 2026-07-14 to 2026-08-04 (22 days),2026-07-29,59682447.1783737056|1785375049,59682447.1783737056,1785375049,reddit,post,s105,1785375049235021,https://terminusmaximus.com/replay-library/?utm_source=reddit&utm_medium=post&utm_campaign=s105,utm_source=reddit&utm_medium=post&utm_campaign=s105,,,,/replay-library/,true,false,7,7,1,false,false,true,true,false,false,false,false,false
Available export: 2026-07-14 to 2026-08-04 (22 days),2026-07-29,60211195.1783896722|1785340791,60211195.1783896722,1785340791,reddit,post,s106,1785340793936456,https://terminusmaximus.com/replay-library/?utm_source=reddit&utm_medium=post&utm_campaign=s106,utm_source=reddit&utm_medium=post&utm_campaign=s106,android-app://com.reddit.frontpage/,com.reddit.frontpage,,/replay-library/,true,false,18,12,2,true,false,true,true,false,false,false,false,false
Available export: 2026-07-14 to 2026-08-04 (22 days),2026-07-29,60211195.1783896722|1785357698,60211195.1783896722,1785357698,reddit,post,s106,1785357698951055,https://terminusmaximus.com/replay-library/?boss=Avatar&map=Avatar_05,boss=Avatar&map=Avatar_05,,,,/replay-library/,true,false,8,8,1,false,false,true,true,false,false,false,false,false
Available export: 2026-07-14 to 2026-08-04 (22 days),2026-07-29,690906611.1784220034|1785355614,690906611.1784220034,1785355614,google,organic,(organic),1785355612887873,https://terminusmaximus.com/replay-library/?boss=Dorn&team=Laviscus&map=Dorn_04,boss=Dorn&team=Laviscus&map=Dorn_04,,,,/replay-library/,true,false,4,4,1,false,false,true,true,false,false,false,false,false
Available export: 2026-07-14 to 2026-08-04 (22 days),2026-07-29,690906611.1784220034|1785384269,690906611.1784220034,1785384269,google,organic,(organic),1785384267746466,https://terminusmaximus.com/replay-library/?boss=Avatar&team=Laviscus&map=Avatar_05,boss=Avatar&team=Laviscus&map=Avatar_05,,,,/replay-library/,true,false,3,3,1,false,false,true,true,false,false,false,false,false
Available export: 2026-07-14 to 2026-08-04 (22 days),2026-07-29,700088952.1785346900|1785346899,700088952.1785346900,1785346899,google,organic,(organic),1785346903239772,https://terminusmaximus.com/replay-library/,,https://terminusmaximus.com/,terminusmaximus.com,/,/replay-library/,false,true,6,5,1,false,false,true,true,false,false,false,false,false
Available export: 2026-07-14 to 2026-08-04 (22 days),2026-07-29,700088952.1785346900|1785349895,700088952.1785346900,1785349895,google,organic,(organic),1785349896054890,https://terminusmaximus.com/replay-library/?boss=Szarekh&team=Laviscus,boss=Szarekh&team=Laviscus,https://terminusmaximus.com/replay-library/?boss=Ghaz&team=Laviscus&map=Ghaz_02&excludeHero=Vit,terminusmaximus.com,,/replay-library/,true,false,3,3,1,false,false,true,true,false,false,false,false,false
Available export: 2026-07-14 to 2026-08-04 (22 days),2026-07-29,728406567.1785346212|1785346211,728406567.1785346212,1785346211,google,organic,(organic),1785346214173521,https://terminusmaximus.com/replay-library/,,https://terminusmaximus.com/,terminusmaximus.com,/,/replay-library/,false,true,9,8,1,false,false,true,true,false,false,false,false,false
Available export: 2026-07-14 to 2026-08-04 (22 days),2026-07-29,744840671.1785358771|1785358771,744840671.1785358771,1785358771,(direct),(none),(direct),1785358771395464,https://terminusmaximus.com/replay-library/?boss=Cawl&team=Laviscus&map=Cawl_01,boss=Cawl&team=Laviscus&map=Cawl_01,https://terminusmaximus.com/guild-raid/s105/,terminusmaximus.com,,,true,false,1,1,1,false,true,false,false,false,false,false,false,false
Available export: 2026-07-14 to 2026-08-04 (22 days),2026-07-29,745827446.1784157382|1785362122,745827446.1784157382,1785362122,(direct),(none),(direct),1785362122256344,https://terminusmaximus.com/replay-library/,,,,,/replay-library/,true,false,4,4,1,false,false,true,true,false,false,false,false,false
Available export: 2026-07-14 to 2026-08-04 (22 days),2026-07-29,745827446.1784157382|1785383513,745827446.1784157382,1785383513,(direct),(none),(direct),1785383513477838,https://terminusmaximus.com/replay-library/,,,,,/replay-library/,true,false,3,3,1,false,false,true,true,false,false,false,false,false
Available export: 2026-07-14 to 2026-08-04 (22 days),2026-07-29,76665388.1783780158|1785355690,76665388.1783780158,1785355690,reddit,post,lysander,1785355697887300,https://terminusmaximus.com/replay-library/,,https://terminusmaximus.com/,terminusmaximus.com,/,/replay-library/,false,true,3,2,1,false,false,true,true,false,false,false,false,false
Available export: 2026-07-14 to 2026-08-04 (22 days),2026-07-29,780995119.1785322930|1785322929,780995119.1785322930,1785322929,google,organic,(organic),1785322934256119,https://terminusmaximus.com/replay-library/,,https://terminusmaximus.com/guild-raid/,terminusmaximus.com,/guild-raid/,/replay-library/,false,true,16,15,1,false,false,true,true,false,false,false,false,false
Available export: 2026-07-14 to 2026-08-04 (22 days),2026-07-29,780995119.1785322930|1785334610,780995119.1785322930,1785334610,google,organic,(organic),1785334611031589,https://terminusmaximus.com/replay-library/?boss=Tervigon&map=Tervigon_04,boss=Tervigon&map=Tervigon_04,,,,/replay-library/,true,false,4,4,1,false,false,true,true,false,false,false,false,false
Available export: 2026-07-14 to 2026-08-04 (22 days),2026-07-29,780995119.1785322930|1785337992,780995119.1785322930,1785337992,google,organic,(organic),1785337992488482,https://terminusmaximus.com/replay-library/?boss=Szarekh&team=Laviscus,boss=Szarekh&team=Laviscus,https://terminusmaximus.com/replay-library/?boss=Avatar&team=Laviscus,terminusmaximus.com,,/replay-library/,true,false,5,5,1,false,false,true,true,false,false,false,false,false
Available export: 2026-07-14 to 2026-08-04 (22 days),2026-07-29,780995119.1785322930|1785367192,780995119.1785322930,1785367192,google,organic,(organic),1785367192954870,https://terminusmaximus.com/replay-library/?boss=Ghaz&map=Ghaz_02,boss=Ghaz&map=Ghaz_02,,,,,true,false,1,1,1,false,true,false,false,false,false,false,false,false
Available export: 2026-07-14 to 2026-08-04 (22 days),2026-07-29,780995119.1785322930|1785387968,780995119.1785322930,1785387968,google,organic,(organic),1785387968330352,https://terminusmaximus.com/replay-library/?boss=Tervigon&map=Tervigon_04,boss=Tervigon&map=Tervigon_04,,,,/replay-library/,true,false,5,5,1,false,false,true,true,false,false,false,false,false
Available export: 2026-07-14 to 2026-08-04 (22 days),2026-07-29,839349046.1782972875|1785367583,839349046.1782972875,1785367583,google,organic,(organic),1785368007013121,https://terminusmaximus.com/replay-library/,,https://terminusmaximus.com/,terminusmaximus.com,/guild-raid/s106/,/replay-library/,false,true,43,32,2,true,false,true,true,false,false,false,false,false
Available export: 2026-07-14 to 2026-08-04 (22 days),2026-07-29,84812924.1783836281|1785346405,84812924.1783836281,1785346405,(direct),(none),(direct),1785346405425619,https://terminusmaximus.com/replay-library/,,,,,/replay-library/,true,false,4,4,1,false,false,true,true,false,false,false,false,false
Available export: 2026-07-14 to 2026-08-04 (22 days),2026-07-29,849493080.1785357038|1785357038,849493080.1785357038,1785357038,(direct),(none),(direct),1785357038438061,https://terminusmaximus.com/replay-library/,,,,,/replay-library/,true,false,6,6,1,false,false,true,true,false,false,false,false,false
Available export: 2026-07-14 to 2026-08-04 (22 days),2026-07-29,88011080.1784934505|1785343585,88011080.1784934505,1785343585,reddit,post,s106,1785343637553491,https://terminusmaximus.com/replay-library/?team=Laviscus,team=Laviscus,,,,/replay-library/,true,false,3,3,1,false,false,true,true,false,false,false,false,false
Available export: 2026-07-14 to 2026-08-04 (22 days),2026-07-29,882373833.1783651698|1785342942,882373833.1783651698,1785342942,(direct),(none),(direct),1785342950870753,https://terminusmaximus.com/replay-library/,,https://terminusmaximus.com/,terminusmaximus.com,/,/replay-library/,false,true,6,5,1,false,false,true,true,false,false,false,false,false
Available export: 2026-07-14 to 2026-08-04 (22 days),2026-07-29,882373833.1783651698|1785349339,882373833.1783651698,1785349339,(direct),(none),(direct),1785349339557967,https://terminusmaximus.com/replay-library/?boss=Ghaz&team=Laviscus&tier=L3&excludeHero=Vit,boss=Ghaz&team=Laviscus&tier=L3&excludeHero=Vit,https://terminusmaximus.com/,terminusmaximus.com,,,true,false,1,1,1,false,true,false,false,false,false,false,false,false
Available export: 2026-07-14 to 2026-08-04 (22 days),2026-07-29,882373833.1783651698|1785363446,882373833.1783651698,1785363446,(direct),(none),(direct),1785363465091653,https://terminusmaximus.com/replay-library/?boss=Ghaz&team=Laviscus&tier=L3&excludeHero=Vit,boss=Ghaz&team=Laviscus&tier=L3&excludeHero=Vit,https://terminusmaximus.com/,terminusmaximus.com,,/replay-library/,true,false,15,14,1,false,false,true,true,false,false,false,false,false
Available export: 2026-07-14 to 2026-08-04 (22 days),2026-07-29,906077819.1785308339|1785314787,906077819.1785308339,1785314787,google,organic,(organic),1785314798069556,https://terminusmaximus.com/replay-library/,,https://terminusmaximus.com/,terminusmaximus.com,/,/replay-library/,false,true,14,13,1,false,false,true,true,false,false,false,false,false
Available export: 2026-07-14 to 2026-08-04 (22 days),2026-07-29,906077819.1785308339|1785317218,906077819.1785308339,1785317218,google,organic,(organic),1785317219485522,https://terminusmaximus.com/replay-library/?boss=Magnus&team=Forcasmo&map=Magnus_02,boss=Magnus&team=Forcasmo&map=Magnus_02,https://terminusmaximus.com/,terminusmaximus.com,,,true,false,1,1,1,false,true,false,false,false,false,false,false,false
Available export: 2026-07-14 to 2026-08-04 (22 days),2026-07-29,906077819.1785308339|1785351164,906077819.1785308339,1785351164,google,organic,(organic),1785351181960617,https://terminusmaximus.com/replay-library/,,https://terminusmaximus.com/guild-raid/,terminusmaximus.com,/guild-raid/,/guild-raid/boss-meta/,false,true,5,1,1,false,false,true,false,false,false,false,false,false
Available export: 2026-07-14 to 2026-08-04 (22 days),2026-07-29,909007132.1785322426|1785322426,909007132.1785322426,1785322426,(direct),(none),(direct),1785322426154388,https://terminusmaximus.com/replay-library/?boss=Lion,boss=Lion,,,,/replay-library/,true,false,4,4,1,false,false,true,true,false,false,false,false,false
Available export: 2026-07-14 to 2026-08-04 (22 days),2026-07-29,940403840.1784713030|1785334543,940403840.1784713030,1785334543,(direct),(none),(direct),1785334544234702,https://terminusmaximus.com/replay-library/,,,,,/replay-library/,true,false,4,4,1,false,false,true,true,false,false,false,false,false
Available export: 2026-07-14 to 2026-08-04 (22 days),2026-07-29,963375100.1785355546|1785355546,963375100.1785355546,1785355546,reddit,post,lysander,1785355715047302,https://terminusmaximus.com/replay-library/,,https://terminusmaximus.com/,terminusmaximus.com,/,/replay-library/,false,true,9,2,1,false,false,true,true,false,false,false,false,false
Available export: 2026-07-14 to 2026-08-04 (22 days),2026-07-29,976709590.1785324468|1785324468,976709590.1785324468,1785324468,(direct),(none),(direct),1785324468410974,https://terminusmaximus.com/replay-library/?boss=Screamer&map=Screamer_01,boss=Screamer&map=Screamer_01,,,,/replay-library/,true,false,2,2,1,false,false,true,true,false,false,false,false,false
Available export: 2026-07-14 to 2026-08-04 (22 days),2026-07-30,1061916521.1780909995|1785412357,1061916521.1780909995,1785412357,google,organic,(organic),1785412411176120,https://terminusmaximus.com/replay-library/,,https://terminusmaximus.com/guild-raid/s106/,terminusmaximus.com,/guild-raid/s106/,/replay-library/,false,true,8,4,1,false,false,true,true,false,true,false,false,false
Available export: 2026-07-14 to 2026-08-04 (22 days),2026-07-30,1064953811.1785413282|1785413282,1064953811.1785413282,1785413282,google,organic,(organic),1785413284735334,https://terminusmaximus.com/replay-library/,,https://terminusmaximus.com/,terminusmaximus.com,/,/replay-library/,false,true,6,5,1,false,false,true,true,false,false,false,false,false
Available export: 2026-07-14 to 2026-08-04 (22 days),2026-07-30,1068718977.1781542295|1785401985,1068718977.1781542295,1785401985,google,organic,(organic),1785401990519986,https://terminusmaximus.com/replay-library/,,https://terminusmaximus.com/guild-raid/s105/,terminusmaximus.com,/guild-raid/s105/,/replay-library/,false,true,19,18,1,false,false,true,true,false,false,false,false,false
Available export: 2026-07-14 to 2026-08-04 (22 days),2026-07-30,1068718977.1781542295|1785407216,1068718977.1781542295,1785407216,google,organic,(organic),1785407217047295,https://terminusmaximus.com/replay-library/?boss=Szarekh&team=Laviscus&map=Szarekh_04,boss=Szarekh&team=Laviscus&map=Szarekh_04,https://terminusmaximus.com/guild-raid/s105/,terminusmaximus.com,,,true,false,1,1,1,false,true,false,false,false,false,false,false,false
Available export: 2026-07-14 to 2026-08-04 (22 days),2026-07-30,1071126533.1785417175|1785417174,1071126533.1785417175,1785417174,(direct),(none),(direct),1785417204127557,https://terminusmaximus.com/replay-library/,,https://terminusmaximus.com/,terminusmaximus.com,/,/replay-library/,false,true,3,2,1,false,false,true,true,false,false,false,false,false
Available export: 2026-07-14 to 2026-08-04 (22 days),2026-07-30,1071126533.1785417175|1785428994,1071126533.1785417175,1785428994,(direct),(none),(direct),1785428993115886,https://terminusmaximus.com/replay-library/?boss=Lion,boss=Lion,https://terminusmaximus.com/,terminusmaximus.com,,/replay-library/,true,false,5,5,1,false,false,true,true,false,false,false,false,false
Available export: 2026-07-14 to 2026-08-04 (22 days),2026-07-30,1112593498.1785409384|1785409384,1112593498.1785409384,1785409384,google,organic,(organic),1785409384591308,https://terminusmaximus.com/replay-library/,,https://www.google.com/,www.google.com,,/replay-library/,true,false,5,5,1,false,false,true,true,false,false,false,false,false
Available export: 2026-07-14 to 2026-08-04 (22 days),2026-07-30,111613413.1784280081|1785396124,111613413.1784280081,1785396124,google,organic,(organic),1785396124720499,https://terminusmaximus.com/replay-library/?boss=Hive+Tyrant&map=Hive+Tyrant_02,boss=Hive+Tyrant&map=Hive+Tyrant_02,https://terminusmaximus.com/guild-raid/boss-meta/,terminusmaximus.com,,,true,false,1,1,1,false,true,false,false,false,false,false,false,false
Available export: 2026-07-14 to 2026-08-04 (22 days),2026-07-30,111613413.1784280081|1785422394,111613413.1784280081,1785422394,google,organic,(organic),1785422394768695,https://terminusmaximus.com/replay-library/?boss=Riptide,boss=Riptide,https://terminusmaximus.com/replay-library/?boss=Hive+Tyrant&map=Hive+Tyrant_02,terminusmaximus.com,,/replay-library/,true,false,4,4,1,false,false,true,true,false,false,false,false,false
Available export: 2026-07-14 to 2026-08-04 (22 days),2026-07-30,1122305543.1780944578|1785413025,1122305543.1780944578,1785413025,reddit,post,mow2026,1785413025958385,https://terminusmaximus.com/replay-library/?boss=Avatar&team=Laviscus,boss=Avatar&team=Laviscus,,,,/replay-library/,true,false,3,3,1,false,false,true,true,false,false,false,false,false
Available export: 2026-07-14 to 2026-08-04 (22 days),2026-07-30,1122305543.1780944578|1785425943,1122305543.1780944578,1785425943,reddit,post,mow2026,1785425943215773,https://terminusmaximus.com/replay-library/?boss=Ghaz&team=Laviscus&map=Ghaz_02,boss=Ghaz&team=Laviscus&map=Ghaz_02,,,,,true,false,1,1,1,false,true,false,false,false,false,false,false,false
Available export: 2026-07-14 to 2026-08-04 (22 days),2026-07-30,1122305543.1780944578|1785440959,1122305543.1780944578,1785440959,reddit,post,mow2026,1785440958844125,https://terminusmaximus.com/replay-library/?boss=Ghaz&team=Laviscus&map=Ghaz_02,boss=Ghaz&team=Laviscus&map=Ghaz_02,,,,/replay-library/,true,false,3,3,1,false,false,true,true,false,false,false,false,false
Available export: 2026-07-14 to 2026-08-04 (22 days),2026-07-30,1122305543.1780944578|1785459603,1122305543.1780944578,1785459603,reddit,post,mow2026,1785459603156099,https://terminusmaximus.com/replay-library/?boss=Szarekh&team=Laviscus&map=Szarekh_04,boss=Szarekh&team=Laviscus&map=Szarekh_04,,,,/replay-library/,true,false,4,4,1,false,false,true,true,false,false,false,false,false
Available export: 2026-07-14 to 2026-08-04 (22 days),2026-07-30,1122305543.1780944578|1785461791,1122305543.1780944578,1785461791,reddit,post,mow2026,1785461791126182,https://terminusmaximus.com/replay-library/?boss=Magnus&map=Magnus_02,boss=Magnus&map=Magnus_02,,,,,true,false,1,1,1,false,true,false,false,false,false,false,false,false
Available export: 2026-07-14 to 2026-08-04 (22 days),2026-07-30,1147526498.1785409209|1785409209,1147526498.1785409209,1785409209,(direct),(none),(direct),1785409219283342,https://terminusmaximus.com/replay-library/,,https://terminusmaximus.com/,terminusmaximus.com,/,/replay-library/,false,true,8,3,1,false,false,true,true,false,true,false,false,false
Available export: 2026-07-14 to 2026-08-04 (22 days),2026-07-30,1170678472.1785330752|1785467356,1170678472.1785330752,1785467356,reddit,post,s106,1785467356700689,https://terminusmaximus.com/replay-library/?boss=Dorn&team=Laviscus&map=Dorn_06,boss=Dorn&team=Laviscus&map=Dorn_06,https://terminusmaximus.com/guild-raid/s106/?utm_source=reddit&utm_medium=post&utm_campaign=s106,terminusmaximus.com,,/replay-library/,true,false,6,3,1,false,false,true,true,false,false,false,false,false
Available export: 2026-07-14 to 2026-08-04 (22 days),2026-07-30,1182746816.1784121078|1785455094,1182746816.1784121078,1785455094,reddit,post,s105,1785455094947161,https://terminusmaximus.com/replay-library/?utm_source=reddit&utm_medium=post&utm_campaign=s105,utm_source=reddit&utm_medium=post&utm_campaign=s105,,,,/replay-library/,true,false,6,6,1,false,false,true,true,false,false,false,false,false
Available export: 2026-07-14 to 2026-08-04 (22 days),2026-07-30,1186765260.1784277452|1785433641,1186765260.1784277452,1785433641,discord,post,boss-meta,1785433642209527,https://terminusmaximus.com/replay-library/?boss=Cawl&team=Neuro,boss=Cawl&team=Neuro,,,,/replay-library/,true,false,3,3,1,false,false,true,true,false,false,false,false,false
Available export: 2026-07-14 to 2026-08-04 (22 days),2026-07-30,1186765260.1784277452|1785439398,1186765260.1784277452,1785439398,discord,post,boss-meta,1785439399668393,https://terminusmaximus.com/replay-library/?boss=Cawl&team=Neuro,boss=Cawl&team=Neuro,,,,/guild-raid/s105/,true,false,8,5,2,true,false,true,true,false,false,false,false,false
Available export: 2026-07-14 to 2026-08-04 (22 days),2026-07-30,1186765260.1784277452|1785443983,1186765260.1784277452,1785443983,discord,post,boss-meta,1785443985198678,https://terminusmaximus.com/replay-library/?boss=Dorn&team=Neuro,boss=Dorn&team=Neuro,https://terminusmaximus.com/replay-library/?boss=Avatar&team=Neuro&map=Avatar_05,terminusmaximus.com,,/replay-library/,true,false,2,2,1,false,false,true,true,false,false,false,false,false
Available export: 2026-07-14 to 2026-08-04 (22 days),2026-07-30,1233873503.1785347844|1785450575,1233873503.1785347844,1785450575,reddit,post,s105,1785450577098398,https://terminusmaximus.com/replay-library/?utm_source=reddit&utm_medium=post&utm_campaign=s105&boss=Szarekh&team=Laviscus&map=Szarekh_04,utm_source=reddit&utm_medium=post&utm_campaign=s105&boss=Szarekh&team=Laviscus&map=Szarekh_04,,,,,true,false,1,1,1,false,true,false,false,false,false,false,false,false
Available export: 2026-07-14 to 2026-08-04 (22 days),2026-07-30,1236828220.1783588427|1785463649,1236828220.1783588427,1785463649,google,organic,(organic),1785463653315925,https://terminusmaximus.com/replay-library/,,https://terminusmaximus.com/,terminusmaximus.com,/,/beginner-guide/,false,true,3,1,1,false,false,true,false,false,false,false,false,false
Available export: 2026-07-14 to 2026-08-04 (22 days),2026-07-30,1239804770.1785419208|1785419207,1239804770.1785419208,1785419207,(direct),(none),(direct),1785419207777344,https://terminusmaximus.com/replay-library/?boss=Magnus&tier=M2,boss=Magnus&tier=M2,,,,,true,false,1,1,1,false,true,false,false,false,false,false,false,false
Available export: 2026-07-14 to 2026-08-04 (22 days),2026-07-30,1248298120.1784135033|1785457483,1248298120.1784135033,1785457483,reddit,post,s105,1785457484436001,https://terminusmaximus.com/replay-library/?utm_source=reddit&utm_medium=post&utm_campaign=s105&boss=Avatar&map=Avatar_05,utm_source=reddit&utm_medium=post&utm_campaign=s105&boss=Avatar&map=Avatar_05,,,,,true,false,1,1,1,false,true,false,false,false,false,false,false,false
Available export: 2026-07-14 to 2026-08-04 (22 days),2026-07-30,1250091458.1782517562|1785437107,1250091458.1782517562,1785437107,reddit,post,elite-campaigns,1785437108280199,https://terminusmaximus.com/replay-library/,,,,,/replay-library/,true,false,13,13,1,false,false,true,true,false,false,false,false,false
Available export: 2026-07-14 to 2026-08-04 (22 days),2026-07-30,1252073459.1785339415|1785451360,1252073459.1785339415,1785451360,duckduckgo,organic,(organic),1785451361154446,https://terminusmaximus.com/replay-library/?boss=Szarekh&map=Szarekh_04,boss=Szarekh&map=Szarekh_04,https://duckduckgo.com/,duckduckgo.com,,,true,false,1,1,1,false,true,false,false,false,false,false,false,false
Available export: 2026-07-14 to 2026-08-04 (22 days),2026-07-30,1259823403.1785006284|1785478036,1259823403.1785006284,1785478036,google,organic,(organic),1785478036684140,https://terminusmaximus.com/replay-library/,,https://www.google.com/,www.google.com,,/replay-library/,true,false,3,3,1,false,false,true,true,false,false,false,false,false
Available export: 2026-07-14 to 2026-08-04 (22 days),2026-07-30,1289973249.1785331003|1785419984,1289973249.1785331003,1785419984,(direct),(none),(direct),1785419985018474,https://terminusmaximus.com/replay-library/,,,,,/replay-library/,true,false,4,4,1,false,false,true,true,false,false,false,false,false
Available export: 2026-07-14 to 2026-08-04 (22 days),2026-07-30,1289973249.1785331003|1785478024,1289973249.1785331003,1785478024,(direct),(none),(direct),1785478024686588,https://terminusmaximus.com/replay-library/,,,,,/replay-library/,true,false,4,4,1,false,false,true,true,false,false,false,false,false
Available export: 2026-07-14 to 2026-08-04 (22 days),2026-07-30,1290980840.1785406855|1785406855,1290980840.1785406855,1785406855,(direct),(none),(direct),1785406867902184,https://terminusmaximus.com/replay-library/,,https://terminusmaximus.com/,terminusmaximus.com,/,/beginner-guide/,false,true,11,2,2,true,false,true,true,false,false,false,false,false
Available export: 2026-07-14 to 2026-08-04 (22 days),2026-07-30,1291361181.1780971893|1785469369,1291361181.1780971893,1785469369,(direct),(none),(direct),1785469370757651,https://terminusmaximus.com/replay-library/,,https://terminusmaximus.com/,terminusmaximus.com,/,,false,true,2,1,1,false,false,true,false,false,false,false,false,false
Available export: 2026-07-14 to 2026-08-04 (22 days),2026-07-30,1330085543.1784224204|1785394903,1330085543.1784224204,1785394903,google,organic,(organic),1785394903717886,https://terminusmaximus.com/replay-library/?boss=Riptide&team=Laviscus&tier=L1,boss=Riptide&team=Laviscus&tier=L1,,,,/replay-library/,true,false,5,5,1,false,false,true,true,false,false,false,false,false
Available export: 2026-07-14 to 2026-08-04 (22 days),2026-07-30,1330085543.1784224204|1785401249,1330085543.1784224204,1785401249,google,organic,(organic),1785401249546830,https://terminusmaximus.com/replay-library/?boss=Dorn&team=Laviscus&tier=L1,boss=Dorn&team=Laviscus&tier=L1,,,,,true,false,1,1,1,false,true,false,false,false,false,false,false,false
Available export: 2026-07-14 to 2026-08-04 (22 days),2026-07-30,1330085543.1784224204|1785475693,1330085543.1784224204,1785475693,google,organic,(organic),1785475693175516,https://terminusmaximus.com/replay-library/?boss=Mortarion&team=Laviscus&map=Mortarion_03&tier=M1,boss=Mortarion&team=Laviscus&map=Mortarion_03&tier=M1,,,,/replay-library/,true,false,5,5,1,false,false,true,true,false,false,false,false,false
Available export: 2026-07-14 to 2026-08-04 (22 days),2026-07-30,1353535791.1784042323|1785432353,1353535791.1784042323,1785432353,reddit,post,s105,1785432353358300,https://terminusmaximus.com/replay-library/,,,,,/replay-library/,true,false,3,3,1,false,false,true,true,false,false,false,false,false
Available export: 2026-07-14 to 2026-08-04 (22 days),2026-07-30,1353535791.1784042323|1785443308,1353535791.1784042323,1785443308,reddit,post,s105,1785443308965339,https://terminusmaximus.com/replay-library/?boss=Magnus&map=Magnus_02,boss=Magnus&map=Magnus_02,,,,,true,false,1,1,1,false,true,false,false,false,false,false,false,false
Available export: 2026-07-14 to 2026-08-04 (22 days),2026-07-30,1353535791.1784042323|1785474997,1353535791.1784042323,1785474997,reddit,post,s105,1785474997746954,https://terminusmaximus.com/replay-library/?boss=Magnus&map=Magnus_02,boss=Magnus&map=Magnus_02,,,,,true,false,1,1,1,false,true,false,false,false,false,false,false,false
Available export: 2026-07-14 to 2026-08-04 (22 days),2026-07-30,1379984409.1785456203|1785456203,1379984409.1785456203,1785456203,reddit,post,s106,1785456202930309,https://terminusmaximus.com/replay-library/?utm_source=reddit&utm_medium=post&utm_campaign=s106&boss=Mortarion&team=AdMech&map=Mortarion_03&tier=M1,utm_source=reddit&utm_medium=post&utm_campaign=s106&boss=Mortarion&team=AdMech&map=Mortarion_03&tier=M1,,,,/replay-library/,true,false,4,4,1,false,false,true,true,false,false,false,false,false
Available export: 2026-07-14 to 2026-08-04 (22 days),2026-07-30,1388672221.1785450617|1785450617,1388672221.1785450617,1785450617,reddit,post,s106,1785450617617545,https://terminusmaximus.com/replay-library/?utm_source=reddit&utm_medium=post&utm_campaign=s106&fbclid=IwY2xjawTYr8hwZG9mBWV4dG4DYWVtAjExAHNydGMGYXBwX2lkDDM1MDY4NTUzMTcyOAABHsLbMqmI04a3tx4jOjthNinrlotcTJS5BYch9Tem4tmsFmpH_UG5f0aFlJ7R_aem_MUgR0IBF5tcm0GsoUDgQ3A,utm_source=reddit&utm_medium=post&utm_campaign=s106&fbclid=IwY2xjawTYr8hwZG9mBWV4dG4DYWVtAjExAHNydGMGYXBwX2lkDDM1MDY4NTUzMTcyOAABHsLbMqmI04a3tx4jOjthNinrlotcTJS5BYch9Tem4tmsFmpH_UG5f0aFlJ7R_aem_MUgR0IBF5tcm0GsoUDgQ3A,https://l.facebook.com/,l.facebook.com,,,true,false,1,1,1,false,true,false,false,false,false,false,false,false
Available export: 2026-07-14 to 2026-08-04 (22 days),2026-07-30,13997827.1785407114|1785407113,13997827.1785407114,1785407113,(direct),(none),(direct),1785407242797439,https://terminusmaximus.com/replay-library/,,https://terminusmaximus.com/guild-raid/boss-meta/,terminusmaximus.com,/guild-raid/boss-meta/,/replay-library/,false,true,8,4,1,false,false,true,true,false,true,false,false,false
Available export: 2026-07-14 to 2026-08-04 (22 days),2026-07-30,13997827.1785407114|1785439028,13997827.1785407114,1785439028,(direct),(none),(direct),1785439042984811,https://terminusmaximus.com/replay-library/,,https://terminusmaximus.com/guild-raid/boss-meta/,terminusmaximus.com,/guild-raid/boss-meta/,/replay-library/,false,true,5,4,1,false,false,true,true,false,false,false,false,false
Available export: 2026-07-14 to 2026-08-04 (22 days),2026-07-30,1476765092.1785445124|1785445124,1476765092.1785445124,1785445124,bing,organic,(organic),1785445146107301,https://terminusmaximus.com/replay-library/,,https://terminusmaximus.com/,terminusmaximus.com,/,/replay-library/,false,true,6,5,1,false,false,true,true,false,false,false,false,false
Available export: 2026-07-14 to 2026-08-04 (22 days),2026-07-30,1504399393.1785471561|1785471561,1504399393.1785471561,1785471561,reddit,post,s106,1785471561365592,https://terminusmaximus.com/replay-library/?utm_source=reddit&utm_medium=post&utm_campaign=s106,utm_source=reddit&utm_medium=post&utm_campaign=s106,https://www.reddit.com/,www.reddit.com,,/replay-library/,true,false,6,6,1,false,false,true,true,false,false,false,false,false
Available export: 2026-07-14 to 2026-08-04 (22 days),2026-07-30,1504857943.1784205943|1785414852,1504857943.1784205943,1785414852,(direct),(none),(direct),1785414853202320,https://terminusmaximus.com/replay-library/,,,,,/replay-library/,true,false,6,6,1,false,false,true,true,false,false,false,false,false
Available export: 2026-07-14 to 2026-08-04 (22 days),2026-07-30,1516938698.1785411910|1785411909,1516938698.1785411910,1785411909,google,organic,(organic),1785411911776392,https://terminusmaximus.com/replay-library/,,https://terminusmaximus.com/,terminusmaximus.com,/,/replay-library/,false,true,8,6,2,true,false,true,true,false,false,false,false,false
Available export: 2026-07-14 to 2026-08-04 (22 days),2026-07-30,1526517694.1785390913|1785444251,1526517694.1785390913,1785444251,(direct),(none),(direct),1785444655835448,https://terminusmaximus.com/replay-library/,,https://terminusmaximus.com/guild-raid/boss-meta/,terminusmaximus.com,/guild-raid/boss-meta/,/replay-library/,false,true,5,3,1,false,false,true,true,false,true,false,false,false
Available export: 2026-07-14 to 2026-08-04 (22 days),2026-07-30,153741369.1782633638|1785427571,153741369.1782633638,1785427571,(direct),(none),(direct),1785427571749722,https://terminusmaximus.com/replay-library/,,https://terminusmaximus.com/,terminusmaximus.com,,/lre/lucius/,true,false,3,1,1,false,false,true,false,false,false,false,false,false
Available export: 2026-07-14 to 2026-08-04 (22 days),2026-07-30,1543694110.1780440876|1785438717,1543694110.1780440876,1785438717,reddit,post,lysander,1785438719475366,https://terminusmaximus.com/replay-library/,,https://terminusmaximus.com/,terminusmaximus.com,/,/replay-library/,false,true,5,4,1,false,false,true,true,false,false,false,false,false
Available export: 2026-07-14 to 2026-08-04 (22 days),2026-07-30,1543694110.1780440876|1785470040,1543694110.1780440876,1785470040,reddit,post,lysander,1785470041490854,https://terminusmaximus.com/replay-library/,,https://terminusmaximus.com/,terminusmaximus.com,/,/replay-library/,false,true,10,5,1,false,false,true,true,false,false,false,false,false
Available export: 2026-07-14 to 2026-08-04 (22 days),2026-07-30,1575133013.1785451599|1785451599,1575133013.1785451599,1785451599,google,organic,(organic),1785451599771289,https://terminusmaximus.com/replay-library/,,https://www.google.com/,www.google.com,,/replay-library/,true,false,4,4,1,false,false,true,true,false,false,false,false,false
Available export: 2026-07-14 to 2026-08-04 (22 days),2026-07-30,1578894535.1780616700|1785434647,1578894535.1780616700,1785434647,(direct),(none),(direct),1785434703611664,https://terminusmaximus.com/replay-library/,,https://terminusmaximus.com/guild-raid/s106/,terminusmaximus.com,/guild-raid/s106/,/replay-library/,false,true,7,3,1,false,false,true,true,false,false,false,false,false
Available export: 2026-07-14 to 2026-08-04 (22 days),2026-07-30,1579534942.1785329290|1785419508,1579534942.1785329290,1785419508,google,organic,(organic),1785419697138089,https://terminusmaximus.com/replay-library/,,https://terminusmaximus.com/,terminusmaximus.com,/,/replay-library/,false,true,4,2,1,false,false,true,true,false,false,false,false,false
Available export: 2026-07-14 to 2026-08-04 (22 days),2026-07-30,1581834745.1784223577|1785395286,1581834745.1784223577,1785395286,(direct),(none),(direct),1785395286721421,https://terminusmaximus.com/replay-library/,,,,,/replay-library/,true,false,4,4,1,false,false,true,true,false,false,false,false,false
Available export: 2026-07-14 to 2026-08-04 (22 days),2026-07-30,1581834745.1784223577|1785409681,1581834745.1784223577,1785409681,(direct),(none),(direct),1785409681317751,https://terminusmaximus.com/replay-library/,,,,,,true,false,1,1,1,false,true,false,false,false,false,false,false,false
Available export: 2026-07-14 to 2026-08-04 (22 days),2026-07-30,1581834745.1784223577|1785419509,1581834745.1784223577,1785419509,(direct),(none),(direct),1785419509517657,https://terminusmaximus.com/replay-library/,,,,,/replay-library/,true,false,2,2,1,false,false,true,true,false,false,false,false,false
Available export: 2026-07-14 to 2026-08-04 (22 days),2026-07-30,1603095122.1780676711|1785456984,1603095122.1780676711,1785456984,google,organic,(organic),1785457042407873,https://terminusmaximus.com/replay-library/,,https://terminusmaximus.com/,terminusmaximus.com,/,/guild-raid/,false,true,4,1,1,false,false,true,false,false,false,false,false,false
Available export: 2026-07-14 to 2026-08-04 (22 days),2026-07-30,1605638302.1785419999|1785419999,1605638302.1785419999,1785419999,reddit,post,s106,1785420013833658,https://terminusmaximus.com/replay-library/,,https://terminusmaximus.com/guild-raid/s106/?utm_source=reddit&utm_medium=post&utm_campaign=s106,terminusmaximus.com,/guild-raid/s106/,/replay-library/,false,true,3,2,1,false,false,true,true,false,false,false,false,false
Available export: 2026-07-14 to 2026-08-04 (22 days),2026-07-30,1615296824.1785480531|1785480531,1615296824.1785480531,1785480531,(direct),(none),(direct),1785480531876963,https://terminusmaximus.com/replay-library/,,,,,/replay-library/,true,false,4,4,1,false,false,true,true,false,false,false,false,false
Available export: 2026-07-14 to 2026-08-04 (22 days),2026-07-30,1633488629.1780456807|1785464595,1633488629.1780456807,1785464595,(direct),(none),(direct),1785464601273847,https://terminusmaximus.com/replay-library/,,https://terminusmaximus.com/,terminusmaximus.com,/,/replay-library/,false,true,6,5,1,false,false,true,true,false,false,false,false,false
Available export: 2026-07-14 to 2026-08-04 (22 days),2026-07-30,1633488629.1780456807|1785476660,1633488629.1780456807,1785476660,(direct),(none),(direct),1785476660608961,https://terminusmaximus.com/replay-library/?team=Neuro,team=Neuro,https://terminusmaximus.com/,terminusmaximus.com,,,true,false,1,1,1,false,true,false,false,false,false,false,false,false
Available export: 2026-07-14 to 2026-08-04 (22 days),2026-07-30,1673564512.1785462810|1785462809,1673564512.1785462810,1785462809,google,organic,(organic),1785463230251538,https://terminusmaximus.com/replay-library/,,https://terminusmaximus.com/,terminusmaximus.com,/about/,/replay-library/,false,true,19,14,1,false,false,true,true,false,false,false,false,false
Available export: 2026-07-14 to 2026-08-04 (22 days),2026-07-30,1691462666.1784115627|1785399840,1691462666.1784115627,1785399840,(direct),(none),(direct),1785399840405364,https://terminusmaximus.com/replay-library/,,,,,,true,false,1,1,1,false,true,false,false,false,false,false,false,false
Available export: 2026-07-14 to 2026-08-04 (22 days),2026-07-30,1694406866.1781479955|1785415645,1694406866.1781479955,1785415645,reddit,post,mow2026,1785415648663194,https://terminusmaximus.com/replay-library/,,https://terminusmaximus.com/?utm_source=reddit&utm_medium=post&utm_campaign=mow2026,terminusmaximus.com,/,/replay-library/,false,true,5,4,1,false,false,true,true,false,false,false,false,false
Available export: 2026-07-14 to 2026-08-04 (22 days),2026-07-30,1694406866.1781479955|1785421237,1694406866.1781479955,1785421237,reddit,post,mow2026,1785421227320638,https://terminusmaximus.com/replay-library/,,https://terminusmaximus.com/?utm_source=reddit&utm_medium=post&utm_campaign=mow2026,terminusmaximus.com,/,/replay-library/,false,true,11,8,3,true,false,true,true,false,false,false,false,false
Available export: 2026-07-14 to 2026-08-04 (22 days),2026-07-30,1694406866.1781479955|1785449995,1694406866.1781479955,1785449995,reddit,post,mow2026,1785449983929457,https://terminusmaximus.com/replay-library/,,https://terminusmaximus.com/?utm_source=reddit&utm_medium=post&utm_campaign=mow2026,terminusmaximus.com,/,/replay-library/,false,true,5,4,1,false,false,true,true,false,false,false,false,false
Available export: 2026-07-14 to 2026-08-04 (22 days),2026-07-30,1694406866.1781479955|1785462137,1694406866.1781479955,1785462137,reddit,post,mow2026,1785462129393470,https://terminusmaximus.com/replay-library/,,https://terminusmaximus.com/?utm_source=reddit&utm_medium=post&utm_campaign=mow2026,terminusmaximus.com,/,/replay-library/,false,true,10,8,2,true,false,true,true,false,false,false,false,false
Available export: 2026-07-14 to 2026-08-04 (22 days),2026-07-30,1694406866.1781479955|1785466049,1694406866.1781479955,1785466049,reddit,post,mow2026,1785466038321071,https://terminusmaximus.com/replay-library/,,https://terminusmaximus.com/?utm_source=reddit&utm_medium=post&utm_campaign=mow2026,terminusmaximus.com,/,/replay-library/,false,true,3,2,1,false,false,true,true,false,false,false,false,false
Available export: 2026-07-14 to 2026-08-04 (22 days),2026-07-30,1694406866.1781479955|1785473957,1694406866.1781479955,1785473957,reddit,post,mow2026,1785473951220170,https://terminusmaximus.com/replay-library/,,https://terminusmaximus.com/?utm_source=reddit&utm_medium=post&utm_campaign=mow2026,terminusmaximus.com,/,/replay-library/,false,true,14,12,2,true,false,true,true,false,false,false,false,false
Available export: 2026-07-14 to 2026-08-04 (22 days),2026-07-30,1706028529.1785459761|1785459761,1706028529.1785459761,1785459761,google,organic,(organic),1785459768996056,https://terminusmaximus.com/replay-library/,,https://terminusmaximus.com/,terminusmaximus.com,/,/replay-library/,false,true,6,5,1,false,false,true,true,false,false,false,false,false
Available export: 2026-07-14 to 2026-08-04 (22 days),2026-07-30,1706028529.1785459761|1785462793,1706028529.1785459761,1785462793,google,organic,(organic),1785462793735602,https://terminusmaximus.com/replay-library/?boss=Lion,boss=Lion,https://terminusmaximus.com/replay-library/?boss=Lion&tier=M1,terminusmaximus.com,,/replay-library/,true,false,2,2,1,false,false,true,true,false,false,false,false,false
Available export: 2026-07-14 to 2026-08-04 (22 days),2026-07-30,1751120499.1785358777|1785402084,1751120499.1785358777,1785402084,(direct),(none),(direct),1785402091399212,https://terminusmaximus.com/replay-library/,,https://terminusmaximus.com/,terminusmaximus.com,/,/replay-library/,false,true,5,4,1,false,false,true,true,false,false,false,false,false
Available export: 2026-07-14 to 2026-08-04 (22 days),2026-07-30,1784378444.1785419232|1785419232,1784378444.1785419232,1785419232,(direct),(none),(direct),1785419232687527,https://terminusmaximus.com/replay-library/?boss=Magnus&tier=M2,boss=Magnus&tier=M2,,,,,true,false,1,1,1,false,true,false,false,false,false,false,false,false
Available export: 2026-07-14 to 2026-08-04 (22 days),2026-07-30,1784378444.1785419232|1785429516,1784378444.1785419232,1785429516,(direct),(none),(direct),1785429516594126,https://terminusmaximus.com/replay-library/?boss=Magnus&tier=M2,boss=Magnus&tier=M2,,,,/replay-library/,true,false,6,6,1,false,false,true,true,false,false,false,false,false
Available export: 2026-07-14 to 2026-08-04 (22 days),2026-07-30,1784378444.1785419232|1785473442,1784378444.1785419232,1785473442,(direct),(none),(direct),1785473442520095,https://terminusmaximus.com/replay-library/?boss=Magnus&tier=M2,boss=Magnus&tier=M2,,,,/replay-library/,true,false,3,3,1,false,false,true,true,false,false,false,false,false
Available export: 2026-07-14 to 2026-08-04 (22 days),2026-07-30,1784678737.1784129889|1785400917,1784678737.1784129889,1785400917,reddit,post,s105,1785400918051423,https://terminusmaximus.com/replay-library/?boss=Dorn&team=AdMech,boss=Dorn&team=AdMech,,,,/replay-library/,true,false,2,2,1,false,false,true,true,false,false,false,false,false
Available export: 2026-07-14 to 2026-08-04 (22 days),2026-07-30,1784678737.1784129889|1785440570,1784678737.1784129889,1785440570,reddit,post,s105,1785440570853060,https://terminusmaximus.com/replay-library/?boss=Tervigon&team=AdMech,boss=Tervigon&team=AdMech,,,,,true,false,1,1,1,false,true,false,false,false,false,false,false,false
Available export: 2026-07-14 to 2026-08-04 (22 days),2026-07-30,1784678737.1784129889|1785444873,1784678737.1784129889,1785444873,reddit,post,s105,1785444873896330,https://terminusmaximus.com/replay-library/?boss=Tervigon&team=AdMech,boss=Tervigon&team=AdMech,,,,/replay-library/,true,false,3,3,1,false,false,true,true,false,false,false,false,false
Available export: 2026-07-14 to 2026-08-04 (22 days),2026-07-30,1789962346.1784215190|1785477001,1789962346.1784215190,1785477001,reddit,post,mow2026,1785477000824578,https://terminusmaximus.com/replay-library/?boss=Szarekh&team=Laviscus,boss=Szarekh&team=Laviscus,https://terminusmaximus.com/replay-library/?boss=Ghaz&team=Laviscus&map=Ghaz_02,terminusmaximus.com,,/replay-library/,true,false,3,3,1,false,false,true,true,false,false,false,false,false
Available export: 2026-07-14 to 2026-08-04 (22 days),2026-07-30,1808395977.1785429891|1785429891,1808395977.1785429891,1785429891,(direct),(none),(direct),1785429897497310,https://terminusmaximus.com/replay-library/,,https://terminusmaximus.com/,terminusmaximus.com,/,/replay-library/,false,true,10,9,1,false,false,true,true,false,false,false,false,false
Available export: 2026-07-14 to 2026-08-04 (22 days),2026-07-30,1823047730.1784152816|1785450100,1823047730.1784152816,1785450100,google,organic,(organic),1785450104624369,https://terminusmaximus.com/replay-library/,,https://terminusmaximus.com/,terminusmaximus.com,/,/replay-library/,false,true,5,4,1,false,false,true,true,false,false,false,false,false
Available export: 2026-07-14 to 2026-08-04 (22 days),2026-07-30,1836972843.1783782113|1785400438,1836972843.1783782113,1785400438,google,organic,(organic),1785400446863116,https://terminusmaximus.com/replay-library/,,https://terminusmaximus.com/,terminusmaximus.com,/,/replay-library/,false,true,5,4,1,false,false,true,true,false,false,false,false,false
Available export: 2026-07-14 to 2026-08-04 (22 days),2026-07-30,1836972843.1783782113|1785422269,1836972843.1783782113,1785422269,google,organic,(organic),1785422269788505,https://terminusmaximus.com/replay-library/?boss=Lion&map=Lion_03,boss=Lion&map=Lion_03,https://terminusmaximus.com/,terminusmaximus.com,,,true,false,1,1,1,false,true,false,false,false,false,false,false,false
Available export: 2026-07-14 to 2026-08-04 (22 days),2026-07-30,1918551651.1785157035|1785427061,1918551651.1785157035,1785427061,reddit,post,s106,1785427061984682,https://terminusmaximus.com/replay-library/?boss=Magnus,boss=Magnus,https://terminusmaximus.com/guild-raid/s106/,terminusmaximus.com,,/replay-library/,true,false,7,4,1,false,false,true,true,false,false,false,false,false
Available export: 2026-07-14 to 2026-08-04 (22 days),2026-07-30,1926569047.1783088263|1785407004,1926569047.1783088263,1785407004,google,organic,(organic),1785407282312309,https://terminusmaximus.com/replay-library/,,https://terminusmaximus.com/guild-raid/s106/,terminusmaximus.com,/guild-raid/s106/,/replay-library/,false,true,8,6,1,false,false,true,true,false,true,false,false,false
Available export: 2026-07-14 to 2026-08-04 (22 days),2026-07-30,1927960250.1785186196|1785480410,1927960250.1785186196,1785480410,google,organic,(organic),1785480410819123,https://terminusmaximus.com/replay-library/,,https://www.google.com/,www.google.com,,/replay-library/,true,false,6,6,1,false,false,true,true,false,false,false,false,false
Available export: 2026-07-14 to 2026-08-04 (22 days),2026-07-30,1960319685.1783788789|1785465930,1960319685.1783788789,1785465930,(direct),(none),(direct),1785465902390066,https://terminusmaximus.com/replay-library/,,,,,,true,false,1,1,1,false,true,false,false,false,false,false,false,false
Available export: 2026-07-14 to 2026-08-04 (22 days),2026-07-30,1960319685.1783788789|1785467736,1960319685.1783788789,1785467736,(direct),(none),(direct),1785467708916214,https://terminusmaximus.com/replay-library/,,,,,,true,false,1,1,1,false,true,false,false,false,false,false,false,false
Available export: 2026-07-14 to 2026-08-04 (22 days),2026-07-30,1966915907.1785405668|1785405668,1966915907.1785405668,1785405668,reddit.com,referral,(referral),1785406193122352,https://terminusmaximus.com/replay-library/,,https://terminusmaximus.com/guild-raid/boss-meta/,terminusmaximus.com,/guild-raid/boss-meta/,/replay-library/,false,true,9,2,1,false,false,true,true,false,false,false,false,false
Available export: 2026-07-14 to 2026-08-04 (22 days),2026-07-30,1966915907.1785405668|1785415761,1966915907.1785405668,1785415761,reddit.com,referral,(referral),1785415767512903,https://terminusmaximus.com/replay-library/,,https://terminusmaximus.com/,terminusmaximus.com,/,/replay-library/,false,true,3,2,1,false,false,true,true,false,false,false,false,false
Available export: 2026-07-14 to 2026-08-04 (22 days),2026-07-30,1978556558.1784646467|1785462120,1978556558.1784646467,1785462120,(direct),(none),(direct),1785462121189227,https://terminusmaximus.com/replay-library/,,,,,/replay-library/,true,false,3,3,1,false,false,true,true,false,false,false,false,false
Available export: 2026-07-14 to 2026-08-04 (22 days),2026-07-30,2011150870.1784215171|1785411850,2011150870.1784215171,1785411850,google,organic,(organic),1785411866041236,https://terminusmaximus.com/replay-library/,,https://terminusmaximus.com/,terminusmaximus.com,/,/replay-library/,false,true,10,4,1,false,false,true,true,false,false,false,false,false
Available export: 2026-07-14 to 2026-08-04 (22 days),2026-07-30,204691650.1785410577|1785410576,204691650.1785410577,1785410576,reddit,post,s106,1785410576919589,https://terminusmaximus.com/replay-library/?utm_source=reddit&utm_medium=post&utm_campaign=s106,utm_source=reddit&utm_medium=post&utm_campaign=s106,,,,/replay-library/,true,false,11,11,1,false,false,true,true,false,false,false,false,false
Available export: 2026-07-14 to 2026-08-04 (22 days),2026-07-30,206343876.1785212333|1785433209,206343876.1785212333,1785433209,google,organic,(organic),1785433208095984,https://terminusmaximus.com/replay-library/?boss=Dorn&team=AdMech&map=Dorn_03&tier=L1,boss=Dorn&team=AdMech&map=Dorn_03&tier=L1,https://terminusmaximus.com/guild-raid/,terminusmaximus.com,,/replay-library/,true,false,7,7,1,false,false,true,true,false,false,false,false,false
Available export: 2026-07-14 to 2026-08-04 (22 days),2026-07-30,2080558938.1785456958|1785456958,2080558938.1785456958,1785456958,google,organic,(organic),1785456959458287,https://terminusmaximus.com/replay-library/,,https://terminusmaximus.com/,terminusmaximus.com,/,/replay-library/,false,true,5,4,1,false,false,true,true,false,false,false,false,false
Available export: 2026-07-14 to 2026-08-04 (22 days),2026-07-30,2110672211.1785404935|1785404935,2110672211.1785404935,1785404935,google,organic,(organic),1785404957119608,https://terminusmaximus.com/replay-library/,,https://terminusmaximus.com/guild-raid/,terminusmaximus.com,/guild-raid/,/replay-library/,false,true,7,3,1,false,false,true,true,false,false,false,false,false
Available export: 2026-07-14 to 2026-08-04 (22 days),2026-07-30,2111859797.1784029962|1785410540,2111859797.1784029962,1785410540,reddit,post,s105,1785410542203223,https://terminusmaximus.com/replay-library/?utm_source=reddit&utm_medium=post&utm_campaign=s105&boss=Magnus&team=Laviscus,utm_source=reddit&utm_medium=post&utm_campaign=s105&boss=Magnus&team=Laviscus,https://terminusmaximus.com/replay-library/?utm_source=reddit&utm_medium=post&utm_campaign=s105&boss=Mortarion&team=Laviscus&map=Mortarion_04,terminusmaximus.com,,/replay-library/,true,false,3,3,1,false,false,true,true,false,false,false,false,false
Available export: 2026-07-14 to 2026-08-04 (22 days),2026-07-30,2145895056.1784131798|1785431498,2145895056.1784131798,1785431498,reddit,post,s105,1785431526493088,https://terminusmaximus.com/replay-library/,,https://terminusmaximus.com/guild-raid/boss-meta/,terminusmaximus.com,/guild-raid/boss-meta/,/replay-library/,false,true,6,5,1,false,false,true,true,false,false,false,false,false
Available export: 2026-07-14 to 2026-08-04 (22 days),2026-07-30,2145895056.1784131798|1785476964,2145895056.1784131798,1785476964,reddit,post,s105,1785476967597158,https://terminusmaximus.com/replay-library/,,,,,/replay-library/,true,false,4,4,1,false,false,true,true,false,false,false,false,false
Available export: 2026-07-14 to 2026-08-04 (22 days),2026-07-30,226683572.1785348912|1785446856,226683572.1785348912,1785446856,google,organic,(organic),1785446856845931,https://terminusmaximus.com/replay-library/?boss=Ghaz&team=Laviscus&map=Ghaz_02&excludeHero=Vit,boss=Ghaz&team=Laviscus&map=Ghaz_02&excludeHero=Vit,https://terminusmaximus.com/,terminusmaximus.com,,/replay-library/,true,false,7,7,1,false,false,true,true,false,false,false,false,false
Available export: 2026-07-14 to 2026-08-04 (22 days),2026-07-30,289636546.1784216912|1785413290,289636546.1784216912,1785413290,(direct),(none),(direct),1785413290754077,https://terminusmaximus.com/replay-library/,,,,,,true,false,1,1,1,false,true,false,false,false,false,false,false,false
Available export: 2026-07-14 to 2026-08-04 (22 days),2026-07-30,302283322.1785476206|1785476205,302283322.1785476206,1785476205,google,organic,(organic),1785476209835703,https://terminusmaximus.com/replay-library/,,https://terminusmaximus.com/,terminusmaximus.com,/,/replay-library/,false,true,12,11,1,false,false,true,true,false,false,false,false,false
Available export: 2026-07-14 to 2026-08-04 (22 days),2026-07-30,33304192.1785450855|1785450855,33304192.1785450855,1785450855,(direct),(none),(direct),1785450855732260,https://terminusmaximus.com/replay-library/,,,,,/replay-library/,true,false,10,10,1,false,false,true,true,false,false,false,false,false
Available export: 2026-07-14 to 2026-08-04 (22 days),2026-07-30,338536915.1784646557|1785405117,338536915.1784646557,1785405117,reddit,post,s105,1785405117628632,https://terminusmaximus.com/replay-library/?utm_source=reddit&utm_medium=post&utm_campaign=s105&boss=Avatar&team=Laviscus&map=Avatar_02&tier=L3,utm_source=reddit&utm_medium=post&utm_campaign=s105&boss=Avatar&team=Laviscus&map=Avatar_02&tier=L3,,,,/replay-library/,true,false,6,6,1,false,false,true,true,false,false,false,false,false
Available export: 2026-07-14 to 2026-08-04 (22 days),2026-07-30,359406148.1785126158|1785422562,359406148.1785126158,1785422562,(direct),(none),(direct),1785422563026679,https://terminusmaximus.com/replay-library/,,https://terminusmaximus.com/replay-library/?utm_source=reddit&utm_medium=post&utm_campaign=s105,terminusmaximus.com,,,true,false,1,1,1,false,true,false,false,false,false,false,false,false
Available export: 2026-07-14 to 2026-08-04 (22 days),2026-07-30,359406148.1785126158|1785427352,359406148.1785126158,1785427352,(direct),(none),(direct),1785427352253561,https://terminusmaximus.com/replay-library/,,https://terminusmaximus.com/replay-library/?utm_source=reddit&utm_medium=post&utm_campaign=s105,terminusmaximus.com,,/replay-library/,true,false,5,5,1,false,false,true,true,false,false,false,false,false
Available export: 2026-07-14 to 2026-08-04 (22 days),2026-07-30,359406148.1785126158|1785432681,359406148.1785126158,1785432681,(direct),(none),(direct),1785432682119011,https://terminusmaximus.com/replay-library/?boss=Lion&team=Custodes&map=Lion_03,boss=Lion&team=Custodes&map=Lion_03,https://terminusmaximus.com/replay-library/,terminusmaximus.com,,/replay-library/,true,false,2,2,1,false,false,true,true,false,false,false,false,false
Available export: 2026-07-14 to 2026-08-04 (22 days),2026-07-30,359406148.1785126158|1785436458,359406148.1785126158,1785436458,(direct),(none),(direct),1785436458544566,https://terminusmaximus.com/replay-library/?boss=Lion&team=Custodes&map=Lion_03,boss=Lion&team=Custodes&map=Lion_03,https://terminusmaximus.com/replay-library/,terminusmaximus.com,,,true,false,1,1,1,false,true,false,false,false,false,false,false,false
Available export: 2026-07-14 to 2026-08-04 (22 days),2026-07-30,359406148.1785126158|1785438900,359406148.1785126158,1785438900,(direct),(none),(direct),1785438900315459,https://terminusmaximus.com/replay-library/?boss=Lion&team=Custodes&map=Lion_03,boss=Lion&team=Custodes&map=Lion_03,https://terminusmaximus.com/replay-library/,terminusmaximus.com,,/replay-library/,true,false,2,2,1,false,false,true,true,false,false,false,false,false
Available export: 2026-07-14 to 2026-08-04 (22 days),2026-07-30,359406148.1785126158|1785471757,359406148.1785126158,1785471757,(direct),(none),(direct),1785471757889900,https://terminusmaximus.com/replay-library/?boss=Lion&team=Custodes&map=Lion_03,boss=Lion&team=Custodes&map=Lion_03,https://terminusmaximus.com/replay-library/,terminusmaximus.com,,,true,false,1,1,1,false,true,false,false,false,false,false,false,false
Available export: 2026-07-14 to 2026-08-04 (22 days),2026-07-30,360651704.1780689144|1785449473,360651704.1780689144,1785449473,ecosia.org,organic,(organic),1785449474253183,https://terminusmaximus.com/replay-library/?boss=Szarekh&team=Laviscus&map=Szarekh_04,boss=Szarekh&team=Laviscus&map=Szarekh_04,https://terminusmaximus.com/,terminusmaximus.com,,/replay-library/,true,false,4,4,1,false,false,true,true,false,false,false,false,false
Available export: 2026-07-14 to 2026-08-04 (22 days),2026-07-30,360871177.1785405216|1785405216,360871177.1785405216,1785405216,google,organic,(organic),1785405218452758,https://terminusmaximus.com/replay-library/,,https://terminusmaximus.com/,terminusmaximus.com,/,/replay-library/,false,true,5,3,1,false,false,true,true,false,false,false,false,false
Available export: 2026-07-14 to 2026-08-04 (22 days),2026-07-30,37543372.1785478277|1785478276,37543372.1785478277,1785478276,google,organic,(organic),1785478284668881,https://terminusmaximus.com/replay-library/,,https://terminusmaximus.com/,terminusmaximus.com,/,/replay-library/,false,true,6,5,1,false,false,true,true,false,false,false,false,false
Available export: 2026-07-14 to 2026-08-04 (22 days),2026-07-30,375889007.1784988029|1785408833,375889007.1784988029,1785408833,reddit,post,s106,1785408833511961,https://terminusmaximus.com/replay-library/?utm_source=reddit&utm_medium=post&utm_campaign=s106,utm_source=reddit&utm_medium=post&utm_campaign=s106,,,,/guild-raid/s106/,true,false,3,1,1,false,false,true,false,false,false,false,false,false
Available export: 2026-07-14 to 2026-08-04 (22 days),2026-07-30,375889007.1784988029|1785450681,375889007.1784988029,1785450681,reddit,post,s106,1785450682722499,https://terminusmaximus.com/replay-library/?utm_source=reddit&utm_medium=post&utm_campaign=s106,utm_source=reddit&utm_medium=post&utm_campaign=s106,,,,/guild-raid/s106/,true,false,7,4,2,true,false,true,true,false,false,false,false,false
Available export: 2026-07-14 to 2026-08-04 (22 days),2026-07-30,401327563.1784011092|1785430729,401327563.1784011092,1785430729,reddit,post,boss-meta,1785430744737412,https://terminusmaximus.com/replay-library/,,https://terminusmaximus.com/guild-raid/s105/,terminusmaximus.com,/guild-raid/s105/,/replay-library/,false,true,4,3,1,false,false,true,true,false,false,false,false,false
Available export: 2026-07-14 to 2026-08-04 (22 days),2026-07-30,401327563.1784011092|1785435888,401327563.1784011092,1785435888,reddit,post,boss-meta,1785435886143958,https://terminusmaximus.com/replay-library/?boss=Tervigon&team=Laviscus,boss=Tervigon&team=Laviscus,https://terminusmaximus.com/replay-library/?boss=Hive+Tyrant&team=Laviscus,terminusmaximus.com,,,true,false,1,1,1,false,true,false,false,false,false,false,false,false
Available export: 2026-07-14 to 2026-08-04 (22 days),2026-07-30,401327563.1784011092|1785443439,401327563.1784011092,1785443439,reddit,post,boss-meta,1785443436137292,https://terminusmaximus.com/replay-library/?boss=Riptide&team=Laviscus,boss=Riptide&team=Laviscus,https://terminusmaximus.com/replay-library/?boss=Tervigon&team=Laviscus,terminusmaximus.com,,,true,false,1,1,1,false,true,false,false,false,false,false,false,false
Available export: 2026-07-14 to 2026-08-04 (22 days),2026-07-30,401327563.1784011092|1785474916,401327563.1784011092,1785474916,reddit,post,boss-meta,1785474912948984,https://terminusmaximus.com/replay-library/?boss=Riptide&team=Laviscus,boss=Riptide&team=Laviscus,https://terminusmaximus.com/guild-raid/s105/,terminusmaximus.com,,,true,false,1,1,1,false,true,false,false,false,false,false,false,false
Available export: 2026-07-14 to 2026-08-04 (22 days),2026-07-30,415067581.1783749267|1785424795,415067581.1783749267,1785424795,(direct),(none),(direct),1785424818461225,https://terminusmaximus.com/replay-library/,,https://terminusmaximus.com/guild-raid/boss-meta/,terminusmaximus.com,/guild-raid/boss-meta/,/replay-library/,false,true,3,2,1,false,false,true,true,false,false,false,false,false
Available export: 2026-07-14 to 2026-08-04 (22 days),2026-07-30,415648380.1783756193|1785402992,415648380.1783756193,1785402992,google,organic,(organic),1785402992546408,https://terminusmaximus.com/replay-library/,,https://terminusmaximus.com/replay-library/?boss=Lion&team=Laviscus&map=Lion_02&excludeHero=Aesoth,terminusmaximus.com,,/replay-library/,true,false,5,5,1,false,false,true,true,false,false,false,false,false
Available export: 2026-07-14 to 2026-08-04 (22 days),2026-07-30,423009284.1785232159|1785475557,423009284.1785232159,1785475557,(direct),(none),(direct),1785475638004616,https://terminusmaximus.com/replay-library/,,https://terminusmaximus.com/guild-raid/s104/,terminusmaximus.com,/guild-raid/s104/,/guild-raid/,false,true,4,1,1,false,false,true,false,false,false,false,false,false
Available export: 2026-07-14 to 2026-08-04 (22 days),2026-07-30,437609154.1784144174|1785408397,437609154.1784144174,1785408397,reddit,post,s105,1785408399614120,https://terminusmaximus.com/replay-library/,,https://terminusmaximus.com/guild-raid/s105/?utm_source=reddit&utm_medium=post&utm_campaign=s105,terminusmaximus.com,/guild-raid/s105/,/replay-library/,false,true,9,8,1,false,false,true,true,false,false,false,false,false
Available export: 2026-07-14 to 2026-08-04 (22 days),2026-07-30,437609154.1784144174|1785440404,437609154.1784144174,1785440404,reddit,post,s105,1785440417179310,https://terminusmaximus.com/replay-library/,,https://terminusmaximus.com/guild-raid/s105/?utm_source=reddit&utm_medium=post&utm_campaign=s105,terminusmaximus.com,/guild-raid/s105/,/replay-library/,false,true,4,3,1,false,false,true,true,false,false,false,false,false
Available export: 2026-07-14 to 2026-08-04 (22 days),2026-07-30,437609154.1784144174|1785445577,437609154.1784144174,1785445577,reddit,post,s105,1785445577247743,https://terminusmaximus.com/replay-library/?boss=Magnus&team=Laviscus&map=Magnus_02,boss=Magnus&team=Laviscus&map=Magnus_02,https://terminusmaximus.com/guild-raid/s105/?utm_source=reddit&utm_medium=post&utm_campaign=s105,terminusmaximus.com,,,true,false,1,1,1,false,true,false,false,false,false,false,false,false
Available export: 2026-07-14 to 2026-08-04 (22 days),2026-07-30,443211434.1783753937|1785409509,443211434.1783753937,1785409509,google,organic,(organic),1785409510056910,https://terminusmaximus.com/replay-library/,,,,,/replay-library/,true,false,8,8,1,false,false,true,true,false,false,false,false,false
Available export: 2026-07-14 to 2026-08-04 (22 days),2026-07-30,475659729.1785048966|1785400535,475659729.1785048966,1785400535,(direct),(none),(direct),1785400536666717,https://terminusmaximus.com/replay-library/?boss=Avatar&team=Laviscus&map=Avatar_02,boss=Avatar&team=Laviscus&map=Avatar_02,https://terminusmaximus.com/guild-raid/s105/,terminusmaximus.com,,,true,false,1,1,1,false,true,false,false,false,false,false,false,false
Available export: 2026-07-14 to 2026-08-04 (22 days),2026-07-30,485943286.1783635513|1785397670,485943286.1783635513,1785397670,(direct),(none),(direct),1785397669262047,https://terminusmaximus.com/replay-library/?boss=Avatar&team=Custodes&map=Avatar_05,boss=Avatar&team=Custodes&map=Avatar_05,https://terminusmaximus.com/guild-raid/boss-meta/,terminusmaximus.com,,/replay-library/,true,false,3,3,1,false,false,true,true,false,false,false,false,false
Available export: 2026-07-14 to 2026-08-04 (22 days),2026-07-30,485943286.1783635513|1785436364,485943286.1783635513,1785436364,(direct),(none),(direct),1785436368617923,https://terminusmaximus.com/replay-library/?boss=Dorn&team=Custodes&tier=L2,boss=Dorn&team=Custodes&tier=L2,https://terminusmaximus.com/guild-raid/boss-meta/,terminusmaximus.com,,,true,false,1,1,1,false,true,false,false,false,false,false,false,false
Available export: 2026-07-14 to 2026-08-04 (22 days),2026-07-30,485943286.1783635513|1785445990,485943286.1783635513,1785445990,(direct),(none),(direct),1785445987957876,https://terminusmaximus.com/replay-library/?boss=Dorn&team=Custodes&tier=L2,boss=Dorn&team=Custodes&tier=L2,https://terminusmaximus.com/guild-raid/boss-meta/,terminusmaximus.com,,,true,false,1,1,1,false,true,false,false,false,false,false,false,false
Available export: 2026-07-14 to 2026-08-04 (22 days),2026-07-30,485943286.1783635513|1785475396,485943286.1783635513,1785475396,(direct),(none),(direct),1785475395823925,https://terminusmaximus.com/replay-library/?boss=Magnus&team=Custodes&map=Magnus_03&tier=M2,boss=Magnus&team=Custodes&map=Magnus_03&tier=M2,https://terminusmaximus.com/guild-raid/boss-meta/,terminusmaximus.com,,/replay-library/,true,false,9,8,2,true,false,true,true,false,false,false,false,false
Available export: 2026-07-14 to 2026-08-04 (22 days),2026-07-30,490736806.1785428413|1785428412,490736806.1785428413,1785428412,google,organic,(organic),1785428412774228,https://terminusmaximus.com/replay-library/,,https://www.google.com/,www.google.com,,/replay-library/,true,false,5,4,1,false,false,true,true,false,false,false,false,false
Available export: 2026-07-14 to 2026-08-04 (22 days),2026-07-30,491851956.1785239623|1785399953,491851956.1785239623,1785399953,google,organic,(organic),1785399954125238,https://terminusmaximus.com/replay-library/?boss=Ghaz&team=Laviscus&map=Ghaz_02,boss=Ghaz&team=Laviscus&map=Ghaz_02,https://terminusmaximus.com/,terminusmaximus.com,,/replay-library/,true,false,4,4,1,false,false,true,true,false,false,false,false,false
Available export: 2026-07-14 to 2026-08-04 (22 days),2026-07-30,491851956.1785239623|1785405119,491851956.1785239623,1785405119,google,organic,(organic),1785405120947712,https://terminusmaximus.com/replay-library/?boss=Magnus&team=Custodes&map=Magnus_02,boss=Magnus&team=Custodes&map=Magnus_02,https://terminusmaximus.com/,terminusmaximus.com,,,true,false,1,1,1,false,true,false,false,false,false,false,false,false
Available export: 2026-07-14 to 2026-08-04 (22 days),2026-07-30,491851956.1785239623|1785445777,491851956.1785239623,1785445777,google,organic,(organic),1785445778257153,https://terminusmaximus.com/replay-library/?boss=Magnus&team=Custodes&map=Magnus_02,boss=Magnus&team=Custodes&map=Magnus_02,https://terminusmaximus.com/,terminusmaximus.com,,/replay-library/,true,false,5,5,1,false,false,true,true,false,false,false,false,false
Available export: 2026-07-14 to 2026-08-04 (22 days),2026-07-30,528877448.1785102306|1785396686,528877448.1785102306,1785396686,reddit,post,s106,1785396688727860,https://terminusmaximus.com/replay-library/,,https://terminusmaximus.com/,terminusmaximus.com,/,,false,true,2,1,1,false,false,true,false,false,false,false,false,false
Available export: 2026-07-14 to 2026-08-04 (22 days),2026-07-30,528877448.1785102306|1785457726,528877448.1785102306,1785457726,reddit,post,s106,1785457732821095,https://terminusmaximus.com/replay-library/,,https://terminusmaximus.com/,terminusmaximus.com,/,/replay-library/,false,true,8,6,2,true,false,true,true,false,false,false,false,false
Available export: 2026-07-14 to 2026-08-04 (22 days),2026-07-30,528877448.1785102306|1785475462,528877448.1785102306,1785475462,reddit,post,s106,1785475472204934,https://terminusmaximus.com/replay-library/?boss=Szarekh&map=Szarekh_04,boss=Szarekh&map=Szarekh_04,https://terminusmaximus.com/,terminusmaximus.com,,,true,false,1,1,1,false,true,false,false,false,false,false,false,false
Available export: 2026-07-14 to 2026-08-04 (22 days),2026-07-30,530596093.1780608947|1785441815,530596093.1780608947,1785441815,google,organic,(organic),1785442443374937,https://terminusmaximus.com/replay-library/,,https://terminusmaximus.com/guild-raid/boss-meta/,terminusmaximus.com,/guild-raid/boss-meta/,/replay-library/,false,true,9,5,1,false,false,true,true,false,false,false,false,false
Available export: 2026-07-14 to 2026-08-04 (22 days),2026-07-30,530596093.1780608947|1785447691,530596093.1780608947,1785447691,google,organic,(organic),1785447692425037,https://terminusmaximus.com/replay-library/?boss=Magnus&team=Custodes&map=Magnus_02&excludeHero=Helb,boss=Magnus&team=Custodes&map=Magnus_02&excludeHero=Helb,https://terminusmaximus.com/guild-raid/boss-meta/,terminusmaximus.com,,,true,false,1,1,1,false,true,false,false,false,false,false,false,false
Available export: 2026-07-14 to 2026-08-04 (22 days),2026-07-30,532901899.1784818070|1785414692,532901899.1784818070,1785414692,(direct),(none),(direct),1785414694024124,https://terminusmaximus.com/replay-library/,,,,,/replay-library/,true,false,7,7,1,false,false,true,true,false,false,false,false,false
Available export: 2026-07-14 to 2026-08-04 (22 days),2026-07-30,537561536.1784031370|1785419060,537561536.1784031370,1785419060,reddit,post,s105,1785419092443837,https://terminusmaximus.com/replay-library/?boss=Magnus&team=Custodes,boss=Magnus&team=Custodes,https://terminusmaximus.com/replay-library/?boss=Magnus,terminusmaximus.com,/,/replay-library/,false,true,6,5,1,false,false,true,true,false,false,false,false,false
Available export: 2026-07-14 to 2026-08-04 (22 days),2026-07-30,538900360.1785437045|1785437045,538900360.1785437045,1785437045,google,organic,(organic),1785437279515351,https://terminusmaximus.com/replay-library/,,https://terminusmaximus.com/beginner-guide/,terminusmaximus.com,/beginner-guide/,,false,true,3,1,1,false,false,true,false,false,false,false,false,false
Available export: 2026-07-14 to 2026-08-04 (22 days),2026-07-30,570549203.1785144272|1785424308,570549203.1785144272,1785424308,google,organic,(organic),1785424315870156,https://terminusmaximus.com/replay-library/,,https://terminusmaximus.com/guild-raid/s106/,terminusmaximus.com,,/replay-library/,true,false,8,8,1,false,false,true,true,false,false,false,false,false
Available export: 2026-07-14 to 2026-08-04 (22 days),2026-07-30,570549203.1785144272|1785439472,570549203.1785144272,1785439472,google,organic,(organic),1785439485762963,https://terminusmaximus.com/replay-library/,,https://terminusmaximus.com/,terminusmaximus.com,/,/,false,true,4,1,1,false,false,true,false,false,false,false,false,false
Available export: 2026-07-14 to 2026-08-04 (22 days),2026-07-30,59682447.1783737056|1785415570,59682447.1783737056,1785415570,reddit,post,s105,1785415571250385,https://terminusmaximus.com/replay-library/?utm_source=reddit&utm_medium=post&utm_campaign=s105,utm_source=reddit&utm_medium=post&utm_campaign=s105,,,,/replay-library/,true,false,4,4,1,false,false,true,true,false,false,false,false,false
Available export: 2026-07-14 to 2026-08-04 (22 days),2026-07-30,675334756.1783628234|1785412461,675334756.1783628234,1785412461,reddit,post,elite-campaigns,1785412662961772,https://terminusmaximus.com/replay-library/,,https://terminusmaximus.com/,terminusmaximus.com,/,/replay-library/,false,true,9,5,2,true,false,true,true,false,false,false,false,false
Available export: 2026-07-14 to 2026-08-04 (22 days),2026-07-30,690906611.1784220034|1785429815,690906611.1784220034,1785429815,google,organic,(organic),1785429815310314,https://terminusmaximus.com/replay-library/?boss=Szarekh&team=Laviscus,boss=Szarekh&team=Laviscus,https://terminusmaximus.com/replay-library/?boss=Ghaz&team=Laviscus&map=Ghaz_02,terminusmaximus.com,,/replay-library/,true,false,5,5,1,false,false,true,true,false,false,false,false,false
Available export: 2026-07-14 to 2026-08-04 (22 days),2026-07-30,696566703.1785455992|1785455992,696566703.1785455992,1785455992,google,organic,(organic),1785456072471838,https://terminusmaximus.com/replay-library/,,https://terminusmaximus.com/guild-raid/s106/,terminusmaximus.com,/guild-raid/s106/,/replay-library/,false,true,7,5,1,false,false,true,true,false,true,false,false,false
Available export: 2026-07-14 to 2026-08-04 (22 days),2026-07-30,714508981.1785470437|1785470436,714508981.1785470437,1785470436,(direct),(none),(direct),1785470436493131,https://terminusmaximus.com/replay-library/?team=Neuro&hero=Winged,team=Neuro&hero=Winged,,,,,true,false,1,1,1,false,true,false,false,false,false,false,false,false
Available export: 2026-07-14 to 2026-08-04 (22 days),2026-07-30,730996977.1785402506|1785402506,730996977.1785402506,1785402506,google,organic,(organic),1785402506233511,https://terminusmaximus.com/replay-library/,,https://www.google.com/,www.google.com,,/replay-library/,true,false,4,4,1,false,false,true,true,false,false,false,false,false
Available export: 2026-07-14 to 2026-08-04 (22 days),2026-07-30,730996977.1785402506|1785480212,730996977.1785402506,1785480212,google,organic,(organic),1785480212408948,https://terminusmaximus.com/replay-library/?boss=Szarekh&team=Laviscus&map=Szarekh_04,boss=Szarekh&team=Laviscus&map=Szarekh_04,https://www.google.com/,www.google.com,,/replay-library/,true,false,2,2,1,false,false,true,true,false,false,false,false,false
Available export: 2026-07-14 to 2026-08-04 (22 days),2026-07-30,745827446.1784157382|1785445335,745827446.1784157382,1785445335,(direct),(none),(direct),1785445335501646,https://terminusmaximus.com/replay-library/,,,,,/replay-library/,true,false,2,2,1,false,false,true,true,false,false,false,false,false
Available export: 2026-07-14 to 2026-08-04 (22 days),2026-07-30,745827446.1784157382|1785448037,745827446.1784157382,1785448037,(direct),(none),(direct),1785448036839781,https://terminusmaximus.com/replay-library/,,,,,/replay-library/,true,false,2,2,1,false,false,true,true,false,false,false,false,false
Available export: 2026-07-14 to 2026-08-04 (22 days),2026-07-30,745827446.1784157382|1785456466,745827446.1784157382,1785456466,(direct),(none),(direct),1785456466335523,https://terminusmaximus.com/replay-library/,,,,,/replay-library/,true,false,5,5,1,false,false,true,true,false,false,false,false,false
Available export: 2026-07-14 to 2026-08-04 (22 days),2026-07-30,758337469.1785455137|1785455136,758337469.1785455137,1785455136,google,organic,(organic),1785455136647776,https://terminusmaximus.com/replay-library/,,https://www.google.com/,www.google.com,,,true,false,1,1,1,false,true,false,false,false,false,false,false,false
Available export: 2026-07-14 to 2026-08-04 (22 days),2026-07-30,767252580.1785261185|1785429145,767252580.1785261185,1785429145,reddit,post,s106,1785429163565591,https://terminusmaximus.com/replay-library/,,https://terminusmaximus.com/guild-raid/s106/?utm_source=reddit&utm_medium=post&utm_campaign=s106,terminusmaximus.com,/guild-raid/s106/,/replay-library/,false,true,3,2,1,false,false,true,true,false,false,false,false,false
Available export: 2026-07-14 to 2026-08-04 (22 days),2026-07-30,776182018.1784139373|1785423077,776182018.1784139373,1785423077,(direct),(none),(direct),1785423077113967,https://terminusmaximus.com/replay-library/,,,,,,true,false,1,1,1,false,true,false,false,false,false,false,false,false
Available export: 2026-07-14 to 2026-08-04 (22 days),2026-07-30,776182018.1784139373|1785429689,776182018.1784139373,1785429689,(direct),(none),(direct),1785429689704106,https://terminusmaximus.com/replay-library/,,,,,,true,false,1,1,1,false,true,false,false,false,false,false,false,false
Available export: 2026-07-14 to 2026-08-04 (22 days),2026-07-30,780995119.1785322930|1785479909,780995119.1785322930,1785479909,google,organic,(organic),1785479909675906,https://terminusmaximus.com/replay-library/?boss=Tervigon&map=Tervigon_04,boss=Tervigon&map=Tervigon_04,,,,/replay-library/,true,false,3,3,1,false,false,true,true,false,false,false,false,false
Available export: 2026-07-14 to 2026-08-04 (22 days),2026-07-30,792728939.1785408104|1785408103,792728939.1785408104,1785408103,google,organic,(organic),1785408105942597,https://terminusmaximus.com/replay-library/,,https://terminusmaximus.com/,terminusmaximus.com,/,/replay-library/,false,true,5,4,1,false,false,true,true,false,false,false,false,false
Available export: 2026-07-14 to 2026-08-04 (22 days),2026-07-30,834127635.1784131155|1785416764,834127635.1784131155,1785416764,duckduckgo,organic,(organic),1785416774187823,https://terminusmaximus.com/replay-library/,,https://terminusmaximus.com/,terminusmaximus.com,/,/replay-library/,false,true,9,8,1,false,false,true,true,false,false,false,false,false
Available export: 2026-07-14 to 2026-08-04 (22 days),2026-07-30,834127635.1784131155|1785432515,834127635.1784131155,1785432515,duckduckgo,organic,(organic),1785432515245741,https://terminusmaximus.com/replay-library/,,,,,,true,false,1,1,1,false,true,false,false,false,false,false,false,false
Available export: 2026-07-14 to 2026-08-04 (22 days),2026-07-30,839349046.1782972875|1785455454,839349046.1782972875,1785455454,google,organic,(organic),1785455497098475,https://terminusmaximus.com/replay-library/,,https://terminusmaximus.com/guild-raid/boss-meta/,terminusmaximus.com,/guild-raid/boss-meta/,/replay-library/,false,true,4,2,1,false,false,true,true,false,false,false,false,false
Available export: 2026-07-14 to 2026-08-04 (22 days),2026-07-30,864718273.1785402190|1785402190,864718273.1785402190,1785402190,(direct),(none),(direct),1785402186215121,https://terminusmaximus.com/replay-library/,,https://terminusmaximus.com/,terminusmaximus.com,/,/replay-library/,false,true,5,4,1,false,false,true,true,false,false,false,false,false
Available export: 2026-07-14 to 2026-08-04 (22 days),2026-07-30,868553460.1782324967|1785407219,868553460.1782324967,1785407219,reddit,post,lucius-lre,1785407224341154,https://terminusmaximus.com/replay-library/,,https://terminusmaximus.com/guild-raid/s103/,terminusmaximus.com,/guild-raid/s103/,/replay-library/,false,true,3,2,1,false,false,true,true,false,false,false,false,false
Available export: 2026-07-14 to 2026-08-04 (22 days),2026-07-30,868553460.1782324967|1785420057,868553460.1782324967,1785420057,reddit,post,lucius-lre,1785420055867115,https://terminusmaximus.com/replay-library/?boss=Mortarion,boss=Mortarion,https://terminusmaximus.com/guild-raid/s103/,terminusmaximus.com,,,true,false,1,1,1,false,true,false,false,false,false,false,false,false
Available export: 2026-07-14 to 2026-08-04 (22 days),2026-07-30,880055914.1784301103|1785427274,880055914.1784301103,1785427274,(direct),(none),(direct),1785427278767565,https://terminusmaximus.com/replay-library/,,,,,/replay-library/,true,false,4,4,1,false,false,true,true,false,false,false,false,false
Available export: 2026-07-14 to 2026-08-04 (22 days),2026-07-30,880055914.1784301103|1785450512,880055914.1784301103,1785450512,(direct),(none),(direct),1785450514584417,https://terminusmaximus.com/replay-library/,,https://terminusmaximus.com/,terminusmaximus.com,/,,false,true,2,1,1,false,false,true,false,false,false,false,false,false
Available export: 2026-07-14 to 2026-08-04 (22 days),2026-07-30,88011080.1784934505|1785383218,88011080.1784934505,1785383218,reddit,post,s106,1785396375116321,https://terminusmaximus.com/replay-library/?team=Laviscus,team=Laviscus,,,,/replay-library/,true,false,22,22,1,false,false,true,true,false,false,false,false,false
Available export: 2026-07-14 to 2026-08-04 (22 days),2026-07-30,88011080.1784934505|1785397297,88011080.1784934505,1785397297,reddit,post,s106,1785440392091557,https://terminusmaximus.com/replay-library/?team=Laviscus,team=Laviscus,,,,/replay-library/,true,false,6,5,1,false,false,true,true,false,false,false,false,false
Available export: 2026-07-14 to 2026-08-04 (22 days),2026-07-30,88011080.1784934505|1785406720,88011080.1784934505,1785406720,reddit,post,s106,1785449814649400,https://terminusmaximus.com/replay-library/?team=Laviscus,team=Laviscus,,,,/replay-library/,true,false,5,5,1,false,false,true,true,false,false,false,false,false
Available export: 2026-07-14 to 2026-08-04 (22 days),2026-07-30,88011080.1784934505|1785425827,88011080.1784934505,1785425827,reddit,post,s106,1785468920865608,https://terminusmaximus.com/replay-library/?team=Laviscus,team=Laviscus,,,,/replay-library/,true,false,3,3,1,false,false,true,true,false,false,false,false,false
Available export: 2026-07-14 to 2026-08-04 (22 days),2026-07-30,882805798.1785425639|1785425639,882805798.1785425639,1785425639,google,organic,(organic),1785425659101600,https://terminusmaximus.com/replay-library/,,https://terminusmaximus.com/,terminusmaximus.com,/,/replay-library/,false,true,3,2,1,false,false,true,true,false,false,false,false,false
Available export: 2026-07-14 to 2026-08-04 (22 days),2026-07-30,919443156.1784120394|1785465409,919443156.1784120394,1785465409,reddit,post,s105,1785465481995862,https://terminusmaximus.com/replay-library/,,https://terminusmaximus.com/guild-raid/s105/,terminusmaximus.com,/guild-raid/s105/,,false,true,3,1,1,false,false,true,false,false,false,false,false,false
Available export: 2026-07-14 to 2026-08-04 (22 days),2026-07-31,1012001193.1785509710|1785509710,1012001193.1785509710,1785509710,reddit,post,s105,1785509707604911,https://terminusmaximus.com/replay-library/?utm_source=reddit&utm_medium=post&utm_campaign=s105,utm_source=reddit&utm_medium=post&utm_campaign=s105,android-app://com.reddit.frontpage/,com.reddit.frontpage,,/replay-library/,true,false,2,2,1,false,false,true,true,false,false,false,false,false
Available export: 2026-07-14 to 2026-08-04 (22 days),2026-07-31,1012001193.1785509710|1785514225,1012001193.1785509710,1785514225,reddit,post,s105,1785514223245776,https://terminusmaximus.com/replay-library/?utm_source=reddit&utm_medium=post&utm_campaign=s105&boss=Magnus,utm_source=reddit&utm_medium=post&utm_campaign=s105&boss=Magnus,android-app://com.reddit.frontpage/,com.reddit.frontpage,,,true,false,1,1,1,false,true,false,false,false,false,false,false,false
Available export: 2026-07-14 to 2026-08-04 (22 days),2026-07-31,1072113099.1780609127|1785485780,1072113099.1780609127,1785485780,reddit,post,s105,1785485778438157,https://terminusmaximus.com/replay-library/,,,,,,true,false,1,1,1,false,true,false,false,false,false,false,false,false
Available export: 2026-07-14 to 2026-08-04 (22 days),2026-07-31,1072113099.1780609127|1785510006,1072113099.1780609127,1785510006,reddit,post,s105,1785510004209610,https://terminusmaximus.com/replay-library/,,,,,,true,false,1,1,1,false,true,false,false,false,false,false,false,false
Available export: 2026-07-14 to 2026-08-04 (22 days),2026-07-31,1072113099.1780609127|1785547148,1072113099.1780609127,1785547148,reddit,post,s105,1785547147913378,https://terminusmaximus.com/replay-library/,,,,,,true,false,1,1,1,false,true,false,false,false,false,false,false,false
Available export: 2026-07-14 to 2026-08-04 (22 days),2026-07-31,1072113099.1780609127|1785553980,1072113099.1780609127,1785553980,reddit,post,s105,1785553979929251,https://terminusmaximus.com/replay-library/,,,,,,true,false,1,1,1,false,true,false,false,false,false,false,false,false
Available export: 2026-07-14 to 2026-08-04 (22 days),2026-07-31,1079571534.1784036714|1785563650,1079571534.1784036714,1785563650,reddit,post,s105,1785563651529831,https://terminusmaximus.com/replay-library/?utm_source=reddit&utm_medium=post&utm_campaign=s105,utm_source=reddit&utm_medium=post&utm_campaign=s105,,,,,true,false,1,1,1,false,true,false,false,false,false,false,false,false
Available export: 2026-07-14 to 2026-08-04 (22 days),2026-07-31,1080755939.1780693991|1785529319,1080755939.1780693991,1785529319,(direct),(none),(direct),1785529319413739,https://terminusmaximus.com/replay-library/?team=Neuro&hero=Winged,team=Neuro&hero=Winged,,,,/replay-library/,true,false,3,3,1,false,false,true,true,false,false,false,false,false
Available export: 2026-07-14 to 2026-08-04 (22 days),2026-07-31,1103786394.1783583027|1785485136,1103786394.1783583027,1785485136,(direct),(none),(direct),1785485145805441,https://terminusmaximus.com/replay-library/,,https://terminusmaximus.com/,terminusmaximus.com,/,/replay-library/,false,true,6,5,1,false,false,true,true,false,false,false,false,false
Available export: 2026-07-14 to 2026-08-04 (22 days),2026-07-31,111613413.1784280081|1785493667,111613413.1784280081,1785493667,google,organic,(organic),1785493667272775,https://terminusmaximus.com/replay-library/?boss=Screamer&map=Screamer_01,boss=Screamer&map=Screamer_01,https://terminusmaximus.com/guild-raid/boss-meta/,terminusmaximus.com,,,true,false,1,1,1,false,true,false,false,false,false,false,false,false
Available export: 2026-07-14 to 2026-08-04 (22 days),2026-07-31,113143066.1785512772|1785512771,113143066.1785512772,1785512771,(direct),(none),(direct),1785512771916712,https://terminusmaximus.com/replay-library/,,,,,,true,false,1,1,1,false,true,false,false,false,false,false,false,false
Available export: 2026-07-14 to 2026-08-04 (22 days),2026-07-31,1140518834.1780544577|1785529438,1140518834.1780544577,1785529438,(direct),(none),(direct),1785529452378573,https://terminusmaximus.com/replay-library/,,https://terminusmaximus.com/,terminusmaximus.com,/,/replay-library/,false,true,7,5,1,false,false,true,true,false,false,false,false,false
Available export: 2026-07-14 to 2026-08-04 (22 days),2026-07-31,1170678472.1785330752|1785550558,1170678472.1785330752,1785550558,reddit,post,s106,1785550576278254,https://terminusmaximus.com/replay-library/,,https://terminusmaximus.com/,terminusmaximus.com,/,/replay-library/,false,true,9,7,1,false,false,true,true,false,false,false,false,false
Available export: 2026-07-14 to 2026-08-04 (22 days),2026-07-31,1170678472.1785330752|1785552542,1170678472.1785330752,1785552542,reddit,post,s106,1785552543077980,https://terminusmaximus.com/replay-library/,,https://terminusmaximus.com/replay-library/?boss=Lion&tier=M1,terminusmaximus.com,,/replay-library/,true,false,2,2,1,false,false,true,true,false,false,false,false,false
Available export: 2026-07-14 to 2026-08-04 (22 days),2026-07-31,1170678472.1785330752|1785556227,1170678472.1785330752,1785556227,reddit,post,s106,1785556227961665,https://terminusmaximus.com/replay-library/,,https://terminusmaximus.com/replay-library/?boss=Lion&tier=M1,terminusmaximus.com,,,true,false,1,1,1,false,true,false,false,false,false,false,false,false
Available export: 2026-07-14 to 2026-08-04 (22 days),2026-07-31,1173622095.1785499736|1785499735,1173622095.1785499736,1785499735,(direct),(none),(direct),1785499734738704,https://terminusmaximus.com/replay-library/,,,,,/replay-library/,true,false,5,5,1,false,false,true,true,false,false,false,false,false
Available export: 2026-07-14 to 2026-08-04 (22 days),2026-07-31,1186765260.1784277452|1785503549,1186765260.1784277452,1785503549,discord,post,boss-meta,1785503550213283,https://terminusmaximus.com/replay-library/?boss=Avatar&team=Neuro,boss=Avatar&team=Neuro,https://terminusmaximus.com/replay-library/?boss=Dorn&team=Neuro&map=Dorn_03,terminusmaximus.com,,/replay-library/,true,false,2,2,1,false,false,true,true,false,false,false,false,false
Available export: 2026-07-14 to 2026-08-04 (22 days),2026-07-31,1186765260.1784277452|1785505779,1186765260.1784277452,1785505779,discord,post,boss-meta,1785505779961059,https://terminusmaximus.com/replay-library/?boss=Avatar&team=Neuro&map=Avatar_05,boss=Avatar&team=Neuro&map=Avatar_05,https://terminusmaximus.com/guild-raid/s106/,terminusmaximus.com,,,true,false,1,1,1,false,true,false,false,false,false,false,false,false
Available export: 2026-07-14 to 2026-08-04 (22 days),2026-07-31,1186765260.1784277452|1785532368,1186765260.1784277452,1785532368,discord,post,boss-meta,1785532369721594,https://terminusmaximus.com/replay-library/?boss=Avatar&team=Neuro&map=Avatar_05,boss=Avatar&team=Neuro&map=Avatar_05,https://terminusmaximus.com/guild-raid/s106/,terminusmaximus.com,,,true,false,1,1,1,false,true,false,false,false,false,false,false,false
Available export: 2026-07-14 to 2026-08-04 (22 days),2026-07-31,1186765260.1784277452|1785534726,1186765260.1784277452,1785534726,discord,post,boss-meta,1785534727633171,https://terminusmaximus.com/replay-library/?boss=Cawl&team=Neuro,boss=Cawl&team=Neuro,,,,/replay-library/,true,false,2,2,1,false,false,true,true,false,false,false,false,false
Available export: 2026-07-14 to 2026-08-04 (22 days),2026-07-31,1192977854.1785517129|1785517129,1192977854.1785517129,1785517129,(direct),(none),(direct),1785517129643389,https://terminusmaximus.com/replay-library/?boss=Lion&team=Neuro,boss=Lion&team=Neuro,https://terminusmaximus.com/,terminusmaximus.com,,/replay-library/,true,false,3,3,1,false,false,true,true,false,false,false,false,false
Available export: 2026-07-14 to 2026-08-04 (22 days),2026-07-31,1192977854.1785517129|1785537114,1192977854.1785517129,1785537114,(direct),(none),(direct),1785537114632237,https://terminusmaximus.com/replay-library/?boss=Mortarion&team=Neuro&map=Mortarion_04,boss=Mortarion&team=Neuro&map=Mortarion_04,https://terminusmaximus.com/,terminusmaximus.com,,/replay-library/,true,false,3,3,1,false,false,true,true,false,false,false,false,false
Available export: 2026-07-14 to 2026-08-04 (22 days),2026-07-31,1195083193.1781348793|1785525447,1195083193.1781348793,1785525447,google,organic,(organic),1785526072484711,https://terminusmaximus.com/replay-library/,,https://terminusmaximus.com/beginner-guide/,terminusmaximus.com,/lre/lysander/,/replay-library/,false,true,7,4,1,false,false,true,true,false,false,false,false,false
Available export: 2026-07-14 to 2026-08-04 (22 days),2026-07-31,1226819984.1784128159|1785508718,1226819984.1784128159,1785508718,(direct),(none),(direct),1785508733273664,https://terminusmaximus.com/replay-library/?boss=Cawl&map=Cawl_01,boss=Cawl&map=Cawl_01,,,,/replay-library/,true,false,5,5,1,false,false,true,true,false,false,false,false,false
Available export: 2026-07-14 to 2026-08-04 (22 days),2026-07-31,1233873503.1785347844|1785522333,1233873503.1785347844,1785522333,reddit,post,s105,1785522334581882,https://terminusmaximus.com/replay-library/?utm_source=reddit&utm_medium=post&utm_campaign=s105&boss=Szarekh&team=Laviscus&map=Szarekh_04,utm_source=reddit&utm_medium=post&utm_campaign=s105&boss=Szarekh&team=Laviscus&map=Szarekh_04,,,,,true,false,1,1,1,false,true,false,false,false,false,false,false,false
Available export: 2026-07-14 to 2026-08-04 (22 days),2026-07-31,1233873503.1785347844|1785548741,1233873503.1785347844,1785548741,reddit,post,s105,1785548742365201,https://terminusmaximus.com/replay-library/?utm_source=reddit&utm_medium=post&utm_campaign=s105&boss=Szarekh&team=Laviscus&map=Szarekh_04,utm_source=reddit&utm_medium=post&utm_campaign=s105&boss=Szarekh&team=Laviscus&map=Szarekh_04,,,,,true,false,1,1,1,false,true,false,false,false,false,false,false,false
Available export: 2026-07-14 to 2026-08-04 (22 days),2026-07-31,1250091458.1782517562|1785497142,1250091458.1782517562,1785497142,reddit,post,elite-campaigns,1785497146274210,https://terminusmaximus.com/replay-library/,,,,,/replay-library/,true,false,4,4,1,false,false,true,true,false,false,false,false,false
Available export: 2026-07-14 to 2026-08-04 (22 days),2026-07-31,1252073459.1785339415|1785538489,1252073459.1785339415,1785538489,duckduckgo,organic,(organic),1785538490005845,https://terminusmaximus.com/replay-library/?boss=Szarekh&map=Szarekh_04,boss=Szarekh&map=Szarekh_04,https://duckduckgo.com/,duckduckgo.com,,,true,false,1,1,1,false,true,false,false,false,false,false,false,false
Available export: 2026-07-14 to 2026-08-04 (22 days),2026-07-31,1261565544.1780757750|1785516960,1261565544.1780757750,1785516960,reddit,post,s105,1785516961503963,https://terminusmaximus.com/replay-library/?utm_source=reddit&utm_medium=post&utm_campaign=s105,utm_source=reddit&utm_medium=post&utm_campaign=s105,https://www.reddit.com/,www.reddit.com,,/replay-library/,true,false,10,10,1,false,false,true,true,false,false,false,false,false
Available export: 2026-07-14 to 2026-08-04 (22 days),2026-07-31,1290422793.1785567388|1785567387,1290422793.1785567388,1785567387,google,organic,(organic),1785567389271767,https://terminusmaximus.com/replay-library/,,https://terminusmaximus.com/,terminusmaximus.com,/,/replay-library/,false,true,6,5,1,false,false,true,true,false,false,false,false,false
Available export: 2026-07-14 to 2026-08-04 (22 days),2026-07-31,1300419794.1784084415|1785511209,1300419794.1784084415,1785511209,google,organic,(organic),1785511236661805,https://terminusmaximus.com/replay-library/,,https://terminusmaximus.com/,terminusmaximus.com,/,/replay-library/,false,true,4,2,1,false,false,true,true,false,false,false,false,false
Available export: 2026-07-14 to 2026-08-04 (22 days),2026-07-31,1300419794.1784084415|1785515432,1300419794.1784084415,1785515432,google,organic,(organic),1785515548694378,https://terminusmaximus.com/replay-library/,,https://terminusmaximus.com/,terminusmaximus.com,/,/replay-library/,false,true,7,6,1,false,false,true,true,false,false,false,false,false
Available export: 2026-07-14 to 2026-08-04 (22 days),2026-07-31,1330085543.1784224204|1785486844,1330085543.1784224204,1785486844,google,organic,(organic),1785486844316719,https://terminusmaximus.com/replay-library/?boss=Avatar&team=Laviscus&map=Avatar_05&tier=L2,boss=Avatar&team=Laviscus&map=Avatar_05&tier=L2,,,,,true,false,1,1,1,false,true,false,false,false,false,false,false,false
Available export: 2026-07-14 to 2026-08-04 (22 days),2026-07-31,1330085543.1784224204|1785506482,1330085543.1784224204,1785506482,google,organic,(organic),1785506482638238,https://terminusmaximus.com/replay-library/,,,,,/replay-library/,true,false,4,4,1,false,false,true,true,false,false,false,false,false
Available export: 2026-07-14 to 2026-08-04 (22 days),2026-07-31,1330085543.1784224204|1785515292,1330085543.1784224204,1785515292,google,organic,(organic),1785515292558590,https://terminusmaximus.com/replay-library/?boss=Ghaz&team=Laviscus&tier=L3,boss=Ghaz&team=Laviscus&tier=L3,,,,,true,false,1,1,1,false,true,false,false,false,false,false,false,false
Available export: 2026-07-14 to 2026-08-04 (22 days),2026-07-31,1344461387.1782793344|1785487268,1344461387.1782793344,1785487268,google,organic,(organic),1785487614170839,https://terminusmaximus.com/replay-library/,,https://terminusmaximus.com/guild-raid/boss-meta/,terminusmaximus.com,/guild-raid/boss-meta/,/replay-library/,false,true,5,4,1,false,false,true,true,false,false,false,false,false
Available export: 2026-07-14 to 2026-08-04 (22 days),2026-07-31,1353535791.1784042323|1785481768,1353535791.1784042323,1785481768,reddit,post,s105,1785481779373935,https://terminusmaximus.com/replay-library/,,,,,/replay-library/,true,false,6,6,1,false,false,true,true,false,false,false,false,false
Available export: 2026-07-14 to 2026-08-04 (22 days),2026-07-31,1353535791.1784042323|1785484324,1353535791.1784042323,1785484324,reddit,post,s105,1785484327495259,https://terminusmaximus.com/replay-library/?boss=Lion&map=Lion_03,boss=Lion&map=Lion_03,,,,/replay-library/,true,false,2,2,1,false,false,true,true,false,false,false,false,false
Available export: 2026-07-14 to 2026-08-04 (22 days),2026-07-31,1353535791.1784042323|1785500746,1353535791.1784042323,1785500746,reddit,post,s105,1785500746547216,https://terminusmaximus.com/replay-library/?boss=Lion&map=Lion_03,boss=Lion&map=Lion_03,,,,,true,false,1,1,1,false,true,false,false,false,false,false,false,false
Available export: 2026-07-14 to 2026-08-04 (22 days),2026-07-31,1353535791.1784042323|1785508838,1353535791.1784042323,1785508838,reddit,post,s105,1785508839013326,https://terminusmaximus.com/replay-library/?boss=Lion&map=Lion_03,boss=Lion&map=Lion_03,,,,,true,false,1,1,1,false,true,false,false,false,false,false,false,false
Available export: 2026-07-14 to 2026-08-04 (22 days),2026-07-31,1353535791.1784042323|1785519823,1353535791.1784042323,1785519823,reddit,post,s105,1785519823892373,https://terminusmaximus.com/replay-library/?boss=Lion&map=Lion_03,boss=Lion&map=Lion_03,,,,,true,false,1,1,1,false,true,false,false,false,false,false,false,false
Available export: 2026-07-14 to 2026-08-04 (22 days),2026-07-31,1353535791.1784042323|1785521913,1353535791.1784042323,1785521913,reddit,post,s105,1785521913624256,https://terminusmaximus.com/replay-library/?boss=Lion&map=Lion_03,boss=Lion&map=Lion_03,,,,,true,false,1,1,1,false,true,false,false,false,false,false,false,false
Available export: 2026-07-14 to 2026-08-04 (22 days),2026-07-31,1379984409.1785456203|1785481900,1379984409.1785456203,1785481900,reddit,post,s106,1785481900080410,https://terminusmaximus.com/replay-library/?utm_source=reddit&utm_medium=post&utm_campaign=s106&boss=Mortarion&team=AdMech&map=Mortarion_03&tier=M1,utm_source=reddit&utm_medium=post&utm_campaign=s106&boss=Mortarion&team=AdMech&map=Mortarion_03&tier=M1,,,,/replay-library/,true,false,4,4,1,false,false,true,true,false,false,false,false,false
Available export: 2026-07-14 to 2026-08-04 (22 days),2026-07-31,1393240300.1785521253|1785521252,1393240300.1785521253,1785521252,google,organic,(organic),1785521282721268,https://terminusmaximus.com/replay-library/,,https://terminusmaximus.com/guild-raid/s106/,terminusmaximus.com,/lre/lysander/,/replay-library/,false,true,8,4,1,false,false,true,true,false,true,false,false,false
Available export: 2026-07-14 to 2026-08-04 (22 days),2026-07-31,13997827.1785407114|1785493243,13997827.1785407114,1785493243,(direct),(none),(direct),1785493243487867,https://terminusmaximus.com/replay-library/?boss=Dorn&team=Neuro&map=Dorn_03,boss=Dorn&team=Neuro&map=Dorn_03,https://terminusmaximus.com/guild-raid/boss-meta/,terminusmaximus.com,,,true,false,1,1,1,false,true,false,false,false,false,false,false,false
Available export: 2026-07-14 to 2026-08-04 (22 days),2026-07-31,13997827.1785407114|1785525809,13997827.1785407114,1785525809,(direct),(none),(direct),1785525809150980,https://terminusmaximus.com/replay-library/?boss=Dorn&team=Neuro&map=Dorn_03,boss=Dorn&team=Neuro&map=Dorn_03,https://terminusmaximus.com/guild-raid/boss-meta/,terminusmaximus.com,,/replay-library/,true,false,4,4,1,false,false,true,true,false,false,false,false,false
Available export: 2026-07-14 to 2026-08-04 (22 days),2026-07-31,1405240718.1785529245|1785529244,1405240718.1785529245,1785529244,reddit.com,referral,(referral),1785529437147111,https://terminusmaximus.com/replay-library/,,https://terminusmaximus.com/guild-raid/,terminusmaximus.com,/guild-raid/s105/,/replay-library/,false,true,9,2,1,false,false,true,true,false,false,false,false,false
Available export: 2026-07-14 to 2026-08-04 (22 days),2026-07-31,1413919667.1785323208|1785508979,1413919667.1785323208,1785508979,(direct),(none),(direct),1785508979311011,https://terminusmaximus.com/replay-library/?boss=Mortarion&team=Laviscus,boss=Mortarion&team=Laviscus,,,,/replay-library/,true,false,3,3,1,false,false,true,true,false,false,false,false,false
Available export: 2026-07-14 to 2026-08-04 (22 days),2026-07-31,1501831613.1785531473|1785531472,1501831613.1785531473,1785531472,reddit.com,referral,(referral),1785531477518729,https://terminusmaximus.com/replay-library/,,https://terminusmaximus.com/,terminusmaximus.com,/,/,false,true,4,1,1,false,false,true,false,false,false,false,false,false
Available export: 2026-07-14 to 2026-08-04 (22 days),2026-07-31,1504399393.1785471561|1785510569,1504399393.1785471561,1785510569,reddit,post,s106,1785510569617655,https://terminusmaximus.com/replay-library/?utm_source=reddit&utm_medium=post&utm_campaign=s106,utm_source=reddit&utm_medium=post&utm_campaign=s106,https://www.reddit.com/,www.reddit.com,,/replay-library/,true,false,3,3,1,false,false,true,true,false,false,false,false,false
Available export: 2026-07-14 to 2026-08-04 (22 days),2026-07-31,1504399393.1785471561|1785559437,1504399393.1785471561,1785559437,reddit,post,s106,1785559437324292,https://terminusmaximus.com/replay-library/?utm_source=reddit&utm_medium=post&utm_campaign=s106&boss=Lion&team=Battlesuits,utm_source=reddit&utm_medium=post&utm_campaign=s106&boss=Lion&team=Battlesuits,,,,/replay-library/,true,false,3,3,1,false,false,true,true,false,false,false,false,false
Available export: 2026-07-14 to 2026-08-04 (22 days),2026-07-31,1504857943.1784205943|1785544670,1504857943.1784205943,1785544670,(direct),(none),(direct),1785544670762254,https://terminusmaximus.com/replay-library/,,,,,/replay-library/,true,false,4,4,1,false,false,true,true,false,false,false,false,false
Available export: 2026-07-14 to 2026-08-04 (22 days),2026-07-31,1505440124.1785509442|1785509442,1505440124.1785509442,1785509442,reddit,post,s105,1785509442335098,https://terminusmaximus.com/replay-library/?utm_source=reddit&utm_medium=post&utm_campaign=s105&boss=Magnus&team=Custodes&map=Magnus_02&excludeHero=Atla&excludeHero=Helb,utm_source=reddit&utm_medium=post&utm_campaign=s105&boss=Magnus&team=Custodes&map=Magnus_02&excludeHero=Atla&excludeHero=Helb,https://www.reddit.com/,www.reddit.com,,,true,false,1,1,1,false,true,false,false,false,false,false,false,false
Available export: 2026-07-14 to 2026-08-04 (22 days),2026-07-31,1513919143.1784041353|1785487196,1513919143.1784041353,1785487196,(direct),(none),(direct),1785487204533899,https://terminusmaximus.com/replay-library/,,,,,/replay-library/,true,false,5,5,1,false,false,true,true,false,false,false,false,false
Available export: 2026-07-14 to 2026-08-04 (22 days),2026-07-31,1526517694.1785390913|1785508948,1526517694.1785390913,1785508948,(direct),(none),(direct),1785508949181927,https://terminusmaximus.com/replay-library/?boss=Ghaz&map=Ghaz_02,boss=Ghaz&map=Ghaz_02,https://terminusmaximus.com/guild-raid/boss-meta/,terminusmaximus.com,,/replay-library/,true,false,3,3,1,false,false,true,true,false,false,false,false,false
Available export: 2026-07-14 to 2026-08-04 (22 days),2026-07-31,1526517694.1785390913|1785567505,1526517694.1785390913,1785567505,(direct),(none),(direct),1785567506145705,https://terminusmaximus.com/replay-library/?boss=Szarekh&map=Szarekh_04,boss=Szarekh&map=Szarekh_04,https://terminusmaximus.com/guild-raid/boss-meta/,terminusmaximus.com,,/replay-library/,true,false,3,3,1,false,false,true,true,false,false,false,false,false
Available export: 2026-07-14 to 2026-08-04 (22 days),2026-07-31,153741369.1782633638|1785523221,153741369.1782633638,1785523221,(direct),(none),(direct),1785523222241029,https://terminusmaximus.com/replay-library/,,https://terminusmaximus.com/,terminusmaximus.com,,,true,false,1,1,1,false,true,false,false,false,false,false,false,false
Available export: 2026-07-14 to 2026-08-04 (22 days),2026-07-31,1543694110.1780440876|1785543041,1543694110.1780440876,1785543041,youtube.com,referral,(referral),1785543082572635,https://terminusmaximus.com/replay-library/,,https://terminusmaximus.com/,terminusmaximus.com,/,/,false,true,11,4,3,true,false,true,true,false,false,false,false,false
Available export: 2026-07-14 to 2026-08-04 (22 days),2026-07-31,1543694110.1780440876|1785550868,1543694110.1780440876,1785550868,youtube.com,referral,(referral),1785551719059108,https://terminusmaximus.com/replay-library/,,https://terminusmaximus.com/,terminusmaximus.com,/,/replay-library/,false,true,6,5,1,false,false,true,true,false,false,false,false,false
Available export: 2026-07-14 to 2026-08-04 (22 days),2026-07-31,1579534942.1785329290|1785496047,1579534942.1785329290,1785496047,google,organic,(organic),1785496051058066,https://terminusmaximus.com/replay-library/,,https://terminusmaximus.com/,terminusmaximus.com,/,/replay-library/,false,true,4,3,1,false,false,true,true,false,false,false,false,false
Available export: 2026-07-14 to 2026-08-04 (22 days),2026-07-31,1579534942.1785329290|1785556273,1579534942.1785329290,1785556273,google,organic,(organic),1785556264205598,https://terminusmaximus.com/replay-library/?boss=Dorn&team=AdMech,boss=Dorn&team=AdMech,https://terminusmaximus.com/,terminusmaximus.com,,,true,false,1,1,1,false,true,false,false,false,false,false,false,false
Available export: 2026-07-14 to 2026-08-04 (22 days),2026-07-31,1581834745.1784223577|1785567331,1581834745.1784223577,1785567331,(direct),(none),(direct),1785567331589183,https://terminusmaximus.com/replay-library/,,,,,/replay-library/,true,false,5,5,1,false,false,true,true,false,false,false,false,false
Available export: 2026-07-14 to 2026-08-04 (22 days),2026-07-31,1588417922.1784829813|1785520509,1588417922.1784829813,1785520509,(direct),(none),(direct),1785520513130382,https://terminusmaximus.com/replay-library/,,https://terminusmaximus.com/,terminusmaximus.com,/,/replay-library/,false,true,5,4,1,false,false,true,true,false,false,false,false,false
Available export: 2026-07-14 to 2026-08-04 (22 days),2026-07-31,1588417922.1784829813|1785564170,1588417922.1784829813,1785564170,(direct),(none),(direct),1785564171449123,https://terminusmaximus.com/replay-library/,,https://terminusmaximus.com/,terminusmaximus.com,/,/replay-library/,false,true,5,4,1,false,false,true,true,false,false,false,false,false
Available export: 2026-07-14 to 2026-08-04 (22 days),2026-07-31,1603095122.1780676711|1785504958,1603095122.1780676711,1785504958,google,organic,(organic),1785505002552328,https://terminusmaximus.com/replay-library/,,https://terminusmaximus.com/guild-raid/s106/,terminusmaximus.com,/guild-raid/s106/,/replay-library/,false,true,5,3,1,false,false,true,true,false,false,false,false,false
Available export: 2026-07-14 to 2026-08-04 (22 days),2026-07-31,1604876797.1785359705|1785504305,1604876797.1785359705,1785504305,google,organic,(organic),1785504306422314,https://terminusmaximus.com/replay-library/,,https://terminusmaximus.com/,terminusmaximus.com,/,/replay-library/,false,true,15,14,1,false,false,true,true,false,false,false,false,false
Available export: 2026-07-14 to 2026-08-04 (22 days),2026-07-31,162260773.1782618688|1785506192,162260773.1782618688,1785506192,(direct),(none),(direct),1785506193375648,https://terminusmaximus.com/replay-library/?team=Neuro&hero=Winged,team=Neuro&hero=Winged,,,,/replay-library/,true,false,4,4,1,false,false,true,true,false,false,false,false,false
Available export: 2026-07-14 to 2026-08-04 (22 days),2026-07-31,1689086859.1785520392|1785520392,1689086859.1785520392,1785520392,google,organic,(organic),1785520412172072,https://terminusmaximus.com/replay-library/,,https://terminusmaximus.com/,terminusmaximus.com,/,/replay-library/,false,true,24,15,2,true,false,true,true,false,false,false,false,false
Available export: 2026-07-14 to 2026-08-04 (22 days),2026-07-31,1694406866.1781479955|1785529757,1694406866.1781479955,1785529757,reddit,post,mow2026,1785529758973256,https://terminusmaximus.com/replay-library/,,https://terminusmaximus.com/?utm_source=reddit&utm_medium=post&utm_campaign=mow2026,terminusmaximus.com,/,/replay-library/,false,true,6,5,1,false,false,true,true,false,false,false,false,false
Available export: 2026-07-14 to 2026-08-04 (22 days),2026-07-31,1694406866.1781479955|1785539803,1694406866.1781479955,1785539803,reddit,post,mow2026,1785539809855653,https://terminusmaximus.com/replay-library/,,https://terminusmaximus.com/?utm_source=reddit&utm_medium=post&utm_campaign=mow2026,terminusmaximus.com,/,/replay-library/,false,true,5,4,1,false,false,true,true,false,false,false,false,false
Available export: 2026-07-14 to 2026-08-04 (22 days),2026-07-31,1694406866.1781479955|1785541905,1694406866.1781479955,1785541905,reddit,post,mow2026,1785541911128411,https://terminusmaximus.com/replay-library/,,https://terminusmaximus.com/?utm_source=reddit&utm_medium=post&utm_campaign=mow2026,terminusmaximus.com,/,/replay-library/,false,true,6,4,1,false,false,true,true,false,false,false,false,false
Available export: 2026-07-14 to 2026-08-04 (22 days),2026-07-31,1694406866.1781479955|1785549254,1694406866.1781479955,1785549254,reddit,post,mow2026,1785549255355947,https://terminusmaximus.com/replay-library/,,https://terminusmaximus.com/?utm_source=reddit&utm_medium=post&utm_campaign=mow2026,terminusmaximus.com,/,/replay-library/,false,true,5,4,1,false,false,true,true,false,false,false,false,false
Available export: 2026-07-14 to 2026-08-04 (22 days),2026-07-31,1694406866.1781479955|1785553932,1694406866.1781479955,1785553932,reddit,post,mow2026,1785553933511021,https://terminusmaximus.com/replay-library/,,https://terminusmaximus.com/?utm_source=reddit&utm_medium=post&utm_campaign=mow2026,terminusmaximus.com,/,/replay-library/,false,true,5,4,1,false,false,true,true,false,false,false,false,false
Available export: 2026-07-14 to 2026-08-04 (22 days),2026-07-31,1694406866.1781479955|1785557716,1694406866.1781479955,1785557716,reddit,post,mow2026,1785557721626686,https://terminusmaximus.com/replay-library/,,https://terminusmaximus.com/?utm_source=reddit&utm_medium=post&utm_campaign=mow2026,terminusmaximus.com,/,/replay-library/,false,true,10,8,2,true,false,true,true,false,false,false,false,false
Available export: 2026-07-14 to 2026-08-04 (22 days),2026-07-31,1694406866.1781479955|1785560526,1694406866.1781479955,1785560526,reddit,post,mow2026,1785560531228480,https://terminusmaximus.com/replay-library/,,https://terminusmaximus.com/?utm_source=reddit&utm_medium=post&utm_campaign=mow2026,terminusmaximus.com,/,/replay-library/,false,true,10,8,2,true,false,true,true,false,false,false,false,false
Available export: 2026-07-14 to 2026-08-04 (22 days),2026-07-31,1750145351.1780773652|1785481904,1750145351.1780773652,1785481904,duckduckgo,organic,(organic),1785481912213204,https://terminusmaximus.com/replay-library/,,https://terminusmaximus.com/,terminusmaximus.com,/,/replay-library/,false,true,10,9,1,false,false,true,true,false,false,false,false,false
Available export: 2026-07-14 to 2026-08-04 (22 days),2026-07-31,1750145351.1780773652|1785488223,1750145351.1780773652,1785488223,duckduckgo,organic,(organic),1785488233609790,https://terminusmaximus.com/replay-library/,,https://terminusmaximus.com/,terminusmaximus.com,/,/replay-library/,false,true,6,5,1,false,false,true,true,false,false,false,false,false
Available export: 2026-07-14 to 2026-08-04 (22 days),2026-07-31,1750145351.1780773652|1785528186,1750145351.1780773652,1785528186,duckduckgo,organic,(organic),1785528192757508,https://terminusmaximus.com/replay-library/,,https://terminusmaximus.com/guild-raid/boss-meta/,terminusmaximus.com,,/replay-library/,true,false,4,4,1,false,false,true,true,false,false,false,false,false
Available export: 2026-07-14 to 2026-08-04 (22 days),2026-07-31,1751120499.1785358777|1785482172,1751120499.1785358777,1785482172,(direct),(none),(direct),1785482285848970,https://terminusmaximus.com/replay-library/,,https://terminusmaximus.com/lre/lysander/,terminusmaximus.com,/lre/lysander/,/replay-library/,false,true,6,4,1,false,false,true,true,false,false,false,false,false
Available export: 2026-07-14 to 2026-08-04 (22 days),2026-07-31,1751120499.1785358777|1785539486,1751120499.1785358777,1785539486,(direct),(none),(direct),1785539487287226,https://terminusmaximus.com/replay-library/?boss=Screamer&team=Laviscus&map=Screamer_01,boss=Screamer&team=Laviscus&map=Screamer_01,,,,/replay-library/,true,false,3,3,1,false,false,true,true,false,false,false,false,false
Available export: 2026-07-14 to 2026-08-04 (22 days),2026-07-31,1761816256.1780724768|1785485690,1761816256.1780724768,1785485690,(direct),(none),(direct),1785485692508011,https://terminusmaximus.com/replay-library/?boss=Szarekh&map=Szarekh_04,boss=Szarekh&map=Szarekh_04,,,,,true,false,1,1,1,false,true,false,false,false,false,false,false,false
Available export: 2026-07-14 to 2026-08-04 (22 days),2026-07-31,176561714.1780764571|1785504802,176561714.1780764571,1785504802,away.vk.com,referral,(referral),1785497758243212,https://terminusmaximus.com/replay-library/,,,,,/replay-library/,true,false,13,2,1,false,false,true,true,false,false,false,false,false
Available export: 2026-07-14 to 2026-08-04 (22 days),2026-07-31,1784678737.1784129889|1785497468,1784678737.1784129889,1785497468,reddit,post,s105,1785497468406332,https://terminusmaximus.com/replay-library/?boss=Riptide&team=AdMech&map=Riptide_01,boss=Riptide&team=AdMech&map=Riptide_01,,,,,true,false,1,1,1,false,true,false,false,false,false,false,false,false
Available export: 2026-07-14 to 2026-08-04 (22 days),2026-07-31,1803433454.1783751346|1785530512,1803433454.1783751346,1785530512,google,organic,(organic),1785530512667176,https://terminusmaximus.com/replay-library/,,,,,/replay-library/,true,false,4,4,1,false,false,true,true,false,false,false,false,false
Available export: 2026-07-14 to 2026-08-04 (22 days),2026-07-31,1803433454.1783751346|1785564339,1803433454.1783751346,1785564339,google,organic,(organic),1785564339204358,https://terminusmaximus.com/replay-library/?boss=Lion&map=Lion_03,boss=Lion&map=Lion_03,https://terminusmaximus.com/replay-library/,terminusmaximus.com,,,true,false,1,1,1,false,true,false,false,false,false,false,false,false
Available export: 2026-07-14 to 2026-08-04 (22 days),2026-07-31,1807258352.1785064515|1785562884,1807258352.1785064515,1785562884,reddit,post,s106,1785562884661485,https://terminusmaximus.com/replay-library/?utm_source=reddit&utm_medium=post&utm_campaign=s106&boss=Mortarion&tier=M1,utm_source=reddit&utm_medium=post&utm_campaign=s106&boss=Mortarion&tier=M1,https://www.reddit.com/,www.reddit.com,,/replay-library/,true,false,12,12,1,false,false,true,true,false,false,false,false,false
Available export: 2026-07-14 to 2026-08-04 (22 days),2026-07-31,1807258352.1785064515|1785565092,1807258352.1785064515,1785565092,reddit,post,s106,1785565092667199,https://terminusmaximus.com/replay-library/?utm_source=reddit&utm_medium=post&utm_campaign=s106&boss=Ghaz&map=Ghaz_02,utm_source=reddit&utm_medium=post&utm_campaign=s106&boss=Ghaz&map=Ghaz_02,https://www.reddit.com/,www.reddit.com,,,true,false,1,1,1,false,true,false,false,false,false,false,false,false
Available export: 2026-07-14 to 2026-08-04 (22 days),2026-07-31,1809464336.1785559725|1785559724,1809464336.1785559725,1785559724,google,organic,(organic),1785559727370686,https://terminusmaximus.com/replay-library/,,https://terminusmaximus.com/,terminusmaximus.com,/,/replay-library/,false,true,5,4,1,false,false,true,true,false,false,false,false,false
Available export: 2026-07-14 to 2026-08-04 (22 days),2026-07-31,1811465465.1785052798|1785485077,1811465465.1785052798,1785485077,(direct),(none),(direct),1785485077894259,https://terminusmaximus.com/replay-library/,,,,,/replay-library/,true,false,2,2,1,false,false,true,true,false,false,false,false,false
Available export: 2026-07-14 to 2026-08-04 (22 days),2026-07-31,1819477826.1785240890|1785547343,1819477826.1785240890,1785547343,(direct),(none),(direct),1785547352718884,https://terminusmaximus.com/replay-library/,,https://terminusmaximus.com/,terminusmaximus.com,/,/replay-library/,false,true,8,7,1,false,false,true,true,false,false,false,false,false
Available export: 2026-07-14 to 2026-08-04 (22 days),2026-07-31,1819477826.1785240890|1785553140,1819477826.1785240890,1785553140,(direct),(none),(direct),1785553140496644,https://terminusmaximus.com/replay-library/?boss=Magnus&team=Laviscus,boss=Magnus&team=Laviscus,https://terminusmaximus.com/,terminusmaximus.com,,,true,false,1,1,1,false,true,false,false,false,false,false,false,false
Available export: 2026-07-14 to 2026-08-04 (22 days),2026-07-31,1823047730.1784152816|1785484500,1823047730.1784152816,1785484500,google,organic,(organic),1785484503668960,https://terminusmaximus.com/replay-library/,,https://terminusmaximus.com/,terminusmaximus.com,/,/replay-library/,false,true,5,4,1,false,false,true,true,false,false,false,false,false
Available export: 2026-07-14 to 2026-08-04 (22 days),2026-07-31,1826243708.1783782513|1785523156,1826243708.1783782513,1785523156,google,organic,(organic),1785523167230995,https://terminusmaximus.com/replay-library/,,https://terminusmaximus.com/,terminusmaximus.com,/,/replay-library/,false,true,6,5,1,false,false,true,true,false,false,false,false,false
Available export: 2026-07-14 to 2026-08-04 (22 days),2026-07-31,1833602737.1785503643|1785503642,1833602737.1785503643,1785503642,(direct),(none),(direct),1785503644538186,https://terminusmaximus.com/replay-library/,,,,,/replay-library/,true,false,11,11,1,false,false,true,true,false,false,false,false,false
Available export: 2026-07-14 to 2026-08-04 (22 days),2026-07-31,1833602737.1785503643|1785512639,1833602737.1785503643,1785512639,(direct),(none),(direct),1785512640913694,https://terminusmaximus.com/replay-library/?boss=Magnus&team=Laviscus&map=Magnus_02&tier=L5,boss=Magnus&team=Laviscus&map=Magnus_02&tier=L5,,,,,true,false,1,1,1,false,true,false,false,false,false,false,false,false
Available export: 2026-07-14 to 2026-08-04 (22 days),2026-07-31,1836972843.1783782113|1785526464,1836972843.1783782113,1785526464,google,organic,(organic),1785527272832574,https://terminusmaximus.com/replay-library/,,https://terminusmaximus.com/guild-raid/s106/,terminusmaximus.com,/guild-raid/s106/,/replay-library/,false,true,8,4,1,false,false,true,true,false,true,false,false,false
Available export: 2026-07-14 to 2026-08-04 (22 days),2026-07-31,1885278851.1784087599|1785505763,1885278851.1784087599,1785505763,reddit,post,s105,1785505933144283,https://terminusmaximus.com/replay-library/,,https://terminusmaximus.com/guild-raid/s106/,terminusmaximus.com,/guild-raid/s106/,/replay-library/,false,true,7,5,1,false,false,true,true,false,true,false,false,false
Available export: 2026-07-14 to 2026-08-04 (22 days),2026-07-31,1886479733.1785504102|1785504102,1886479733.1785504102,1785504102,reddit,post,s105,1785504102539757,https://terminusmaximus.com/replay-library/?utm_source=reddit&utm_medium=post&utm_campaign=s105&boss=Cawl&team=Laviscus&map=Cawl_01&tier=L4,utm_source=reddit&utm_medium=post&utm_campaign=s105&boss=Cawl&team=Laviscus&map=Cawl_01&tier=L4,https://www.reddit.com/,www.reddit.com,,/replay-library/,true,false,8,8,1,false,false,true,true,false,false,false,false,false
Available export: 2026-07-14 to 2026-08-04 (22 days),2026-07-31,1927960250.1785186196|1785521342,1927960250.1785186196,1785521342,google,organic,(organic),1785521342289577,https://terminusmaximus.com/replay-library/,,https://www.google.com/,www.google.com,,/replay-library/,true,false,4,4,1,false,false,true,true,false,false,false,false,false
Available export: 2026-07-14 to 2026-08-04 (22 days),2026-07-31,1960319685.1783788789|1785550159,1960319685.1783788789,1785550159,(direct),(none),(direct),1785550160180722,https://terminusmaximus.com/replay-library/,,,,,,true,false,1,1,1,false,true,false,false,false,false,false,false,false
Available export: 2026-07-14 to 2026-08-04 (22 days),2026-07-31,1960319685.1783788789|1785555900,1960319685.1783788789,1785555900,(direct),(none),(direct),1785555901148469,https://terminusmaximus.com/replay-library/?boss=Mortarion,boss=Mortarion,https://terminusmaximus.com/replay-library/,terminusmaximus.com,,/replay-library/,true,false,3,3,1,false,false,true,true,false,false,false,false,false
Available export: 2026-07-14 to 2026-08-04 (22 days),2026-07-31,1978556558.1784646467|1785482517,1978556558.1784646467,1785482517,(direct),(none),(direct),1785482518006291,https://terminusmaximus.com/replay-library/?boss=Ghaz&map=Ghaz_02,boss=Ghaz&map=Ghaz_02,,,,,true,false,1,1,1,false,true,false,false,false,false,false,false,false
Available export: 2026-07-14 to 2026-08-04 (22 days),2026-07-31,1978556558.1784646467|1785485485,1978556558.1784646467,1785485485,(direct),(none),(direct),1785485485957845,https://terminusmaximus.com/replay-library/?boss=Szarekh,boss=Szarekh,https://terminusmaximus.com/replay-library/?boss=Ghaz&map=Ghaz_02,terminusmaximus.com,,/replay-library/,true,false,4,4,1,false,false,true,true,false,false,false,false,false
Available export: 2026-07-14 to 2026-08-04 (22 days),2026-07-31,1978972723.1785566617|1785566616,1978972723.1785566617,1785566616,google,organic,(organic),1785566847459437,https://terminusmaximus.com/replay-library/,,https://terminusmaximus.com/lre/lysander/,terminusmaximus.com,/lre/lysander/,/lre/uthar/,false,true,8,1,1,false,false,true,false,false,false,false,false,false
Available export: 2026-07-14 to 2026-08-04 (22 days),2026-07-31,1979529654.1784416653|1785484948,1979529654.1784416653,1785484948,reddit,post,lysander,1785484949220069,https://terminusmaximus.com/replay-library/?boss=Cawl&tier=L4,boss=Cawl&tier=L4,https://terminusmaximus.com/guild-raid/boss-meta/,terminusmaximus.com,,/replay-library/,true,false,5,5,1,false,false,true,true,false,false,false,false,false
Available export: 2026-07-14 to 2026-08-04 (22 days),2026-07-31,2021435896.1785486519|1785486518,2021435896.1785486519,1785486518,(direct),(none),(direct),1785486518961461,https://terminusmaximus.com/replay-library/?boss=Szarekh&map=Szarekh_04,boss=Szarekh&map=Szarekh_04,,,,,true,false,1,1,1,false,true,false,false,false,false,false,false,false
Available export: 2026-07-14 to 2026-08-04 (22 days),2026-07-31,2028680531.1784083399|1785541282,2028680531.1784083399,1785541282,reddit,post,s106,1785541288228494,https://terminusmaximus.com/replay-library/?utm_source=reddit&utm_medium=post&utm_campaign=s106&boss=Avatar,utm_source=reddit&utm_medium=post&utm_campaign=s106&boss=Avatar,https://www.reddit.com/,www.reddit.com,,,true,false,1,1,1,false,true,false,false,false,false,false,false,false
Available export: 2026-07-14 to 2026-08-04 (22 days),2026-07-31,2056871331.1780776357|1785501401,2056871331.1780776357,1785501401,(direct),(none),(direct),1785501401143764,https://terminusmaximus.com/replay-library/?team=Neuro&hero=Winged,team=Neuro&hero=Winged,,,,,true,false,1,1,1,false,true,false,false,false,false,false,false,false
Available export: 2026-07-14 to 2026-08-04 (22 days),2026-07-31,206343876.1785212333|1785511884,206343876.1785212333,1785511884,google,organic,(organic),1785511884559398,https://terminusmaximus.com/replay-library/,,https://terminusmaximus.com/,terminusmaximus.com,/,/replay-library/,false,true,6,5,1,false,false,true,true,false,false,false,false,false
Available export: 2026-07-14 to 2026-08-04 (22 days),2026-07-31,2100717848.1783783341|1785532381,2100717848.1783783341,1785532381,(direct),(none),(direct),1785532381565319,https://terminusmaximus.com/replay-library/,,,,,/replay-library/,true,false,5,5,1,false,false,true,true,false,false,false,false,false
Available export: 2026-07-14 to 2026-08-04 (22 days),2026-07-31,2111859797.1784029962|1785498103,2111859797.1784029962,1785498103,reddit,post,s105,1785498104210231,https://terminusmaximus.com/replay-library/?utm_source=reddit&utm_medium=post&utm_campaign=s105&boss=Magnus&team=Custodes&map=Magnus_02,utm_source=reddit&utm_medium=post&utm_campaign=s105&boss=Magnus&team=Custodes&map=Magnus_02,,,,,true,false,1,1,1,false,true,false,false,false,false,false,false,false
Available export: 2026-07-14 to 2026-08-04 (22 days),2026-07-31,2111859797.1784029962|1785522840,2111859797.1784029962,1785522840,reddit,post,s105,1785522840905614,https://terminusmaximus.com/replay-library/?utm_source=reddit&utm_medium=post&utm_campaign=s105&boss=Magnus&team=Custodes&map=Magnus_02,utm_source=reddit&utm_medium=post&utm_campaign=s105&boss=Magnus&team=Custodes&map=Magnus_02,,,,,true,false,1,1,1,false,true,false,false,false,false,false,false,false
Available export: 2026-07-14 to 2026-08-04 (22 days),2026-07-31,2111859797.1784029962|1785526084,2111859797.1784029962,1785526084,reddit,post,s105,1785526085655441,https://terminusmaximus.com/replay-library/?utm_source=reddit&utm_medium=post&utm_campaign=s105&boss=Lion&team=Custodes,utm_source=reddit&utm_medium=post&utm_campaign=s105&boss=Lion&team=Custodes,https://terminusmaximus.com/replay-library/?utm_source=reddit&utm_medium=post&utm_campaign=s105&boss=Magnus&team=Custodes&map=Magnus_02,terminusmaximus.com,,/replay-library/,true,false,3,3,1,false,false,true,true,false,false,false,false,false
Available export: 2026-07-14 to 2026-08-04 (22 days),2026-07-31,2143411628.1785505941|1785505941,2143411628.1785505941,1785505941,(direct),(none),(direct),1785505941605041,https://terminusmaximus.com/replay-library/,,https://terminusmaximus.com/,terminusmaximus.com,,/replay-library/,true,false,9,9,1,false,false,true,true,false,false,false,false,false
Available export: 2026-07-14 to 2026-08-04 (22 days),2026-07-31,2145895056.1784131798|1785519258,2145895056.1784131798,1785519258,reddit,post,s105,1785519269922373,https://terminusmaximus.com/replay-library/,,https://terminusmaximus.com/guild-raid/boss-meta/,terminusmaximus.com,/guild-raid/boss-meta/,/replay-library/,false,true,4,3,1,false,false,true,true,false,false,false,false,false
Available export: 2026-07-14 to 2026-08-04 (22 days),2026-07-31,2145895056.1784131798|1785563693,2145895056.1784131798,1785563693,reddit,post,s105,1785563694399742,https://terminusmaximus.com/replay-library/,,,,,/replay-library/,true,false,4,4,1,false,false,true,true,false,false,false,false,false
Available export: 2026-07-14 to 2026-08-04 (22 days),2026-07-31,246771650.1785235593|1785497442,246771650.1785235593,1785497442,(direct),(none),(direct),1785497484392669,https://terminusmaximus.com/replay-library/,,https://terminusmaximus.com/guild-raid/s106/,terminusmaximus.com,/guild-raid/s106/,/guild-raid/boss-meta/,false,true,4,1,1,false,false,true,false,false,false,false,false,false
Available export: 2026-07-14 to 2026-08-04 (22 days),2026-07-31,253510110.1780753263|1785517871,253510110.1780753263,1785517871,google,organic,(organic),1785517879690201,https://terminusmaximus.com/replay-library/,,https://terminusmaximus.com/,terminusmaximus.com,/,/replay-library/,false,true,7,6,1,false,false,true,true,false,false,false,false,false
Available export: 2026-07-14 to 2026-08-04 (22 days),2026-07-31,253510110.1780753263|1785527364,253510110.1780753263,1785527364,google,organic,(organic),1785527364924506,https://terminusmaximus.com/replay-library/?boss=Dorn&team=Neuro&map=Dorn_03,boss=Dorn&team=Neuro&map=Dorn_03,https://terminusmaximus.com/,terminusmaximus.com,,,true,false,1,1,1,false,true,false,false,false,false,false,false,false
Available export: 2026-07-14 to 2026-08-04 (22 days),2026-07-31,289829346.1780853578|1785482329,289829346.1780853578,1785482329,discord,post,boss-meta,1785482328217251,https://terminusmaximus.com/replay-library/?team=Neuro&hero=Winged,team=Neuro&hero=Winged,,,,/replay-library/,true,false,4,4,1,false,false,true,true,false,false,false,false,false
Available export: 2026-07-14 to 2026-08-04 (22 days),2026-07-31,289829346.1780853578|1785522272,289829346.1780853578,1785522272,discord,post,boss-meta,1785522271447294,https://terminusmaximus.com/replay-library/?boss=Mortarion&team=Laviscus&map=Mortarion_04,boss=Mortarion&team=Laviscus&map=Mortarion_04,,,,,true,false,1,1,1,false,true,false,false,false,false,false,false,false
Available export: 2026-07-14 to 2026-08-04 (22 days),2026-07-31,302283322.1785476206|1785485013,302283322.1785476206,1785485013,google,organic,(organic),1785485022655318,https://terminusmaximus.com/replay-library/,,https://terminusmaximus.com/,terminusmaximus.com,/,/replay-library/,false,true,3,2,1,false,false,true,true,false,false,false,false,false
Available export: 2026-07-14 to 2026-08-04 (22 days),2026-07-31,325579120.1784580975|1785531154,325579120.1784580975,1785531154,reddit,post,s106,1785531294764698,https://terminusmaximus.com/replay-library/?utm_source=reddit&utm_medium=post&utm_campaign=s106,utm_source=reddit&utm_medium=post&utm_campaign=s106,,,/guild-raid/s106/,/replay-library/,false,true,6,3,1,false,false,true,true,false,false,false,false,false
Available export: 2026-07-14 to 2026-08-04 (22 days),2026-07-31,338536915.1784646557|1785484051,338536915.1784646557,1785484051,reddit,post,s105,1785484051848223,https://terminusmaximus.com/replay-library/?boss=Dorn&team=Laviscus&map=Dorn_06,boss=Dorn&team=Laviscus&map=Dorn_06,https://terminusmaximus.com/replay-library/?utm_source=reddit&utm_medium=post&utm_campaign=s105&boss=Avatar&team=Laviscus&map=Avatar_02&tier=L3,terminusmaximus.com,,/replay-library/,true,false,3,3,1,false,false,true,true,false,false,false,false,false
Available export: 2026-07-14 to 2026-08-04 (22 days),2026-07-31,338536915.1784646557|1785503720,338536915.1784646557,1785503720,reddit,post,s105,1785503720232782,https://terminusmaximus.com/replay-library/?boss=Tervigon&team=Laviscus&map=Tervigon_04,boss=Tervigon&team=Laviscus&map=Tervigon_04,https://terminusmaximus.com/replay-library/?utm_source=reddit&utm_medium=post&utm_campaign=s105&boss=Avatar&team=Laviscus&map=Avatar_02&tier=L3,terminusmaximus.com,,,true,false,1,1,1,false,true,false,false,false,false,false,false,false
Available export: 2026-07-14 to 2026-08-04 (22 days),2026-07-31,359406148.1785126158|1785509665,359406148.1785126158,1785509665,(direct),(none),(direct),1785509665478835,https://terminusmaximus.com/replay-library/?boss=Lion&team=Custodes&map=Lion_03,boss=Lion&team=Custodes&map=Lion_03,https://terminusmaximus.com/replay-library/,terminusmaximus.com,,,true,false,1,1,1,false,true,false,false,false,false,false,false,false
Available export: 2026-07-14 to 2026-08-04 (22 days),2026-07-31,359406148.1785126158|1785511792,359406148.1785126158,1785511792,(direct),(none),(direct),1785511792796742,https://terminusmaximus.com/replay-library/?boss=Mortarion&team=Custodes,boss=Mortarion&team=Custodes,https://terminusmaximus.com/replay-library/?boss=Lion&team=Custodes&map=Lion_03,terminusmaximus.com,,/replay-library/,true,false,4,4,1,false,false,true,true,false,false,false,false,false
Available export: 2026-07-14 to 2026-08-04 (22 days),2026-07-31,359406148.1785126158|1785518532,359406148.1785126158,1785518532,(direct),(none),(direct),1785518532605464,https://terminusmaximus.com/replay-library/?boss=Mortarion&team=Laviscus&map=Mortarion_04,boss=Mortarion&team=Laviscus&map=Mortarion_04,https://terminusmaximus.com/replay-library/,terminusmaximus.com,,,true,false,1,1,1,false,true,false,false,false,false,false,false,false
Available export: 2026-07-14 to 2026-08-04 (22 days),2026-07-31,359406148.1785126158|1785526959,359406148.1785126158,1785526959,(direct),(none),(direct),1785526960146912,https://terminusmaximus.com/replay-library/?boss=Mortarion&team=Laviscus&map=Mortarion_04,boss=Mortarion&team=Laviscus&map=Mortarion_04,https://terminusmaximus.com/replay-library/,terminusmaximus.com,,,true,false,1,1,1,false,true,false,false,false,false,false,false,false
Available export: 2026-07-14 to 2026-08-04 (22 days),2026-07-31,359406148.1785126158|1785530758,359406148.1785126158,1785530758,(direct),(none),(direct),1785530758964005,https://terminusmaximus.com/replay-library/?boss=Mortarion&team=Laviscus&map=Mortarion_04,boss=Mortarion&team=Laviscus&map=Mortarion_04,https://terminusmaximus.com/replay-library/,terminusmaximus.com,,,true,false,1,1,1,false,true,false,false,false,false,false,false,false
Available export: 2026-07-14 to 2026-08-04 (22 days),2026-07-31,359406148.1785126158|1785558936,359406148.1785126158,1785558936,(direct),(none),(direct),1785558937082706,https://terminusmaximus.com/replay-library/?boss=Mortarion&team=Laviscus&map=Mortarion_04,boss=Mortarion&team=Laviscus&map=Mortarion_04,https://terminusmaximus.com/replay-library/,terminusmaximus.com,,,true,false,1,1,1,false,true,false,false,false,false,false,false,false
Available export: 2026-07-14 to 2026-08-04 (22 days),2026-07-31,359406148.1785126158|1785563167,359406148.1785126158,1785563167,(direct),(none),(direct),1785563167706467,https://terminusmaximus.com/replay-library/?boss=Mortarion&team=Laviscus&map=Mortarion_04,boss=Mortarion&team=Laviscus&map=Mortarion_04,https://terminusmaximus.com/replay-library/,terminusmaximus.com,,,true,false,1,1,1,false,true,false,false,false,false,false,false,false
Available export: 2026-07-14 to 2026-08-04 (22 days),2026-07-31,359406148.1785126158|1785565417,359406148.1785126158,1785565417,(direct),(none),(direct),1785565417773002,https://terminusmaximus.com/replay-library/?boss=Mortarion&team=Laviscus&map=Mortarion_04,boss=Mortarion&team=Laviscus&map=Mortarion_04,https://terminusmaximus.com/replay-library/,terminusmaximus.com,,,true,false,1,1,1,false,true,false,false,false,false,false,false,false
Available export: 2026-07-14 to 2026-08-04 (22 days),2026-07-31,360651704.1780689144|1785533647,360651704.1780689144,1785533647,ecosia.org,organic,(organic),1785533647493443,https://terminusmaximus.com/replay-library/?boss=Lion&tier=M1,boss=Lion&tier=M1,https://terminusmaximus.com/,terminusmaximus.com,,/replay-library/,true,false,6,6,1,false,false,true,true,false,false,false,false,false
Available export: 2026-07-14 to 2026-08-04 (22 days),2026-07-31,360651704.1780689144|1785536770,360651704.1780689144,1785536770,ecosia.org,organic,(organic),1785536770968484,https://terminusmaximus.com/replay-library/?boss=Lion&tier=M1,boss=Lion&tier=M1,https://terminusmaximus.com/,terminusmaximus.com,,,true,false,1,1,1,false,true,false,false,false,false,false,false,false
Available export: 2026-07-14 to 2026-08-04 (22 days),2026-07-31,401327563.1784011092|1785510222,401327563.1784011092,1785510222,reddit,post,boss-meta,1785510218102537,https://terminusmaximus.com/replay-library/?boss=Riptide&team=Laviscus,boss=Riptide&team=Laviscus,https://terminusmaximus.com/guild-raid/s105/,terminusmaximus.com,,/guild-raid/boss-meta/,true,false,2,1,1,false,false,true,false,false,false,false,false,false
Available export: 2026-07-14 to 2026-08-04 (22 days),2026-07-31,407854512.1785494579|1785494578,407854512.1785494579,1785494578,google,organic,(organic),1785494580866558,https://terminusmaximus.com/replay-library/,,https://terminusmaximus.com/,terminusmaximus.com,/,,false,true,2,1,1,false,false,true,false,false,false,false,false,false
Available export: 2026-07-14 to 2026-08-04 (22 days),2026-07-31,415067581.1783749267|1785562403,415067581.1783749267,1785562403,(direct),(none),(direct),1785562412462310,https://terminusmaximus.com/replay-library/,,https://terminusmaximus.com/guild-raid/boss-meta/,terminusmaximus.com,/guild-raid/boss-meta/,/replay-library/,false,true,4,3,1,false,false,true,true,false,false,false,false,false
Available export: 2026-07-14 to 2026-08-04 (22 days),2026-07-31,415067581.1783749267|1785565567,415067581.1783749267,1785565567,(direct),(none),(direct),1785565565701990,https://terminusmaximus.com/replay-library/?boss=Magnus&team=Battlesuits,boss=Magnus&team=Battlesuits,https://terminusmaximus.com/guild-raid/boss-meta/,terminusmaximus.com,,,true,false,1,1,1,false,true,false,false,false,false,false,false,false
Available export: 2026-07-14 to 2026-08-04 (22 days),2026-07-31,485943286.1783635513|1785485563,485943286.1783635513,1785485563,(direct),(none),(direct),1785485565111616,https://terminusmaximus.com/replay-library/?boss=Szarekh&map=Szarekh_04,boss=Szarekh&map=Szarekh_04,,,/guild-raid/boss-meta/,/replay-library/,false,true,3,2,1,false,false,true,true,false,false,false,false,false
Available export: 2026-07-14 to 2026-08-04 (22 days),2026-07-31,485943286.1783635513|1785494927,485943286.1783635513,1785494927,(direct),(none),(direct),1785494927198703,https://terminusmaximus.com/replay-library/?boss=Szarekh&map=Szarekh_04,boss=Szarekh&map=Szarekh_04,,,,,true,false,1,1,1,false,true,false,false,false,false,false,false,false
Available export: 2026-07-14 to 2026-08-04 (22 days),2026-07-31,485943286.1783635513|1785535869,485943286.1783635513,1785535869,(direct),(none),(direct),1785535869584797,https://terminusmaximus.com/replay-library/,,https://terminusmaximus.com/guild-raid/boss-meta/,terminusmaximus.com,/guild-raid/boss-meta/,/replay-library/,false,true,6,5,1,false,false,true,true,false,false,false,false,false
Available export: 2026-07-14 to 2026-08-04 (22 days),2026-07-31,485943286.1783635513|1785566855,485943286.1783635513,1785566855,(direct),(none),(direct),1785566854924642,https://terminusmaximus.com/replay-library/,,https://terminusmaximus.com/guild-raid/boss-meta/,terminusmaximus.com,/guild-raid/boss-meta/,/replay-library/,false,true,5,4,1,false,false,true,true,false,false,false,false,false
Available export: 2026-07-14 to 2026-08-04 (22 days),2026-07-31,499367552.1782706438|1785550922,499367552.1782706438,1785550922,(direct),(none),(direct),1785550922402513,https://terminusmaximus.com/replay-library/?boss=Magnus&map=Magnus_03&tier=M2,boss=Magnus&map=Magnus_03&tier=M2,https://terminusmaximus.com/guild-raid/s105/,terminusmaximus.com,,/guild-raid/,true,false,5,1,1,false,false,true,false,false,false,false,false,false
Available export: 2026-07-14 to 2026-08-04 (22 days),2026-07-31,499367552.1782706438|1785557670,499367552.1782706438,1785557670,(direct),(none),(direct),1785557670786214,https://terminusmaximus.com/replay-library/,,https://terminusmaximus.com/guild-raid/boss-meta/,terminusmaximus.com,,,true,false,1,1,1,false,true,false,false,false,false,false,false,false
Available export: 2026-07-14 to 2026-08-04 (22 days),2026-07-31,500475101.1784364225|1785523822,500475101.1784364225,1785523822,(direct),(none),(direct),1785524076500181,https://terminusmaximus.com/replay-library/,,https://terminusmaximus.com/,terminusmaximus.com,/,/replay-library/,false,true,14,6,1,false,false,true,true,false,false,false,false,false
Available export: 2026-07-14 to 2026-08-04 (22 days),2026-07-31,51749792.1785560313|1785560313,51749792.1785560313,1785560313,(direct),(none),(direct),1785560313813102,https://terminusmaximus.com/replay-library/,,https://terminusmaximus.com/replay-library/?boss=Mortarion&team=Neuro&map=Mortarion_04,terminusmaximus.com,,,true,false,1,1,1,false,true,false,false,false,false,false,false,false
Available export: 2026-07-14 to 2026-08-04 (22 days),2026-07-31,528877448.1785102306|1785498026,528877448.1785102306,1785498026,reddit,post,s106,1785498026636075,https://terminusmaximus.com/replay-library/?boss=Magnus,boss=Magnus,https://terminusmaximus.com/replay-library/?boss=Szarekh&map=Szarekh_04,terminusmaximus.com,,/replay-library/,true,false,2,2,1,false,false,true,true,false,false,false,false,false
Available export: 2026-07-14 to 2026-08-04 (22 days),2026-07-31,570549203.1785144272|1785489854,570549203.1785144272,1785489854,google,organic,(organic),1785489968543702,https://terminusmaximus.com/replay-library/,,https://terminusmaximus.com/guild-raid/s106/,terminusmaximus.com,,/replay-library/,true,false,4,4,1,false,false,true,true,false,true,false,false,false
Available export: 2026-07-14 to 2026-08-04 (22 days),2026-07-31,570549203.1785144272|1785530727,570549203.1785144272,1785530727,google,organic,(organic),1785530727635874,https://terminusmaximus.com/replay-library/?boss=Szarekh&map=Szarekh_04&tier=L4,boss=Szarekh&map=Szarekh_04&tier=L4,https://terminusmaximus.com/guild-raid/s106/,terminusmaximus.com,,/,true,false,10,8,2,true,false,true,true,false,false,false,false,false
Available export: 2026-07-14 to 2026-08-04 (22 days),2026-07-31,59682447.1783737056|1785510190,59682447.1783737056,1785510190,reddit,post,s105,1785510193565681,https://terminusmaximus.com/replay-library/?utm_source=reddit&utm_medium=post&utm_campaign=s105,utm_source=reddit&utm_medium=post&utm_campaign=s105,,,,/lre/lysander/,true,false,2,1,1,false,false,true,false,false,false,false,false,false
Available export: 2026-07-14 to 2026-08-04 (22 days),2026-07-31,629773956.1785521823|1785521823,629773956.1785521823,1785521823,google,organic,(organic),1785521832353650,https://terminusmaximus.com/replay-library/,,https://terminusmaximus.com/,terminusmaximus.com,/,/replay-library/,false,true,4,3,1,false,false,true,true,false,false,false,false,false
Available export: 2026-07-14 to 2026-08-04 (22 days),2026-07-31,649768767.1784032736|1785510392,649768767.1784032736,1785510392,reddit,post,s105,1785510392524603,https://terminusmaximus.com/replay-library/?utm_source=reddit&utm_medium=post&utm_campaign=s105,utm_source=reddit&utm_medium=post&utm_campaign=s105,,,,/replay-library/,true,false,7,7,1,false,false,true,true,false,false,false,false,false
Available export: 2026-07-14 to 2026-08-04 (22 days),2026-07-31,689490324.1784273887|1785503630,689490324.1784273887,1785503630,discord,post,boss-meta,1785503630712614,https://terminusmaximus.com/replay-library/?team=Neuro&hero=Winged,team=Neuro&hero=Winged,,,,/replay-library/,true,false,6,6,1,false,false,true,true,false,false,false,false,false
Available export: 2026-07-14 to 2026-08-04 (22 days),2026-07-31,690906611.1784220034|1785504482,690906611.1784220034,1785504482,google,organic,(organic),1785504481767759,https://terminusmaximus.com/replay-library/?boss=Szarekh&team=Laviscus&map=Szarekh_04,boss=Szarekh&team=Laviscus&map=Szarekh_04,,,,/replay-library/,true,false,4,4,1,false,false,true,true,false,false,false,false,false
Available export: 2026-07-14 to 2026-08-04 (22 days),2026-07-31,745827446.1784157382|1785501452,745827446.1784157382,1785501452,(direct),(none),(direct),1785501452810222,https://terminusmaximus.com/replay-library/,,,,,/replay-library/,true,false,3,3,1,false,false,true,true,false,false,false,false,false
Available export: 2026-07-14 to 2026-08-04 (22 days),2026-07-31,754698492.1783205204|1785513091,754698492.1783205204,1785513091,(direct),(none),(direct),1785513092243090,https://terminusmaximus.com/replay-library/,,,,,/replay-library/,true,false,14,14,1,false,false,true,true,false,false,false,false,false
Available export: 2026-07-14 to 2026-08-04 (22 days),2026-07-31,767252580.1785261185|1785515665,767252580.1785261185,1785515665,reddit,post,s106,1785515666118121,https://terminusmaximus.com/replay-library/?boss=Lion,boss=Lion,https://terminusmaximus.com/guild-raid/s106/?utm_source=reddit&utm_medium=post&utm_campaign=s106,terminusmaximus.com,,,true,false,1,1,1,false,true,false,false,false,false,false,false,false
Available export: 2026-07-14 to 2026-08-04 (22 days),2026-07-31,823454818.1785552414|1785552413,823454818.1785552414,1785552413,(direct),(none),(direct),1785552413908120,https://terminusmaximus.com/replay-library/,,https://terminusmaximus.com/replay-library/?boss=Mortarion&team=Neuro&map=Mortarion_04,terminusmaximus.com,,/replay-library/,true,false,2,2,1,false,false,true,true,false,false,false,false,false
Available export: 2026-07-14 to 2026-08-04 (22 days),2026-07-31,837601297.1780689128|1785485837,837601297.1780689128,1785485837,(direct),(none),(direct),1785485838020708,https://terminusmaximus.com/replay-library/?boss=Szarekh&map=Szarekh_04,boss=Szarekh&map=Szarekh_04,,,,,true,false,1,1,1,false,true,false,false,false,false,false,false,false
Available export: 2026-07-14 to 2026-08-04 (22 days),2026-07-31,880055914.1784301103|1785528934,880055914.1784301103,1785528934,(direct),(none),(direct),1785528938038061,https://terminusmaximus.com/replay-library/,,https://terminusmaximus.com/,terminusmaximus.com,,/replay-library/,true,false,3,3,1,false,false,true,true,false,false,false,false,false
Available export: 2026-07-14 to 2026-08-04 (22 days),2026-07-31,88011080.1784934505|1785440053,88011080.1784934505,1785440053,reddit,post,s106,1785517757694919,https://terminusmaximus.com/replay-library/?team=Laviscus,team=Laviscus,,,,/replay-library/,true,false,4,4,1,false,false,true,true,false,false,false,false,false
Available export: 2026-07-14 to 2026-08-04 (22 days),2026-07-31,88011080.1784934505|1785449194,88011080.1784934505,1785449194,reddit,post,s106,1785526897882922,https://terminusmaximus.com/replay-library/?team=Laviscus,team=Laviscus,,,,/replay-library/,true,false,2,2,1,false,false,true,true,false,false,false,false,false
Available export: 2026-07-14 to 2026-08-04 (22 days),2026-07-31,88011080.1784934505|1785464756,88011080.1784934505,1785464756,reddit,post,s106,1785542459066292,https://terminusmaximus.com/replay-library/?team=Laviscus,team=Laviscus,,,,/replay-library/,true,false,11,11,1,false,false,true,true,false,false,false,false,false
Available export: 2026-07-14 to 2026-08-04 (22 days),2026-07-31,88011080.1784934505|1785474515,88011080.1784934505,1785474515,reddit,post,s106,1785552217888731,https://terminusmaximus.com/replay-library/?team=Laviscus,team=Laviscus,,,,/replay-library/,true,false,5,5,1,false,false,true,true,false,false,false,false,false
Available export: 2026-07-14 to 2026-08-04 (22 days),2026-07-31,897527297.1780775674|1785531690,897527297.1780775674,1785531690,(direct),(none),(direct),1785531698005633,https://terminusmaximus.com/replay-library/,,https://terminusmaximus.com/,terminusmaximus.com,/,/replay-library/,false,true,4,3,1,false,false,true,true,false,false,false,false,false
Available export: 2026-07-14 to 2026-08-04 (22 days),2026-07-31,940403840.1784713030|1785486778,940403840.1784713030,1785486778,(direct),(none),(direct),1785486779318143,https://terminusmaximus.com/replay-library/,,,,,/replay-library/,true,false,4,4,1,false,false,true,true,false,false,false,false,false
Available export: 2026-07-14 to 2026-08-04 (22 days),2026-07-31,952805471.1783197340|1785538907,952805471.1783197340,1785538907,(direct),(none),(direct),1785538931656385,https://terminusmaximus.com/replay-library/,,https://terminusmaximus.com/,terminusmaximus.com,/,/replay-library/,false,true,7,6,1,false,false,true,true,false,false,false,false,false
Available export: 2026-07-14 to 2026-08-04 (22 days),2026-07-31,97331542.1785488788|1785488787,97331542.1785488788,1785488787,duckduckgo,organic,(organic),1785488937540197,https://terminusmaximus.com/replay-library/,,https://terminusmaximus.com/guild-raid/s105/,terminusmaximus.com,/guild-raid/s105/,/replay-library/,false,true,8,2,1,false,false,true,true,false,false,false,false,false
Available export: 2026-07-14 to 2026-08-04 (22 days),2026-07-31,977906415.1784102677|1785507112,977906415.1784102677,1785507112,google,organic,(organic),1785507118332771,https://terminusmaximus.com/replay-library/,,https://terminusmaximus.com/,terminusmaximus.com,/,/replay-library/,false,true,6,5,1,false,false,true,true,false,false,false,false,false
Available export: 2026-07-14 to 2026-08-04 (22 days),2026-07-31,977906415.1784102677|1785516702,977906415.1784102677,1785516702,google,organic,(organic),1785516702269471,https://terminusmaximus.com/replay-library/?boss=Lion&team=Battlesuits,boss=Lion&team=Battlesuits,https://terminusmaximus.com/,terminusmaximus.com,,,true,false,1,1,1,false,true,false,false,false,false,false,false,false
Available export: 2026-07-14 to 2026-08-04 (22 days),2026-08-01,1012001193.1785509710|1785623110,1012001193.1785509710,1785623110,reddit,post,s105,1785623109345931,https://terminusmaximus.com/replay-library/?utm_source=reddit&utm_medium=post&utm_campaign=s105,utm_source=reddit&utm_medium=post&utm_campaign=s105,android-app://com.reddit.frontpage/,com.reddit.frontpage,,/replay-library/,true,false,3,3,1,false,false,true,true,false,false,false,false,false
Available export: 2026-07-14 to 2026-08-04 (22 days),2026-08-01,1037516634.1785639449|1785639448,1037516634.1785639449,1785639448,(direct),(none),(direct),1785639446827009,https://terminusmaximus.com/replay-library/?boss=Dorn&team=Laviscus&map=Dorn_03,boss=Dorn&team=Laviscus&map=Dorn_03,,,,/replay-library/,true,false,2,2,1,false,false,true,true,false,false,false,false,false
Available export: 2026-07-14 to 2026-08-04 (22 days),2026-08-01,1054844797.1785541920|1785584791,1054844797.1785541920,1785584791,reddit,post,s103,1785584840642864,https://terminusmaximus.com/replay-library/,,https://terminusmaximus.com/guild-raid/s103/?utm_source=reddit&utm_medium=post&utm_campaign=s103,terminusmaximus.com,/guild-raid/s103/,/replay-library/,false,true,6,5,1,false,false,true,true,false,false,false,false,false
Available export: 2026-07-14 to 2026-08-04 (22 days),2026-08-01,1068718977.1781542295|1785579639,1068718977.1781542295,1785579639,google,organic,(organic),1785579701252770,https://terminusmaximus.com/replay-library/,,https://terminusmaximus.com/guild-raid/s106/,terminusmaximus.com,/guild-raid/s106/,/replay-library/,false,true,6,3,1,false,false,true,true,false,false,false,false,false
Available export: 2026-07-14 to 2026-08-04 (22 days),2026-08-01,1068718977.1781542295|1785613687,1068718977.1781542295,1785613687,google,organic,(organic),1785613688021961,https://terminusmaximus.com/replay-library/?boss=Lion&map=Lion_03,boss=Lion&map=Lion_03,https://terminusmaximus.com/guild-raid/s106/,terminusmaximus.com,,,true,false,1,1,1,false,true,false,false,false,false,false,false,false
Available export: 2026-07-14 to 2026-08-04 (22 days),2026-08-01,1068718977.1781542295|1785615771,1068718977.1781542295,1785615771,google,organic,(organic),1785615771237088,https://terminusmaximus.com/replay-library/?boss=Lion&map=Lion_03,boss=Lion&map=Lion_03,https://terminusmaximus.com/guild-raid/s106/,terminusmaximus.com,,,true,false,1,1,1,false,true,false,false,false,false,false,false,false
Available export: 2026-07-14 to 2026-08-04 (22 days),2026-08-01,1094022816.1785389728|1785583909,1094022816.1785389728,1785583909,(direct),(none),(direct),1785583910119956,https://terminusmaximus.com/replay-library/?boss=Hive+Tyrant&team=Laviscus,boss=Hive+Tyrant&team=Laviscus,,,,/,true,false,12,11,2,true,false,true,true,false,false,false,false,false
Available export: 2026-07-14 to 2026-08-04 (22 days),2026-08-01,1169439710.1785589005|1785589004,1169439710.1785589005,1785589004,reddit,post,s106,1785589005622597,https://terminusmaximus.com/replay-library/?utm_source=reddit&utm_medium=post&utm_campaign=s106,utm_source=reddit&utm_medium=post&utm_campaign=s106,,,,,true,false,1,1,1,false,true,false,false,false,false,false,false,false
Available export: 2026-07-14 to 2026-08-04 (22 days),2026-08-01,1186765260.1784277452|1785571316,1186765260.1784277452,1785571316,discord,post,boss-meta,1785571316991519,https://terminusmaximus.com/replay-library/?boss=Avatar&team=Neuro,boss=Avatar&team=Neuro,,,,/guild-raid/s105/,true,false,8,5,2,true,false,true,true,false,false,false,false,false
Available export: 2026-07-14 to 2026-08-04 (22 days),2026-08-01,1186765260.1784277452|1785573849,1186765260.1784277452,1785573849,discord,post,boss-meta,1785573849467437,https://terminusmaximus.com/replay-library/?boss=Szarekh&team=Neuro,boss=Szarekh&team=Neuro,https://terminusmaximus.com/replay-library/?boss=Ghaz&team=Neuro&map=Ghaz_02,terminusmaximus.com,,/replay-library/,true,false,3,3,1,false,false,true,true,false,false,false,false,false
Available export: 2026-07-14 to 2026-08-04 (22 days),2026-08-01,1186765260.1784277452|1785607513,1186765260.1784277452,1785607513,discord,post,boss-meta,1785607514125608,https://terminusmaximus.com/replay-library/?boss=Szarekh&team=Battlesuits,boss=Szarekh&team=Battlesuits,https://terminusmaximus.com/guild-raid/s106/,terminusmaximus.com,,,true,false,1,1,1,false,true,false,false,false,false,false,false,false
Available export: 2026-07-14 to 2026-08-04 (22 days),2026-08-01,1186765260.1784277452|1785619293,1186765260.1784277452,1785619293,discord,post,boss-meta,1785619294246046,https://terminusmaximus.com/replay-library/?boss=Szarekh&team=Battlesuits,boss=Szarekh&team=Battlesuits,https://terminusmaximus.com/guild-raid/s106/,terminusmaximus.com,,,true,false,1,1,1,false,true,false,false,false,false,false,false,false
Available export: 2026-07-14 to 2026-08-04 (22 days),2026-08-01,1233873503.1785347844|1785620350,1233873503.1785347844,1785620350,reddit,post,s105,1785620349499149,https://terminusmaximus.com/replay-library/?utm_source=reddit&utm_medium=post&utm_campaign=s105&boss=Szarekh&team=Laviscus&map=Szarekh_04,utm_source=reddit&utm_medium=post&utm_campaign=s105&boss=Szarekh&team=Laviscus&map=Szarekh_04,,,,,true,false,1,1,1,false,true,false,false,false,false,false,false,false
Available export: 2026-07-14 to 2026-08-04 (22 days),2026-08-01,1233873503.1785347844|1785624579,1233873503.1785347844,1785624579,reddit,post,s105,1785624579216482,https://terminusmaximus.com/replay-library/?utm_source=reddit&utm_medium=post&utm_campaign=s105&boss=Szarekh&team=Laviscus&map=Szarekh_04,utm_source=reddit&utm_medium=post&utm_campaign=s105&boss=Szarekh&team=Laviscus&map=Szarekh_04,,,,,true,false,1,1,1,false,true,false,false,false,false,false,false,false
Available export: 2026-07-14 to 2026-08-04 (22 days),2026-08-01,1239850109.1785600572|1785600572,1239850109.1785600572,1785600572,google,organic,(organic),1785600574977785,https://terminusmaximus.com/replay-library/,,https://terminusmaximus.com/,terminusmaximus.com,/,/replay-library/,false,true,4,3,1,false,false,true,true,false,false,false,false,false
Available export: 2026-07-14 to 2026-08-04 (22 days),2026-08-01,1248298120.1784135033|1785623345,1248298120.1784135033,1785623345,reddit,post,s105,1785623345538594,https://terminusmaximus.com/replay-library/?utm_source=reddit&utm_medium=post&utm_campaign=s105,utm_source=reddit&utm_medium=post&utm_campaign=s105,,,,,true,false,1,1,1,false,true,false,false,false,false,false,false,false
Available export: 2026-07-14 to 2026-08-04 (22 days),2026-08-01,1252073459.1785339415|1785598255,1252073459.1785339415,1785598255,duckduckgo,organic,(organic),1785598255817918,https://terminusmaximus.com/replay-library/?boss=Szarekh&map=Szarekh_04,boss=Szarekh&map=Szarekh_04,https://duckduckgo.com/,duckduckgo.com,,,true,false,1,1,1,false,true,false,false,false,false,false,false,false
Available export: 2026-07-14 to 2026-08-04 (22 days),2026-08-01,1252073459.1785339415|1785619959,1252073459.1785339415,1785619959,duckduckgo,organic,(organic),1785619960023819,https://terminusmaximus.com/replay-library/?boss=Szarekh&map=Szarekh_04,boss=Szarekh&map=Szarekh_04,https://duckduckgo.com/,duckduckgo.com,,,true,false,1,1,1,false,true,false,false,false,false,false,false,false
Available export: 2026-07-14 to 2026-08-04 (22 days),2026-08-01,1252073459.1785339415|1785628580,1252073459.1785339415,1785628580,duckduckgo,organic,(organic),1785628581207695,https://terminusmaximus.com/replay-library/?boss=Szarekh&map=Szarekh_04,boss=Szarekh&map=Szarekh_04,https://duckduckgo.com/,duckduckgo.com,,,true,false,1,1,1,false,true,false,false,false,false,false,false,false
Available export: 2026-07-14 to 2026-08-04 (22 days),2026-08-01,1261565544.1780757750|1785587780,1261565544.1780757750,1785587780,reddit,post,s105,1785587780940959,https://terminusmaximus.com/replay-library/?utm_source=reddit&utm_medium=post&utm_campaign=s105&boss=Szarekh&team=Laviscus&map=Szarekh_04,utm_source=reddit&utm_medium=post&utm_campaign=s105&boss=Szarekh&team=Laviscus&map=Szarekh_04,https://www.reddit.com/,www.reddit.com,,/replay-library/,true,false,14,14,1,false,false,true,true,false,false,false,false,false
Available export: 2026-07-14 to 2026-08-04 (22 days),2026-08-01,1330085543.1784224204|1785569174,1330085543.1784224204,1785569174,google,organic,(organic),1785569174646066,https://terminusmaximus.com/replay-library/,,,,,/replay-library/,true,false,5,5,1,false,false,true,true,false,false,false,false,false
Available export: 2026-07-14 to 2026-08-04 (22 days),2026-08-01,1330085543.1784224204|1785571247,1330085543.1784224204,1785571247,google,organic,(organic),1785571247706616,https://terminusmaximus.com/replay-library/?boss=Ghaz&team=Laviscus&map=Ghaz_02&tier=L3,boss=Ghaz&team=Laviscus&map=Ghaz_02&tier=L3,,,,,true,false,1,1,1,false,true,false,false,false,false,false,false,false
Available export: 2026-07-14 to 2026-08-04 (22 days),2026-08-01,13997827.1785407114|1785583439,13997827.1785407114,1785583439,(direct),(none),(direct),1785583439942017,https://terminusmaximus.com/replay-library/?boss=Avatar&team=AdMech&map=Avatar_05,boss=Avatar&team=AdMech&map=Avatar_05,https://terminusmaximus.com/guild-raid/boss-meta/,terminusmaximus.com,,/replay-library/,true,false,3,3,1,false,false,true,true,false,false,false,false,false
Available export: 2026-07-14 to 2026-08-04 (22 days),2026-08-01,13997827.1785407114|1785616790,13997827.1785407114,1785616790,(direct),(none),(direct),1785616790991050,https://terminusmaximus.com/replay-library/?boss=Avatar&team=Laviscus&map=Avatar_05,boss=Avatar&team=Laviscus&map=Avatar_05,https://terminusmaximus.com/guild-raid/boss-meta/,terminusmaximus.com,,/replay-library/,true,false,2,2,1,false,false,true,true,false,false,false,false,false
Available export: 2026-07-14 to 2026-08-04 (22 days),2026-08-01,13997827.1785407114|1785619230,13997827.1785407114,1785619230,(direct),(none),(direct),1785619236260902,https://terminusmaximus.com/replay-library/,,https://terminusmaximus.com/replay-library/?boss=Avatar&team=AdMech&map=Avatar_05,terminusmaximus.com,,/replay-library/,true,false,14,12,1,false,false,true,true,false,false,false,false,false
Available export: 2026-07-14 to 2026-08-04 (22 days),2026-08-01,1413919667.1785323208|1785604388,1413919667.1785323208,1785604388,(direct),(none),(direct),1785604388658945,https://terminusmaximus.com/replay-library/?boss=Lion,boss=Lion,https://terminusmaximus.com/replay-library/?boss=Mortarion&map=Mortarion_02_01,terminusmaximus.com,,/replay-library/,true,false,2,2,1,false,false,true,true,false,false,false,false,false
Available export: 2026-07-14 to 2026-08-04 (22 days),2026-08-01,144920037.1785609010|1785609009,144920037.1785609010,1785609009,(direct),(none),(direct),1785609145087864,https://www.terminusmaximus.com/replay-library/,,https://www.terminusmaximus.com/lre/lysander/,www.terminusmaximus.com,/lre/lysander/,/replay-library/,false,true,6,4,1,false,false,true,true,false,false,false,false,false
Available export: 2026-07-14 to 2026-08-04 (22 days),2026-08-01,1456607398.1785589016|1785589016,1456607398.1785589016,1785589016,(direct),(none),(direct),1785589110666907,https://terminusmaximus.com/replay-library/?utm_source=reddit&utm_medium=post&utm_campaign=s106,utm_source=reddit&utm_medium=post&utm_campaign=s106,,,/guild-raid/s105/,/replay-library/,false,true,6,5,1,false,false,true,true,false,false,false,false,false
Available export: 2026-07-14 to 2026-08-04 (22 days),2026-08-01,1467181830.1785076515|1785571162,1467181830.1785076515,1785571162,google,organic,(organic),1785571181024324,https://terminusmaximus.com/replay-library/,,https://terminusmaximus.com/guild-raid/boss-meta/,terminusmaximus.com,/guild-raid/boss-meta/,/replay-library/,false,true,4,3,1,false,false,true,true,false,false,false,false,false
Available export: 2026-07-14 to 2026-08-04 (22 days),2026-08-01,1467181830.1785076515|1785611933,1467181830.1785076515,1785611933,google,organic,(organic),1785611943496422,https://terminusmaximus.com/replay-library/,,https://terminusmaximus.com/guild-raid/boss-meta/,terminusmaximus.com,/guild-raid/boss-meta/,/replay-library/,false,true,4,3,1,false,false,true,true,false,false,false,false,false
Available export: 2026-07-14 to 2026-08-04 (22 days),2026-08-01,1500403911.1782723451|1785595140,1500403911.1782723451,1785595140,google,organic,(organic),1785595147690000,https://terminusmaximus.com/replay-library/,,https://terminusmaximus.com/,terminusmaximus.com,/,/replay-library/,false,true,4,3,1,false,false,true,true,false,false,false,false,false
Available export: 2026-07-14 to 2026-08-04 (22 days),2026-08-01,1504399393.1785471561|1785595920,1504399393.1785471561,1785595920,reddit,post,s106,1785595920589560,https://terminusmaximus.com/replay-library/?utm_source=reddit&utm_medium=post&utm_campaign=s106&boss=Lion&team=Battlesuits,utm_source=reddit&utm_medium=post&utm_campaign=s106&boss=Lion&team=Battlesuits,,,,,true,false,1,1,1,false,true,false,false,false,false,false,false,false
Available export: 2026-07-14 to 2026-08-04 (22 days),2026-08-01,1504399393.1785471561|1785603508,1504399393.1785471561,1785603508,reddit,post,s106,1785603511641954,https://terminusmaximus.com/replay-library/?utm_source=reddit&utm_medium=post&utm_campaign=s106&boss=Lion&team=Battlesuits,utm_source=reddit&utm_medium=post&utm_campaign=s106&boss=Lion&team=Battlesuits,,,,,true,false,1,1,1,false,true,false,false,false,false,false,false,false
Available export: 2026-07-14 to 2026-08-04 (22 days),2026-08-01,1520165871.1784095012|1785629542,1520165871.1784095012,1785629542,google,organic,(organic),1785629543207374,https://terminusmaximus.com/replay-library/,,https://www.google.com/,www.google.com,,/replay-library/,true,false,7,7,1,false,false,true,true,false,false,false,false,false
Available export: 2026-07-14 to 2026-08-04 (22 days),2026-08-01,1520165871.1784095012|1785642691,1520165871.1784095012,1785642691,google,organic,(organic),1785642692132733,https://terminusmaximus.com/replay-library/?boss=Mortarion&team=Laviscus&map=Mortarion_02_01&tier=M2,boss=Mortarion&team=Laviscus&map=Mortarion_02_01&tier=M2,https://www.google.com/,www.google.com,,,true,false,1,1,1,false,true,false,false,false,false,false,false,false
Available export: 2026-07-14 to 2026-08-04 (22 days),2026-08-01,1558922202.1784305412|1785651104,1558922202.1784305412,1785651104,google,organic,(organic),1785651111215995,https://terminusmaximus.com/replay-library/,,https://terminusmaximus.com/,terminusmaximus.com,/,/replay-library/,false,true,5,4,1,false,false,true,true,false,false,false,false,false
Available export: 2026-07-14 to 2026-08-04 (22 days),2026-08-01,1558922202.1784305412|1785653365,1558922202.1784305412,1785653365,google,organic,(organic),1785653366206267,https://terminusmaximus.com/replay-library/?boss=Mortarion&team=Laviscus&map=Mortarion_04,boss=Mortarion&team=Laviscus&map=Mortarion_04,https://terminusmaximus.com/,terminusmaximus.com,,,true,false,1,1,1,false,true,false,false,false,false,false,false,false
Available export: 2026-07-14 to 2026-08-04 (22 days),2026-08-01,1579534942.1785329290|1785592767,1579534942.1785329290,1785592767,google,organic,(organic),1785592760070430,https://terminusmaximus.com/replay-library/,,https://terminusmaximus.com/,terminusmaximus.com,/,/replay-library/,false,true,8,7,1,false,false,true,true,false,false,false,false,false
Available export: 2026-07-14 to 2026-08-04 (22 days),2026-08-01,1579534942.1785329290|1785644431,1579534942.1785329290,1785644431,google,organic,(organic),1785644421059299,https://terminusmaximus.com/replay-library/?boss=Avatar&team=AdMech,boss=Avatar&team=AdMech,https://terminusmaximus.com/replay-library/,terminusmaximus.com,,,true,false,1,1,1,false,true,false,false,false,false,false,false,false
Available export: 2026-07-14 to 2026-08-04 (22 days),2026-08-01,1581834745.1784223577|1785600520,1581834745.1784223577,1785600520,(direct),(none),(direct),1785600520692825,https://terminusmaximus.com/replay-library/,,,,,/replay-library/,true,false,6,6,1,false,false,true,true,false,false,false,false,false
Available export: 2026-07-14 to 2026-08-04 (22 days),2026-08-01,1588417922.1784829813|1785648252,1588417922.1784829813,1785648252,(direct),(none),(direct),1785648253825271,https://terminusmaximus.com/replay-library/,,https://terminusmaximus.com/,terminusmaximus.com,/,/replay-library/,false,true,4,3,1,false,false,true,true,false,false,false,false,false
Available export: 2026-07-14 to 2026-08-04 (22 days),2026-08-01,1661015216.1783772823|1785591604,1661015216.1783772823,1785591604,reddit,post,s105,1785591606562863,https://terminusmaximus.com/replay-library/?boss=Dorn&team=Laviscus&map=Dorn_03&tier=L2,boss=Dorn&team=Laviscus&map=Dorn_03&tier=L2,https://terminusmaximus.com/guild-raid/s105/,terminusmaximus.com,,/guild-raid/s105/,true,false,6,5,2,true,false,true,true,false,true,false,false,false
Available export: 2026-07-14 to 2026-08-04 (22 days),2026-08-01,1686153540.1785612956|1785612956,1686153540.1785612956,1785612956,reddit,post,s106,1785613618956739,https://terminusmaximus.com/replay-library/,,https://terminusmaximus.com/incursion-mow/,terminusmaximus.com,/incursion-mow/,/,false,true,10,1,1,false,false,true,false,false,false,false,false,false
Available export: 2026-07-14 to 2026-08-04 (22 days),2026-08-01,1691462666.1784115627|1785611963,1691462666.1784115627,1785611963,(direct),(none),(direct),1785611963639885,https://terminusmaximus.com/replay-library/,,,,,/replay-library/,true,false,4,4,1,false,false,true,true,false,false,false,false,false
Available export: 2026-07-14 to 2026-08-04 (22 days),2026-08-01,1694406866.1781479955|1785600988,1694406866.1781479955,1785600988,reddit,post,mow2026,1785600988249860,https://terminusmaximus.com/replay-library/,,https://terminusmaximus.com/?utm_source=reddit&utm_medium=post&utm_campaign=mow2026,terminusmaximus.com,/,/replay-library/,false,true,4,3,1,false,false,true,true,false,false,false,false,false
Available export: 2026-07-14 to 2026-08-04 (22 days),2026-08-01,1694406866.1781479955|1785603554,1694406866.1781479955,1785603554,reddit,post,mow2026,1785603555072028,https://terminusmaximus.com/replay-library/,,https://terminusmaximus.com/?utm_source=reddit&utm_medium=post&utm_campaign=mow2026,terminusmaximus.com,/,/replay-library/,false,true,8,6,2,true,false,true,true,false,false,false,false,false
Available export: 2026-07-14 to 2026-08-04 (22 days),2026-08-01,1694406866.1781479955|1785633311,1694406866.1781479955,1785633311,reddit,post,mow2026,1785633310097697,https://terminusmaximus.com/replay-library/,,https://terminusmaximus.com/?utm_source=reddit&utm_medium=post&utm_campaign=mow2026,terminusmaximus.com,/,/replay-library/,false,true,7,5,2,true,false,true,true,false,false,false,false,false
Available export: 2026-07-14 to 2026-08-04 (22 days),2026-08-01,1750145351.1780773652|1785621490,1750145351.1780773652,1785621490,duckduckgo,organic,(organic),1785621498002595,https://terminusmaximus.com/replay-library/,,https://terminusmaximus.com/,terminusmaximus.com,/,/replay-library/,false,true,10,9,1,false,false,true,true,false,false,false,false,false
Available export: 2026-07-14 to 2026-08-04 (22 days),2026-08-01,1784378444.1785419232|1785569100,1784378444.1785419232,1785569100,(direct),(none),(direct),1785569100788930,https://terminusmaximus.com/replay-library/,,,,,/replay-library/,true,false,5,5,1,false,false,true,true,false,false,false,false,false
Available export: 2026-07-14 to 2026-08-04 (22 days),2026-08-01,1784378444.1785419232|1785594170,1784378444.1785419232,1785594170,(direct),(none),(direct),1785594170772077,https://terminusmaximus.com/replay-library/?boss=Magnus&tier=M2,boss=Magnus&tier=M2,,,,/replay-library/,true,false,4,4,1,false,false,true,true,false,false,false,false,false
Available export: 2026-07-14 to 2026-08-04 (22 days),2026-08-01,1784678737.1784129889|1785597892,1784678737.1784129889,1785597892,reddit,post,s105,1785597892498117,https://terminusmaximus.com/replay-library/?boss=Riptide&team=AdMech&map=Riptide_01,boss=Riptide&team=AdMech&map=Riptide_01,,,,/replay-library/,true,false,5,5,1,false,false,true,true,false,false,false,false,false
Available export: 2026-07-14 to 2026-08-04 (22 days),2026-08-01,1784678737.1784129889|1785601323,1784678737.1784129889,1785601323,reddit,post,s105,1785601323726498,https://terminusmaximus.com/replay-library/?boss=Dorn&team=AdMech&map=Dorn_03,boss=Dorn&team=AdMech&map=Dorn_03,https://terminusmaximus.com/replay-library/?boss=Riptide&team=AdMech&map=Riptide_01,terminusmaximus.com,,,true,false,1,1,1,false,true,false,false,false,false,false,false,false
Available export: 2026-07-14 to 2026-08-04 (22 days),2026-08-01,1784678737.1784129889|1785649084,1784678737.1784129889,1785649084,reddit,post,s105,1785649084977967,https://terminusmaximus.com/replay-library/?boss=Dorn&team=AdMech&map=Dorn_03,boss=Dorn&team=AdMech&map=Dorn_03,https://terminusmaximus.com/replay-library/?boss=Riptide&team=AdMech&map=Riptide_01,terminusmaximus.com,,,true,false,1,1,1,false,true,false,false,false,false,false,false,false
Available export: 2026-07-14 to 2026-08-04 (22 days),2026-08-01,1789962346.1784215190|1785568842,1789962346.1784215190,1785568842,reddit,post,mow2026,1785568847815511,https://terminusmaximus.com/replay-library/?boss=Szarekh&map=Szarekh_04,boss=Szarekh&map=Szarekh_04,,,,/replay-library/,true,false,4,4,1,false,false,true,true,false,false,false,false,false
Available export: 2026-07-14 to 2026-08-04 (22 days),2026-08-01,1826243708.1783782513|1785619722,1826243708.1783782513,1785619722,google,organic,(organic),1785619722998063,https://terminusmaximus.com/replay-library/?boss=Avatar&team=Laviscus&map=Avatar_05&tier=L2,boss=Avatar&team=Laviscus&map=Avatar_05&tier=L2,https://terminusmaximus.com/,terminusmaximus.com,,/,true,false,7,3,2,true,false,true,true,false,false,false,false,false
Available export: 2026-07-14 to 2026-08-04 (22 days),2026-08-01,1836577935.1785596635|1785596634,1836577935.1785596635,1785596634,(direct),(none),(direct),1785596634826421,https://terminusmaximus.com/replay-library/?boss=Lion&map=Lion_03,boss=Lion&map=Lion_03,https://terminusmaximus.com/beginner-guide/,terminusmaximus.com,,/replay-library/,true,false,5,5,1,false,false,true,true,false,false,false,false,false
Available export: 2026-07-14 to 2026-08-04 (22 days),2026-08-01,1918551651.1785157035|1785577875,1918551651.1785157035,1785577875,reddit,post,s106,1785577883268565,https://terminusmaximus.com/replay-library/,,https://terminusmaximus.com/campaign-event/,terminusmaximus.com,/campaign-event/,/replay-library/,false,true,3,2,1,false,false,true,true,false,false,false,false,false
Available export: 2026-07-14 to 2026-08-04 (22 days),2026-08-01,1927960250.1785186196|1785625543,1927960250.1785186196,1785625543,google,organic,(organic),1785625543790574,https://terminusmaximus.com/replay-library/,,https://www.google.com/,www.google.com,,/,true,false,2,1,1,false,false,true,false,false,false,false,false,false
Available export: 2026-07-14 to 2026-08-04 (22 days),2026-08-01,1953140580.1784357969|1785576764,1953140580.1784357969,1785576764,google,organic,(organic),1785576769246789,https://terminusmaximus.com/replay-library/?boss=Dorn&team=Laviscus&map=Dorn_03,boss=Dorn&team=Laviscus&map=Dorn_03,,,,/replay-library/,true,false,5,5,1,false,false,true,true,false,false,false,false,false
Available export: 2026-07-14 to 2026-08-04 (22 days),2026-08-01,1978556558.1784646467|1785622044,1978556558.1784646467,1785622044,(direct),(none),(direct),1785622044221465,https://terminusmaximus.com/replay-library/,,,,,/replay-library/,true,false,3,3,1,false,false,true,true,false,false,false,false,false
Available export: 2026-07-14 to 2026-08-04 (22 days),2026-08-01,1999150011.1785572164|1785572163,1999150011.1785572164,1785572163,(direct),(none),(direct),1785572163791695,https://terminusmaximus.com/replay-library/?boss=Dorn&map=Dorn_03,boss=Dorn&map=Dorn_03,https://terminusmaximus.com/guild-raid/boss-meta/,terminusmaximus.com,,/replay-library/,true,false,4,4,1,false,false,true,true,false,false,false,false,false
Available export: 2026-07-14 to 2026-08-04 (22 days),2026-08-01,2007846945.1785598363|1785598362,2007846945.1785598363,1785598362,google,organic,(organic),1785598363451086,https://terminusmaximus.com/replay-library/,,https://www.google.com/,www.google.com,,/replay-library/,true,false,2,2,1,false,false,true,true,false,false,false,false,false
Available export: 2026-07-14 to 2026-08-04 (22 days),2026-08-01,205227605.1785290287|1785596913,205227605.1785290287,1785596913,google,organic,(organic),1785596914511424,https://terminusmaximus.com/replay-library/,,https://terminusmaximus.com/,terminusmaximus.com,/,/replay-library/,false,true,4,3,1,false,false,true,true,false,false,false,false,false
Available export: 2026-07-14 to 2026-08-04 (22 days),2026-08-01,205227605.1785290287|1785629448,205227605.1785290287,1785629448,google,organic,(organic),1785629448621976,https://terminusmaximus.com/replay-library/?boss=Magnus,boss=Magnus,https://terminusmaximus.com/,terminusmaximus.com,,,true,false,1,1,1,false,true,false,false,false,false,false,false,false
Available export: 2026-07-14 to 2026-08-04 (22 days),2026-08-01,205227605.1785290287|1785634708,205227605.1785290287,1785634708,google,organic,(organic),1785634709279538,https://terminusmaximus.com/replay-library/?boss=Magnus,boss=Magnus,https://terminusmaximus.com/,terminusmaximus.com,,,true,false,1,1,1,false,true,false,false,false,false,false,false,false
Available export: 2026-07-14 to 2026-08-04 (22 days),2026-08-01,2055702635.1785602196|1785602196,2055702635.1785602196,1785602196,(direct),(none),(direct),1785602196670104,https://terminusmaximus.com/replay-library/?boss=Dorn&team=Laviscus&map=Dorn_03,boss=Dorn&team=Laviscus&map=Dorn_03,,,,,true,false,1,1,1,false,true,false,false,false,false,false,false,false
Available export: 2026-07-14 to 2026-08-04 (22 days),2026-08-01,2082615884.1785630476|1785630475,2082615884.1785630476,1785630475,(direct),(none),(direct),1785630475637692,https://terminusmaximus.com/replay-library/,,,,,/replay-library/,true,false,2,2,1,false,false,true,true,false,false,false,false,false
Available export: 2026-07-14 to 2026-08-04 (22 days),2026-08-01,2100717848.1783783341|1785648819,2100717848.1783783341,1785648819,(direct),(none),(direct),1785648819328643,https://terminusmaximus.com/replay-library/,,,,,/replay-library/,true,false,11,11,1,false,false,true,true,false,false,false,false,false
Available export: 2026-07-14 to 2026-08-04 (22 days),2026-08-01,2111859797.1784029962|1785587768,2111859797.1784029962,1785587768,reddit,post,s105,1785587777176700,https://terminusmaximus.com/replay-library/?utm_source=reddit&utm_medium=post&utm_campaign=s105&boss=Lion&map=Lion_03,utm_source=reddit&utm_medium=post&utm_campaign=s105&boss=Lion&map=Lion_03,,,,/replay-library/,true,false,4,4,1,false,false,true,true,false,false,false,false,false
Available export: 2026-07-14 to 2026-08-04 (22 days),2026-08-01,2111859797.1784029962|1785640461,2111859797.1784029962,1785640461,reddit,post,s105,1785640461399283,https://terminusmaximus.com/replay-library/?utm_source=reddit&utm_medium=post&utm_campaign=s105&boss=Mortarion&team=Laviscus&map=Mortarion_04,utm_source=reddit&utm_medium=post&utm_campaign=s105&boss=Mortarion&team=Laviscus&map=Mortarion_04,,,,,true,false,1,1,1,false,true,false,false,false,false,false,false,false
Available export: 2026-07-14 to 2026-08-04 (22 days),2026-08-01,2113911111.1785606915|1785606914,2113911111.1785606915,1785606914,(direct),(none),(direct),1785607015064504,https://terminusmaximus.com/replay-library/,,https://terminusmaximus.com/elite-campaigns/,terminusmaximus.com,/elite-campaigns/,/replay-library/,false,true,7,4,1,false,false,true,true,false,false,false,false,false
Available export: 2026-07-14 to 2026-08-04 (22 days),2026-08-01,225701923.1783836780|1785574011,225701923.1783836780,1785574011,google,organic,(organic),1785574017559602,https://terminusmaximus.com/replay-library/,,https://terminusmaximus.com/,terminusmaximus.com,/,/replay-library/,false,true,4,3,1,false,false,true,true,false,false,false,false,false
Available export: 2026-07-14 to 2026-08-04 (22 days),2026-08-01,225701923.1783836780|1785605442,225701923.1783836780,1785605442,google,organic,(organic),1785605442383309,https://terminusmaximus.com/replay-library/?boss=Lion&tier=M1,boss=Lion&tier=M1,https://terminusmaximus.com/,terminusmaximus.com,,,true,false,1,1,1,false,true,false,false,false,false,false,false,false
Available export: 2026-07-14 to 2026-08-04 (22 days),2026-08-01,29092812.1785377185|1785602817,29092812.1785377185,1785602817,google,organic,(organic),1785602839490437,https://terminusmaximus.com/replay-library/,,https://terminusmaximus.com/,terminusmaximus.com,/,/replay-library/,false,true,11,10,1,false,false,true,true,false,false,false,false,false
Available export: 2026-07-14 to 2026-08-04 (22 days),2026-08-01,29092812.1785377185|1785605488,29092812.1785377185,1785605488,google,organic,(organic),1785605488795140,https://terminusmaximus.com/replay-library/?boss=Magnus&team=Custodes&map=Magnus_02,boss=Magnus&team=Custodes&map=Magnus_02,https://terminusmaximus.com/,terminusmaximus.com,,/replay-library/,true,false,2,2,1,false,false,true,true,false,false,false,false,false
Available export: 2026-07-14 to 2026-08-04 (22 days),2026-08-01,29092812.1785377185|1785644149,29092812.1785377185,1785644149,google,organic,(organic),1785644149196213,https://terminusmaximus.com/replay-library/?boss=Magnus&team=Custodes&map=Magnus_02&tier=L5,boss=Magnus&team=Custodes&map=Magnus_02&tier=L5,https://terminusmaximus.com/,terminusmaximus.com,,,true,false,1,1,1,false,true,false,false,false,false,false,false,false
Available export: 2026-07-14 to 2026-08-04 (22 days),2026-08-01,338536915.1784646557|1785569056,338536915.1784646557,1785569056,reddit,post,s105,1785569056482302,https://terminusmaximus.com/replay-library/?boss=Tervigon&team=Laviscus&map=Tervigon_04,boss=Tervigon&team=Laviscus&map=Tervigon_04,https://terminusmaximus.com/replay-library/?utm_source=reddit&utm_medium=post&utm_campaign=s105&boss=Avatar&team=Laviscus&map=Avatar_02&tier=L3,terminusmaximus.com,,/replay-library/,true,false,3,3,1,false,false,true,true,false,false,false,false,false
Available export: 2026-07-14 to 2026-08-04 (22 days),2026-08-01,338536915.1784646557|1785586815,338536915.1784646557,1785586815,reddit,post,s105,1785586816054225,https://terminusmaximus.com/replay-library/?boss=Riptide&team=Laviscus&map=Riptide_01,boss=Riptide&team=Laviscus&map=Riptide_01,https://terminusmaximus.com/replay-library/?utm_source=reddit&utm_medium=post&utm_campaign=s105&boss=Avatar&team=Laviscus&map=Avatar_02&tier=L3,terminusmaximus.com,,/replay-library/,true,false,5,5,1,false,false,true,true,false,false,false,false,false
Available export: 2026-07-14 to 2026-08-04 (22 days),2026-08-01,338536915.1784646557|1785593729,338536915.1784646557,1785593729,reddit,post,s105,1785593729377642,https://terminusmaximus.com/replay-library/?boss=Screamer&team=Laviscus&map=Screamer_01,boss=Screamer&team=Laviscus&map=Screamer_01,https://terminusmaximus.com/replay-library/?utm_source=reddit&utm_medium=post&utm_campaign=s105&boss=Avatar&team=Laviscus&map=Avatar_02&tier=L3,terminusmaximus.com,,,true,false,1,1,1,false,true,false,false,false,false,false,false,false
Available export: 2026-07-14 to 2026-08-04 (22 days),2026-08-01,359406148.1785126158|1785571581,359406148.1785126158,1785571581,(direct),(none),(direct),1785571581644281,https://terminusmaximus.com/replay-library/?boss=Mortarion&team=Laviscus&map=Mortarion_04,boss=Mortarion&team=Laviscus&map=Mortarion_04,https://terminusmaximus.com/replay-library/,terminusmaximus.com,,,true,false,1,1,1,false,true,false,false,false,false,false,false,false
Available export: 2026-07-14 to 2026-08-04 (22 days),2026-08-01,359406148.1785126158|1785574338,359406148.1785126158,1785574338,(direct),(none),(direct),1785574338523974,https://terminusmaximus.com/replay-library/?boss=Mortarion&team=Laviscus&map=Mortarion_04,boss=Mortarion&team=Laviscus&map=Mortarion_04,https://terminusmaximus.com/replay-library/,terminusmaximus.com,,/replay-library/,true,false,6,6,1,false,false,true,true,false,false,false,false,false
Available export: 2026-07-14 to 2026-08-04 (22 days),2026-08-01,39400617.1784402427|1785599322,39400617.1784402427,1785599322,google,organic,(organic),1785599334162417,https://terminusmaximus.com/replay-library/,,https://terminusmaximus.com/,terminusmaximus.com,/,/replay-library/,false,true,4,3,1,false,false,true,true,false,false,false,false,false
Available export: 2026-07-14 to 2026-08-04 (22 days),2026-08-01,437609154.1784144174|1785605400,437609154.1784144174,1785605400,reddit,post,s105,1785605403721830,https://terminusmaximus.com/replay-library/,,https://terminusmaximus.com/guild-raid/s105/?utm_source=reddit&utm_medium=post&utm_campaign=s105,terminusmaximus.com,/guild-raid/s105/,/replay-library/,false,true,4,3,1,false,false,true,true,false,false,false,false,false
Available export: 2026-07-14 to 2026-08-04 (22 days),2026-08-01,443211434.1783753937|1785582726,443211434.1783753937,1785582726,google,organic,(organic),1785582727101030,https://terminusmaximus.com/replay-library/,,,,,/replay-library/,true,false,3,3,1,false,false,true,true,false,false,false,false,false
Available export: 2026-07-14 to 2026-08-04 (22 days),2026-08-01,475659729.1785048966|1785646714,475659729.1785048966,1785646714,(direct),(none),(direct),1785646715244433,https://terminusmaximus.com/replay-library/?boss=Avatar&team=Laviscus&map=Avatar_02,boss=Avatar&team=Laviscus&map=Avatar_02,https://terminusmaximus.com/guild-raid/s105/,terminusmaximus.com,,,true,false,1,1,1,false,true,false,false,false,false,false,false,false
Available export: 2026-07-14 to 2026-08-04 (22 days),2026-08-01,485943286.1783635513|1785571727,485943286.1783635513,1785571727,(direct),(none),(direct),1785571725296515,https://terminusmaximus.com/replay-library/?boss=Magnus&team=Custodes&map=Magnus_02,boss=Magnus&team=Custodes&map=Magnus_02,https://terminusmaximus.com/guild-raid/boss-meta/,terminusmaximus.com,,/lre/lucius/,true,false,2,1,1,false,false,true,false,false,false,false,false,false
Available export: 2026-07-14 to 2026-08-04 (22 days),2026-08-01,485943286.1783635513|1785599888,485943286.1783635513,1785599888,(direct),(none),(direct),1785599895186279,https://terminusmaximus.com/replay-library/,,https://terminusmaximus.com/lre/lucius/,terminusmaximus.com,/lre/lucius/,/replay-library/,false,true,5,4,1,false,false,true,true,false,false,false,false,false
Available export: 2026-07-14 to 2026-08-04 (22 days),2026-08-01,490026077.1785603483|1785603483,490026077.1785603483,1785603483,(direct),(none),(direct),1785603483177463,https://terminusmaximus.com/replay-library/?boss=Szarekh&team=Battlesuits&map=Szarekh_04,boss=Szarekh&team=Battlesuits&map=Szarekh_04,https://terminusmaximus.com/beginner-guide/,terminusmaximus.com,,/replay-library/,true,false,7,7,1,false,false,true,true,false,false,false,false,false
Available export: 2026-07-14 to 2026-08-04 (22 days),2026-08-01,51749792.1785560313|1785572985,51749792.1785560313,1785572985,(direct),(none),(direct),1785572986027549,https://terminusmaximus.com/replay-library/,,https://terminusmaximus.com/replay-library/?boss=Mortarion&team=Neuro&map=Mortarion_04,terminusmaximus.com,,/replay-library/,true,false,7,6,2,true,false,true,true,false,false,false,false,false
Available export: 2026-07-14 to 2026-08-04 (22 days),2026-08-01,528877448.1785102306|1785627899,528877448.1785102306,1785627899,reddit,post,s106,1785627904928928,https://terminusmaximus.com/replay-library/,,https://terminusmaximus.com/,terminusmaximus.com,/,/replay-library/,false,true,3,2,1,false,false,true,true,false,false,false,false,false
Available export: 2026-07-14 to 2026-08-04 (22 days),2026-08-01,530596093.1780608947|1785568272,530596093.1780608947,1785568272,google,organic,(organic),1785568272504206,https://terminusmaximus.com/replay-library/?boss=Magnus&team=Custodes&map=Magnus_02&excludeHero=Helb,boss=Magnus&team=Custodes&map=Magnus_02&excludeHero=Helb,https://terminusmaximus.com/guild-raid/boss-meta/,terminusmaximus.com,,/replay-library/,true,false,6,6,1,false,false,true,true,false,false,false,false,false
Available export: 2026-07-14 to 2026-08-04 (22 days),2026-08-01,530596093.1780608947|1785599246,530596093.1780608947,1785599246,google,organic,(organic),1785599246394064,https://terminusmaximus.com/replay-library/?boss=Lion&team=Laviscus&map=Lion_03,boss=Lion&team=Laviscus&map=Lion_03,https://terminusmaximus.com/guild-raid/boss-meta/,terminusmaximus.com,,,true,false,1,1,1,false,true,false,false,false,false,false,false,false
Available export: 2026-07-14 to 2026-08-04 (22 days),2026-08-01,530596093.1780608947|1785607275,530596093.1780608947,1785607275,google,organic,(organic),1785607275526200,https://terminusmaximus.com/replay-library/?boss=Lion&team=Laviscus&map=Lion_03,boss=Lion&team=Laviscus&map=Lion_03,https://terminusmaximus.com/guild-raid/boss-meta/,terminusmaximus.com,,/replay-library/,true,false,2,2,1,false,false,true,true,false,false,false,false,false
Available export: 2026-07-14 to 2026-08-04 (22 days),2026-08-01,530596093.1780608947|1785623997,530596093.1780608947,1785623997,google,organic,(organic),1785623999345121,https://terminusmaximus.com/replay-library/?boss=Lion&team=Laviscus&map=Lion_03,boss=Lion&team=Laviscus&map=Lion_03,https://terminusmaximus.com/guild-raid/boss-meta/,terminusmaximus.com,,,true,false,1,1,1,false,true,false,false,false,false,false,false,false
Available export: 2026-07-14 to 2026-08-04 (22 days),2026-08-01,532901899.1784818070|1785594326,532901899.1784818070,1785594326,(direct),(none),(direct),1785594326514143,https://terminusmaximus.com/replay-library/,,,,,/replay-library/,true,false,4,4,1,false,false,true,true,false,false,false,false,false
Available export: 2026-07-14 to 2026-08-04 (22 days),2026-08-01,556245508.1780756168|1785583925,556245508.1780756168,1785583925,(direct),(none),(direct),1785583955589277,https://terminusmaximus.com/replay-library/,,https://terminusmaximus.com/campaign-event/,terminusmaximus.com,/campaign-event/,/,false,true,6,1,1,false,false,true,false,false,false,false,false,false
Available export: 2026-07-14 to 2026-08-04 (22 days),2026-08-01,570549203.1785144272|1785612859,570549203.1785144272,1785612859,google,organic,(organic),1785612859752184,https://terminusmaximus.com/replay-library/?boss=Magnus&map=Magnus_02,boss=Magnus&map=Magnus_02,https://terminusmaximus.com/guild-raid/s106/,terminusmaximus.com,,,true,false,1,1,1,false,true,false,false,false,false,false,false,false
Available export: 2026-07-14 to 2026-08-04 (22 days),2026-08-01,59682447.1783737056|1785641120,59682447.1783737056,1785641120,reddit,post,s105,1785641125467819,https://terminusmaximus.com/replay-library/?utm_source=reddit&utm_medium=post&utm_campaign=s105,utm_source=reddit&utm_medium=post&utm_campaign=s105,,,,/replay-library/,true,false,4,4,1,false,false,true,true,false,false,false,false,false
Available export: 2026-07-14 to 2026-08-04 (22 days),2026-08-01,64020879.1785601913|1785601913,64020879.1785601913,1785601913,reddit,post,s106,1785601931695285,https://terminusmaximus.com/replay-library/,,https://terminusmaximus.com/guild-raid/s106/?utm_source=reddit&utm_medium=post&utm_campaign=s106,terminusmaximus.com,/guild-raid/s106/,,false,true,2,1,1,false,false,true,false,false,false,false,false,false
Available export: 2026-07-14 to 2026-08-04 (22 days),2026-08-01,649768767.1784032736|1785601599,649768767.1784032736,1785601599,reddit,post,s105,1785601599695780,https://terminusmaximus.com/replay-library/?utm_source=reddit&utm_medium=post&utm_campaign=s105,utm_source=reddit&utm_medium=post&utm_campaign=s105,,,,/replay-library/,true,false,13,13,1,false,false,true,true,false,false,false,false,false
Available export: 2026-07-14 to 2026-08-04 (22 days),2026-08-01,700088952.1785346900|1785620923,700088952.1785346900,1785620923,google,organic,(organic),1785620927140590,https://terminusmaximus.com/replay-library/,,https://terminusmaximus.com/,terminusmaximus.com,/,/replay-library/,false,true,4,3,1,false,false,true,true,false,false,false,false,false
Available export: 2026-07-14 to 2026-08-04 (22 days),2026-08-01,700088952.1785346900|1785629610,700088952.1785346900,1785629610,google,organic,(organic),1785629616239707,https://terminusmaximus.com/replay-library/,,https://terminusmaximus.com/,terminusmaximus.com,/,/replay-library/,false,true,5,4,1,false,false,true,true,false,false,false,false,false
Available export: 2026-07-14 to 2026-08-04 (22 days),2026-08-01,754698492.1783205204|1785591988,754698492.1783205204,1785591988,(direct),(none),(direct),1785591989068859,https://terminusmaximus.com/replay-library/?boss=Mortarion&team=Laviscus&map=Mortarion_03,boss=Mortarion&team=Laviscus&map=Mortarion_03,https://terminusmaximus.com/guild-raid/,terminusmaximus.com,,,true,false,1,1,1,false,true,false,false,false,false,false,false,false
Available export: 2026-07-14 to 2026-08-04 (22 days),2026-08-01,754698492.1783205204|1785607716,754698492.1783205204,1785607716,(direct),(none),(direct),1785607722098877,https://terminusmaximus.com/replay-library/?boss=Mortarion&team=Laviscus&map=Mortarion_03,boss=Mortarion&team=Laviscus&map=Mortarion_03,https://terminusmaximus.com/guild-raid/,terminusmaximus.com,,,true,false,1,1,1,false,true,false,false,false,false,false,false,false
Available export: 2026-07-14 to 2026-08-04 (22 days),2026-08-01,767252580.1785261185|1785589546,767252580.1785261185,1785589546,reddit,post,s106,1785589547122545,https://terminusmaximus.com/replay-library/?boss=Lion,boss=Lion,https://terminusmaximus.com/guild-raid/s106/?utm_source=reddit&utm_medium=post&utm_campaign=s106,terminusmaximus.com,,,true,false,1,1,1,false,true,false,false,false,false,false,false,false
Available export: 2026-07-14 to 2026-08-04 (22 days),2026-08-01,767252580.1785261185|1785597987,767252580.1785261185,1785597987,reddit,post,s106,1785597988427553,https://terminusmaximus.com/replay-library/?boss=Lion,boss=Lion,https://terminusmaximus.com/guild-raid/s106/?utm_source=reddit&utm_medium=post&utm_campaign=s106,terminusmaximus.com,,/replay-library/,true,false,3,3,1,false,false,true,true,false,false,false,false,false
Available export: 2026-07-14 to 2026-08-04 (22 days),2026-08-01,767252580.1785261185|1785620358,767252580.1785261185,1785620358,reddit,post,s106,1785620359130728,https://terminusmaximus.com/replay-library/?boss=Mortarion&map=Mortarion_04,boss=Mortarion&map=Mortarion_04,https://terminusmaximus.com/guild-raid/s106/?utm_source=reddit&utm_medium=post&utm_campaign=s106,terminusmaximus.com,,,true,false,1,1,1,false,true,false,false,false,false,false,false,false
Available export: 2026-07-14 to 2026-08-04 (22 days),2026-08-01,84812924.1783836281|1785610851,84812924.1783836281,1785610851,google,organic,(organic),1785610851995074,https://terminusmaximus.com/replay-library/,,https://www.google.com/,www.google.com,,/replay-library/,true,false,4,4,1,false,false,true,true,false,false,false,false,false
Available export: 2026-07-14 to 2026-08-04 (22 days),2026-08-01,84812924.1783836281|1785613739,84812924.1783836281,1785613739,google,organic,(organic),1785613739220481,https://terminusmaximus.com/replay-library/,,,,,,true,false,1,1,1,false,true,false,false,false,false,false,false,false
Available export: 2026-07-14 to 2026-08-04 (22 days),2026-08-01,88011080.1784934505|1785500421,88011080.1784934505,1785500421,reddit,post,s106,1785616352951272,https://terminusmaximus.com/replay-library/?team=Laviscus,team=Laviscus,,,,,true,false,1,1,1,false,true,false,false,false,false,false,false,false
Available export: 2026-07-14 to 2026-08-04 (22 days),2026-08-01,88011080.1784934505|1785505124,88011080.1784934505,1785505124,reddit,post,s106,1785621055659368,https://terminusmaximus.com/replay-library/?team=Laviscus,team=Laviscus,,,,/replay-library/,true,false,5,5,1,false,false,true,true,false,false,false,false,false
Available export: 2026-07-14 to 2026-08-04 (22 days),2026-08-01,88011080.1784934505|1785507777,88011080.1784934505,1785507777,reddit,post,s106,1785623708723835,https://terminusmaximus.com/replay-library/?boss=Avatar&team=Laviscus&map=Avatar_05&excludeHero=Kharn,boss=Avatar&team=Laviscus&map=Avatar_05&excludeHero=Kharn,https://terminusmaximus.com/replay-library/?boss=Avatar&team=Laviscus&map=Avatar_05,terminusmaximus.com,,,true,false,1,1,1,false,true,false,false,false,false,false,false,false
Available export: 2026-07-14 to 2026-08-04 (22 days),2026-08-01,88011080.1784934505|1785514955,88011080.1784934505,1785514955,reddit,post,s106,1785630887025441,https://terminusmaximus.com/replay-library/?boss=Avatar&map=Avatar_05,boss=Avatar&map=Avatar_05,https://terminusmaximus.com/replay-library/?boss=Avatar&team=Laviscus&map=Avatar_05&excludeHero=Kharn,terminusmaximus.com,,/replay-library/,true,false,9,9,1,false,false,true,true,false,false,false,false,false
Available export: 2026-07-14 to 2026-08-04 (22 days),2026-08-01,88011080.1784934505|1785519141,88011080.1784934505,1785519141,reddit,post,s106,1785644754680293,https://terminusmaximus.com/replay-library/?team=Custodes,team=Custodes,https://terminusmaximus.com/replay-library/?boss=Avatar&map=Avatar_05,terminusmaximus.com,,,true,false,1,1,1,false,true,false,false,false,false,false,false,false
Available export: 2026-07-14 to 2026-08-04 (22 days),2026-08-01,882373833.1783651698|1785608780,882373833.1783651698,1785608780,(direct),(none),(direct),1785608786300763,https://terminusmaximus.com/replay-library/,,https://terminusmaximus.com/,terminusmaximus.com,,/replay-library/,true,false,9,9,1,false,false,true,true,false,false,false,false,false
Available export: 2026-07-14 to 2026-08-04 (22 days),2026-08-01,882805798.1785425639|1785569275,882805798.1785425639,1785569275,google,organic,(organic),1785569277830562,https://terminusmaximus.com/replay-library/,,https://terminusmaximus.com/,terminusmaximus.com,/,/replay-library/,false,true,8,6,2,true,false,true,true,false,false,false,false,false
Available export: 2026-07-14 to 2026-08-04 (22 days),2026-08-01,882805798.1785425639|1785577844,882805798.1785425639,1785577844,google,organic,(organic),1785577849776371,https://terminusmaximus.com/replay-library/,,https://terminusmaximus.com/replay-library/?boss=Mortarion&team=Laviscus&map=Mortarion_04,terminusmaximus.com,,,true,false,1,1,1,false,true,false,false,false,false,false,false,false
Available export: 2026-07-14 to 2026-08-04 (22 days),2026-08-01,938304747.1785649074|1785649074,938304747.1785649074,1785649074,(direct),(none),(direct),1785649074451911,https://terminusmaximus.com/replay-library/?boss=Magnus&team=Custodes&excludeHero=Aesoth&excludeHero=Atla&excludeHero=Helb,boss=Magnus&team=Custodes&excludeHero=Aesoth&excludeHero=Atla&excludeHero=Helb,https://terminusmaximus.com/beginner-guide/,terminusmaximus.com,,/replay-library/,true,false,3,2,1,false,false,true,true,false,false,false,false,false
Available export: 2026-07-14 to 2026-08-04 (22 days),2026-08-01,952805471.1783197340|1785571804,952805471.1783197340,1785571804,(direct),(none),(direct),1785571823307840,https://terminusmaximus.com/replay-library/,,https://terminusmaximus.com/,terminusmaximus.com,/,/replay-library/,false,true,5,4,1,false,false,true,true,false,false,false,false,false
Available export: 2026-07-14 to 2026-08-04 (22 days),2026-08-02,1014071690.1785675807|1785675807,1014071690.1785675807,1785675807,(direct),(none),(direct),1785675808100384,https://terminusmaximus.com/replay-library/,,,,,/replay-library/,true,false,2,2,1,false,false,true,true,false,false,false,false,false
Available export: 2026-07-14 to 2026-08-04 (22 days),2026-08-02,1027542267.1785667272|1785667272,1027542267.1785667272,1785667272,(direct),(none),(direct),1785667273441648,https://terminusmaximus.com/replay-library/,,,,,,true,false,1,1,1,false,true,false,false,false,false,false,false,false
Available export: 2026-07-14 to 2026-08-04 (22 days),2026-08-02,1094022816.1785389728|1785729604,1094022816.1785389728,1785729604,(direct),(none),(direct),1785729604264030,https://terminusmaximus.com/replay-library/?boss=Dorn&team=Laviscus&map=Dorn_03,boss=Dorn&team=Laviscus&map=Dorn_03,,,,/replay-library/,true,false,7,7,1,false,false,true,true,false,false,false,false,false
Available export: 2026-07-14 to 2026-08-04 (22 days),2026-08-02,111613413.1784280081|1785681448,111613413.1784280081,1785681448,google,organic,(organic),1785681448054314,https://terminusmaximus.com/replay-library/?boss=Screamer&map=Screamer_01,boss=Screamer&map=Screamer_01,https://terminusmaximus.com/guild-raid/boss-meta/,terminusmaximus.com,,/replay-library/,true,false,3,3,1,false,false,true,true,false,false,false,false,false
Available export: 2026-07-14 to 2026-08-04 (22 days),2026-08-02,111613413.1784280081|1785693060,111613413.1784280081,1785693060,google,organic,(organic),1785693059814910,https://terminusmaximus.com/replay-library/?boss=Ghaz,boss=Ghaz,https://terminusmaximus.com/replay-library/?boss=Avatar&map=Avatar_05,terminusmaximus.com,,/replay-library/,true,false,2,2,1,false,false,true,true,false,false,false,false,false
Available export: 2026-07-14 to 2026-08-04 (22 days),2026-08-02,1122305543.1780944578|1785696102,1122305543.1780944578,1785696102,reddit,post,mow2026,1785696103322241,https://terminusmaximus.com/replay-library/?boss=Magnus&map=Magnus_02,boss=Magnus&map=Magnus_02,,,,/replay-library/,true,false,6,6,1,false,false,true,true,false,false,false,false,false
Available export: 2026-07-14 to 2026-08-04 (22 days),2026-08-02,1135418742.1785729688|1785729688,1135418742.1785729688,1785729688,duckduckgo,organic,(organic),1785729689970105,https://terminusmaximus.com/replay-library/,,https://duckduckgo.com/,duckduckgo.com,,/replay-library/,true,false,2,2,1,false,false,true,true,false,false,false,false,false
Available export: 2026-07-14 to 2026-08-04 (22 days),2026-08-02,1140518834.1780544577|1785715899,1140518834.1780544577,1785715899,(direct),(none),(direct),1785715927073304,https://terminusmaximus.com/replay-library/,,https://terminusmaximus.com/,terminusmaximus.com,/,/replay-library/,false,true,20,16,3,true,false,true,true,false,false,false,false,false
Available export: 2026-07-14 to 2026-08-04 (22 days),2026-08-02,1145549701.1785713411|1785713410,1145549701.1785713411,1785713410,(direct),(none),(direct),1785713411044187,https://terminusmaximus.com/replay-library/?team=Neuro&hero=Winged,team=Neuro&hero=Winged,,,,/replay-library/,true,false,3,3,1,false,false,true,true,false,false,false,false,false
Available export: 2026-07-14 to 2026-08-04 (22 days),2026-08-02,1156145934.1785694308|1785694307,1156145934.1785694308,1785694307,google,organic,(organic),1785694310177227,https://terminusmaximus.com/replay-library/,,https://terminusmaximus.com/,terminusmaximus.com,/,/replay-library/,false,true,4,3,1,false,false,true,true,false,false,false,false,false
Available export: 2026-07-14 to 2026-08-04 (22 days),2026-08-02,1165185475.1781299505|1785678237,1165185475.1781299505,1785678237,reddit,post,cezare-hre,1785678338783102,https://terminusmaximus.com/replay-library/,,https://terminusmaximus.com/elite-campaigns/,terminusmaximus.com,/elite-campaigns/,/events/,false,true,11,1,1,false,false,true,false,false,false,false,false,false
Available export: 2026-07-14 to 2026-08-04 (22 days),2026-08-02,1170678472.1785330752|1785717860,1170678472.1785330752,1785717860,reddit,post,s106,1785717860446520,https://terminusmaximus.com/replay-library/,,https://terminusmaximus.com/replay-library/?boss=Lion&tier=M1,terminusmaximus.com,,/replay-library/,true,false,5,5,1,false,false,true,true,false,false,false,false,false
Available export: 2026-07-14 to 2026-08-04 (22 days),2026-08-02,1170678472.1785330752|1785722642,1170678472.1785330752,1785722642,reddit,post,s106,1785722642913770,https://terminusmaximus.com/replay-library/?boss=Mortarion&team=Laviscus&map=Mortarion_04,boss=Mortarion&team=Laviscus&map=Mortarion_04,https://terminusmaximus.com/replay-library/?boss=Lion&tier=M1,terminusmaximus.com,,,true,false,1,1,1,false,true,false,false,false,false,false,false,false
Available export: 2026-07-14 to 2026-08-04 (22 days),2026-08-02,1170678472.1785330752|1785732616,1170678472.1785330752,1785732616,reddit,post,s106,1785732616377695,https://terminusmaximus.com/replay-library/?boss=Mortarion&team=Laviscus&map=Mortarion_04,boss=Mortarion&team=Laviscus&map=Mortarion_04,https://terminusmaximus.com/replay-library/?boss=Lion&tier=M1,terminusmaximus.com,,,true,false,1,1,1,false,true,false,false,false,false,false,false,false
Available export: 2026-07-14 to 2026-08-04 (22 days),2026-08-02,1186765260.1784277452|1785671523,1186765260.1784277452,1785671523,discord,post,boss-meta,1785671523969875,https://terminusmaximus.com/replay-library/?boss=Cawl&team=Neuro,boss=Cawl&team=Neuro,,,,/replay-library/,true,false,7,7,1,false,false,true,true,false,false,false,false,false
Available export: 2026-07-14 to 2026-08-04 (22 days),2026-08-02,1186765260.1784277452|1785699538,1186765260.1784277452,1785699538,discord,post,boss-meta,1785699538323831,https://terminusmaximus.com/replay-library/?boss=Ghaz&team=Battlesuits&map=Ghaz_02,boss=Ghaz&team=Battlesuits&map=Ghaz_02,,,,/replay-library/,true,false,5,3,2,true,false,true,true,false,false,false,false,false
Available export: 2026-07-14 to 2026-08-04 (22 days),2026-08-02,1197136900.1785666563|1785666562,1197136900.1785666563,1785666562,(direct),(none),(direct),1785666562718008,https://terminusmaximus.com/replay-library/,,,,,,true,false,1,1,1,false,true,false,false,false,false,false,false,false
Available export: 2026-07-14 to 2026-08-04 (22 days),2026-08-02,1226819984.1784128159|1785733918,1226819984.1784128159,1785733918,(direct),(none),(direct),1785733920313628,https://terminusmaximus.com/replay-library/?boss=Ghaz,boss=Ghaz,https://terminusmaximus.com/replay-library/?boss=Mortarion&map=Mortarion_04,terminusmaximus.com,,/replay-library/,true,false,3,2,1,false,false,true,true,false,false,false,false,false
Available export: 2026-07-14 to 2026-08-04 (22 days),2026-08-02,1229365755.1782736106|1785658774,1229365755.1782736106,1785658774,google,organic,(organic),1785658778155966,https://terminusmaximus.com/replay-library/,,https://terminusmaximus.com/,terminusmaximus.com,/,/replay-library/,false,true,6,5,1,false,false,true,true,false,false,false,false,false
Available export: 2026-07-14 to 2026-08-04 (22 days),2026-08-02,1248298120.1784135033|1785691245,1248298120.1784135033,1785691245,reddit,post,s105,1785691245959907,https://terminusmaximus.com/replay-library/?utm_source=reddit&utm_medium=post&utm_campaign=s105,utm_source=reddit&utm_medium=post&utm_campaign=s105,,,,/replay-library/,true,false,3,3,1,false,false,true,true,false,false,false,false,false
Available export: 2026-07-14 to 2026-08-04 (22 days),2026-08-02,1248298120.1784135033|1785693570,1248298120.1784135033,1785693570,reddit,post,s105,1785693571376528,https://terminusmaximus.com/replay-library/?utm_source=reddit&utm_medium=post&utm_campaign=s105&boss=Mortarion&map=Mortarion_04,utm_source=reddit&utm_medium=post&utm_campaign=s105&boss=Mortarion&map=Mortarion_04,,,,,true,false,1,1,1,false,true,false,false,false,false,false,false,false
Available export: 2026-07-14 to 2026-08-04 (22 days),2026-08-02,1248298120.1784135033|1785697476,1248298120.1784135033,1785697476,reddit,post,s105,1785697476696791,https://terminusmaximus.com/replay-library/?utm_source=reddit&utm_medium=post&utm_campaign=s105&boss=Mortarion&map=Mortarion_04,utm_source=reddit&utm_medium=post&utm_campaign=s105&boss=Mortarion&map=Mortarion_04,,,,,true,false,1,1,1,false,true,false,false,false,false,false,false,false
Available export: 2026-07-14 to 2026-08-04 (22 days),2026-08-02,1248298120.1784135033|1785706580,1248298120.1784135033,1785706580,reddit,post,s105,1785706595847567,https://terminusmaximus.com/replay-library/?utm_source=reddit&utm_medium=post&utm_campaign=s105&boss=Mortarion&map=Mortarion_04,utm_source=reddit&utm_medium=post&utm_campaign=s105&boss=Mortarion&map=Mortarion_04,,,,/replay-library/,true,false,2,2,1,false,false,true,true,false,false,false,false,false
Available export: 2026-07-14 to 2026-08-04 (22 days),2026-08-02,1285010576.1785685639|1785685638,1285010576.1785685639,1785685638,google,organic,(organic),1785685704385957,https://terminusmaximus.com/replay-library/,,https://terminusmaximus.com/lre/lysander/,terminusmaximus.com,/hre/,/replay-library/,false,true,5,3,1,false,false,true,true,false,false,false,false,false
Available export: 2026-07-14 to 2026-08-04 (22 days),2026-08-02,1329647486.1784224950|1785686376,1329647486.1784224950,1785686376,google,organic,(organic),1785686377869505,https://terminusmaximus.com/replay-library/,,https://www.google.com/,www.google.com,,/replay-library/,true,false,4,4,1,false,false,true,true,false,false,false,false,false
Available export: 2026-07-14 to 2026-08-04 (22 days),2026-08-02,1329647486.1784224950|1785699939,1329647486.1784224950,1785699939,google,organic,(organic),1785699940784895,https://terminusmaximus.com/replay-library/?boss=Mortarion&map=Mortarion_04,boss=Mortarion&map=Mortarion_04,https://www.google.com/,www.google.com,,,true,false,1,1,1,false,true,false,false,false,false,false,false,false
Available export: 2026-07-14 to 2026-08-04 (22 days),2026-08-02,1344461387.1782793344|1785699650,1344461387.1782793344,1785699650,google,organic,(organic),1785699651269341,https://terminusmaximus.com/replay-library/?boss=Lion&tier=M1,boss=Lion&tier=M1,https://terminusmaximus.com/guild-raid/boss-meta/,terminusmaximus.com,,/replay-library/,true,false,6,4,1,false,false,true,true,false,false,false,false,false
Available export: 2026-07-14 to 2026-08-04 (22 days),2026-08-02,1353535791.1784042323|1785691415,1353535791.1784042323,1785691415,reddit,post,s105,1785691416312833,https://terminusmaximus.com/replay-library/,,,,,/replay-library/,true,false,7,7,1,false,false,true,true,false,false,false,false,false
Available export: 2026-07-14 to 2026-08-04 (22 days),2026-08-02,1357613867.1785681153|1785681153,1357613867.1785681153,1785681153,reddit,post,s106,1785681153572343,https://terminusmaximus.com/replay-library/?utm_source=reddit&utm_medium=post&utm_campaign=s106,utm_source=reddit&utm_medium=post&utm_campaign=s106,https://www.reddit.com/,www.reddit.com,,/replay-library/,true,false,4,3,1,false,false,true,true,false,false,false,false,false
Available export: 2026-07-14 to 2026-08-04 (22 days),2026-08-02,1379984409.1785456203|1785720011,1379984409.1785456203,1785720011,reddit,post,s106,1785720013857710,https://terminusmaximus.com/replay-library/?utm_source=reddit&utm_medium=post&utm_campaign=s106&boss=Ghaz&team=Battlesuits&map=Ghaz_02,utm_source=reddit&utm_medium=post&utm_campaign=s106&boss=Ghaz&team=Battlesuits&map=Ghaz_02,,,,/replay-library/,true,false,5,5,1,false,false,true,true,false,false,false,false,false
Available export: 2026-07-14 to 2026-08-04 (22 days),2026-08-02,1388672221.1785450617|1785701486,1388672221.1785450617,1785701486,reddit,post,s106,1785701486840343,https://terminusmaximus.com/replay-library/?utm_source=reddit&utm_medium=post&utm_campaign=s106&fbclid=IwY2xjawTcg71wZG9mBWV4dG4DYWVtAjExAHNydGMGYXBwX2lkDDM1MDY4NTUzMTcyOAABHpGU1-sItYTXR1YCNFtz6fTIDQJWxjSjXOTnZSzKSgwDvccr1AHGv3mX6P-M_aem_7pIbxPggBunlh5DfA5ViDg,utm_source=reddit&utm_medium=post&utm_campaign=s106&fbclid=IwY2xjawTcg71wZG9mBWV4dG4DYWVtAjExAHNydGMGYXBwX2lkDDM1MDY4NTUzMTcyOAABHpGU1-sItYTXR1YCNFtz6fTIDQJWxjSjXOTnZSzKSgwDvccr1AHGv3mX6P-M_aem_7pIbxPggBunlh5DfA5ViDg,https://l.facebook.com/,l.facebook.com,,/replay-library/,true,false,5,5,1,false,false,true,true,false,false,false,false,false
Available export: 2026-07-14 to 2026-08-04 (22 days),2026-08-02,13997827.1785407114|1785660746,13997827.1785407114,1785660746,(direct),(none),(direct),1785660751875711,https://terminusmaximus.com/replay-library/,,https://terminusmaximus.com/guild-raid/boss-meta/,terminusmaximus.com,,/replay-library/,true,false,5,5,1,false,false,true,true,false,false,false,false,false
Available export: 2026-07-14 to 2026-08-04 (22 days),2026-08-02,13997827.1785407114|1785707366,13997827.1785407114,1785707366,(direct),(none),(direct),1785707366878350,https://terminusmaximus.com/replay-library/?boss=Ghaz&team=Laviscus&map=Ghaz_02,boss=Ghaz&team=Laviscus&map=Ghaz_02,https://terminusmaximus.com/guild-raid/boss-meta/,terminusmaximus.com,,/replay-library/,true,false,2,2,1,false,false,true,true,false,false,false,false,false
Available export: 2026-07-14 to 2026-08-04 (22 days),2026-08-02,1435199393.1785386945|1785707700,1435199393.1785386945,1785707700,google,organic,(organic),1785707700923762,https://terminusmaximus.com/replay-library/?boss=Lion&map=Lion_03,boss=Lion&map=Lion_03,https://terminusmaximus.com/,terminusmaximus.com,,,true,false,1,1,1,false,true,false,false,false,false,false,false,false
Available export: 2026-07-14 to 2026-08-04 (22 days),2026-08-02,1435199393.1785386945|1785711645,1435199393.1785386945,1785711645,google,organic,(organic),1785711645745958,https://terminusmaximus.com/replay-library/?boss=Lion&map=Lion_03,boss=Lion&map=Lion_03,https://terminusmaximus.com/,terminusmaximus.com,,/,true,false,2,1,1,false,false,true,false,false,false,false,false,false
Available export: 2026-07-14 to 2026-08-04 (22 days),2026-08-02,1440375902.1785719801|1785719801,1440375902.1785719801,1785719801,google,organic,(organic),1785719809237085,https://terminusmaximus.com/replay-library/,,https://terminusmaximus.com/,terminusmaximus.com,/,/replay-library/,false,true,7,6,1,false,false,true,true,false,false,false,false,false
Available export: 2026-07-14 to 2026-08-04 (22 days),2026-08-02,1487452558.1785626997|1785732744,1487452558.1785626997,1785732744,youtube.com,referral,(referral),1785732775312981,https://terminusmaximus.com/replay-library/,,https://terminusmaximus.com/beginner-guide/,terminusmaximus.com,/beginner-guide/,/campaigns/indomitus/,false,true,9,2,2,true,false,true,true,false,false,false,false,false
Available export: 2026-07-14 to 2026-08-04 (22 days),2026-08-02,1518343288.1785015770|1785712282,1518343288.1785015770,1785712282,reddit,post,s105,1785712294570366,https://terminusmaximus.com/replay-library/?boss=Avatar,boss=Avatar,,,,/replay-library/,true,false,3,3,1,false,false,true,true,false,false,false,false,false
Available export: 2026-07-14 to 2026-08-04 (22 days),2026-08-02,1520165871.1784095012|1785659867,1520165871.1784095012,1785659867,google,organic,(organic),1785659868282842,https://terminusmaximus.com/replay-library/?boss=Mortarion&team=Laviscus&map=Mortarion_02_01&tier=M2,boss=Mortarion&team=Laviscus&map=Mortarion_02_01&tier=M2,https://www.google.com/,www.google.com,,,true,false,1,1,1,false,true,false,false,false,false,false,false,false
Available export: 2026-07-14 to 2026-08-04 (22 days),2026-08-02,1520165871.1784095012|1785714723,1520165871.1784095012,1785714723,google,organic,(organic),1785714724052434,https://terminusmaximus.com/replay-library/,,,,,/replay-library/,true,false,4,4,1,false,false,true,true,false,false,false,false,false
Available export: 2026-07-14 to 2026-08-04 (22 days),2026-08-02,1543694110.1780440876|1785696213,1543694110.1780440876,1785696213,reddit,post,ce,1785696215858774,https://terminusmaximus.com/replay-library/,,https://terminusmaximus.com/,terminusmaximus.com,/,/replay-library/,false,true,14,13,1,false,false,true,true,false,false,false,false,false
Available export: 2026-07-14 to 2026-08-04 (22 days),2026-08-02,1572088375.1785716667|1785716667,1572088375.1785716667,1785716667,(direct),(none),(direct),1785716681135152,https://terminusmaximus.com/replay-library/,,https://terminusmaximus.com/,terminusmaximus.com,/,/,false,true,10,1,1,false,false,true,false,false,false,false,false,false
Available export: 2026-07-14 to 2026-08-04 (22 days),2026-08-02,1579534942.1785329290|1785676860,1579534942.1785329290,1785676860,google,organic,(organic),1785676870373676,https://terminusmaximus.com/replay-library/,,https://terminusmaximus.com/,terminusmaximus.com,/,/replay-library/,false,true,10,9,1,false,false,true,true,false,false,false,false,false
Available export: 2026-07-14 to 2026-08-04 (22 days),2026-08-02,1581834745.1784223577|1785690041,1581834745.1784223577,1785690041,(direct),(none),(direct),1785690041095687,https://terminusmaximus.com/replay-library/,,,,,/replay-library/,true,false,5,5,1,false,false,true,true,false,false,false,false,false
Available export: 2026-07-14 to 2026-08-04 (22 days),2026-08-02,1588417922.1784829813|1785675890,1588417922.1784829813,1785675890,(direct),(none),(direct),1785675890229838,https://terminusmaximus.com/replay-library/?boss=Lion,boss=Lion,https://terminusmaximus.com/,terminusmaximus.com,,,true,false,1,1,1,false,true,false,false,false,false,false,false,false
Available export: 2026-07-14 to 2026-08-04 (22 days),2026-08-02,1588417922.1784829813|1785683068,1588417922.1784829813,1785683068,(direct),(none),(direct),1785683067565166,https://terminusmaximus.com/replay-library/?boss=Lion,boss=Lion,https://terminusmaximus.com/,terminusmaximus.com,,,true,false,1,1,1,false,true,false,false,false,false,false,false,false
Available export: 2026-07-14 to 2026-08-04 (22 days),2026-08-02,1615296824.1785480531|1785711747,1615296824.1785480531,1785711747,(direct),(none),(direct),1785711748589493,https://terminusmaximus.com/replay-library/,,,,,/replay-library/,true,false,9,9,1,false,false,true,true,false,false,false,false,false
Available export: 2026-07-14 to 2026-08-04 (22 days),2026-08-02,1617973791.1784216272|1785673320,1617973791.1784216272,1785673320,(direct),(none),(direct),1785673320806620,https://terminusmaximus.com/replay-library/,,,,,/replay-library/,true,false,3,3,1,false,false,true,true,false,false,false,false,false
Available export: 2026-07-14 to 2026-08-04 (22 days),2026-08-02,163960045.1785728439|1785728438,163960045.1785728439,1785728438,reddit,post,ce,1785728473573743,https://terminusmaximus.com/replay-library/,,https://terminusmaximus.com/?utm_source=reddit&utm_medium=post&utm_campaign=ce,terminusmaximus.com,/,/,false,true,5,1,1,false,false,true,false,false,false,false,false,false
Available export: 2026-07-14 to 2026-08-04 (22 days),2026-08-02,1645849948.1785720101|1785720101,1645849948.1785720101,1785720101,google,organic,(organic),1785720102348074,https://terminusmaximus.com/replay-library/,,https://www.google.com/,www.google.com,,,true,false,1,1,1,false,true,false,false,false,false,false,false,false
Available export: 2026-07-14 to 2026-08-04 (22 days),2026-08-02,1646570964.1785131230|1785702518,1646570964.1785131230,1785702518,(direct),(none),(direct),1785702545172821,https://terminusmaximus.com/replay-library/,,https://terminusmaximus.com/beginner-guide/,terminusmaximus.com,/beginner-guide/,/elite-campaigns/,false,true,5,1,1,false,false,true,false,false,false,false,false,false
Available export: 2026-07-14 to 2026-08-04 (22 days),2026-08-02,1660234592.1785657135|1785657134,1660234592.1785657135,1785657134,reddit,post,boss-meta,1785657234433874,https://terminusmaximus.com/replay-library/,,https://terminusmaximus.com/guild-raid/boss-meta/?utm_source=reddit&utm_medium=post&utm_campaign=boss-meta,terminusmaximus.com,/guild-raid/boss-meta/,,false,true,2,1,1,false,false,true,false,false,false,false,false,false
Available export: 2026-07-14 to 2026-08-04 (22 days),2026-08-02,1673564512.1785462810|1785660147,1673564512.1785462810,1785660147,google,organic,(organic),1785660149453654,https://terminusmaximus.com/replay-library/,,https://terminusmaximus.com/,terminusmaximus.com,/,,false,true,2,1,1,false,false,true,false,false,false,false,false,false
Available export: 2026-07-14 to 2026-08-04 (22 days),2026-08-02,1694406866.1781479955|1785674440,1694406866.1781479955,1785674440,reddit,post,mow2026,1785674440715008,https://terminusmaximus.com/replay-library/,,https://terminusmaximus.com/?utm_source=reddit&utm_medium=post&utm_campaign=mow2026,terminusmaximus.com,/,/replay-library/,false,true,6,4,2,true,false,true,true,false,false,false,false,false
Available export: 2026-07-14 to 2026-08-04 (22 days),2026-08-02,1694406866.1781479955|1785678197,1694406866.1781479955,1785678197,reddit,post,mow2026,1785678198870770,https://terminusmaximus.com/replay-library/,,https://terminusmaximus.com/?utm_source=reddit&utm_medium=post&utm_campaign=mow2026,terminusmaximus.com,/,/replay-library/,false,true,4,3,1,false,false,true,true,false,false,false,false,false
Available export: 2026-07-14 to 2026-08-04 (22 days),2026-08-02,1694406866.1781479955|1785688188,1694406866.1781479955,1785688188,reddit,post,mow2026,1785688185111286,https://terminusmaximus.com/replay-library/,,https://terminusmaximus.com/?utm_source=reddit&utm_medium=post&utm_campaign=mow2026,terminusmaximus.com,/,/replay-library/,false,true,4,3,1,false,false,true,true,false,false,false,false,false
Available export: 2026-07-14 to 2026-08-04 (22 days),2026-08-02,1694406866.1781479955|1785696988,1694406866.1781479955,1785696988,reddit,post,mow2026,1785696985858713,https://terminusmaximus.com/replay-library/,,https://terminusmaximus.com/?utm_source=reddit&utm_medium=post&utm_campaign=mow2026,terminusmaximus.com,/,/replay-library/,false,true,10,7,2,true,false,true,true,false,false,false,false,false
Available export: 2026-07-14 to 2026-08-04 (22 days),2026-08-02,1694406866.1781479955|1785703844,1694406866.1781479955,1785703844,reddit,post,mow2026,1785703845954046,https://terminusmaximus.com/replay-library/,,https://terminusmaximus.com/?utm_source=reddit&utm_medium=post&utm_campaign=mow2026,terminusmaximus.com,/,/replay-library/,false,true,5,4,1,false,false,true,true,false,false,false,false,false
Available export: 2026-07-14 to 2026-08-04 (22 days),2026-08-02,1694406866.1781479955|1785709598,1694406866.1781479955,1785709598,reddit,post,mow2026,1785709599937161,https://terminusmaximus.com/replay-library/,,https://terminusmaximus.com/?utm_source=reddit&utm_medium=post&utm_campaign=mow2026,terminusmaximus.com,/,/replay-library/,false,true,5,4,1,false,false,true,true,false,false,false,false,false
Available export: 2026-07-14 to 2026-08-04 (22 days),2026-08-02,1694406866.1781479955|1785720769,1694406866.1781479955,1785720769,reddit,post,mow2026,1785720765839057,https://terminusmaximus.com/replay-library/,,https://terminusmaximus.com/?utm_source=reddit&utm_medium=post&utm_campaign=mow2026,terminusmaximus.com,/,/replay-library/,false,true,5,4,1,false,false,true,true,false,false,false,false,false
Available export: 2026-07-14 to 2026-08-04 (22 days),2026-08-02,1725216144.1784022023|1785655653,1725216144.1784022023,1785655653,google,organic,(organic),1785655674992122,https://terminusmaximus.com/replay-library/,,https://terminusmaximus.com/guild-raid/s105/,terminusmaximus.com,/guild-raid/s105/,/guild-raid/s105/,false,true,5,1,1,false,false,true,false,false,false,false,false,false
Available export: 2026-07-14 to 2026-08-04 (22 days),2026-08-02,1751120499.1785358777|1785666977,1751120499.1785358777,1785666977,(direct),(none),(direct),1785666978119063,https://terminusmaximus.com/replay-library/,,,,,/replay-library/,true,false,4,4,1,false,false,true,true,false,false,false,false,false
Available export: 2026-07-14 to 2026-08-04 (22 days),2026-08-02,1784678737.1784129889|1785664054,1784678737.1784129889,1785664054,reddit,post,s105,1785664054744846,https://terminusmaximus.com/replay-library/?boss=Dorn&team=AdMech&map=Dorn_03,boss=Dorn&team=AdMech&map=Dorn_03,https://terminusmaximus.com/replay-library/?boss=Riptide&team=AdMech&map=Riptide_01,terminusmaximus.com,,/replay-library/,true,false,5,5,1,false,false,true,true,false,false,false,false,false
Available export: 2026-07-14 to 2026-08-04 (22 days),2026-08-02,1784678737.1784129889|1785680304,1784678737.1784129889,1785680304,reddit,post,s105,1785680304934115,https://terminusmaximus.com/replay-library/?boss=Avatar&team=AdMech&map=Avatar_05,boss=Avatar&team=AdMech&map=Avatar_05,https://terminusmaximus.com/replay-library/?boss=Dorn&team=AdMech&map=Dorn_03,terminusmaximus.com,,,true,false,1,1,1,false,true,false,false,false,false,false,false,false
Available export: 2026-07-14 to 2026-08-04 (22 days),2026-08-02,1784678737.1784129889|1785699456,1784678737.1784129889,1785699456,reddit,post,s105,1785699457016625,https://terminusmaximus.com/replay-library/?boss=Avatar&team=AdMech&map=Avatar_05,boss=Avatar&team=AdMech&map=Avatar_05,https://terminusmaximus.com/replay-library/?boss=Dorn&team=AdMech&map=Dorn_03,terminusmaximus.com,,,true,false,1,1,1,false,true,false,false,false,false,false,false,false
Available export: 2026-07-14 to 2026-08-04 (22 days),2026-08-02,1784678737.1784129889|1785701538,1784678737.1784129889,1785701538,reddit,post,s105,1785701538981240,https://terminusmaximus.com/replay-library/?boss=Avatar&team=AdMech&map=Avatar_05,boss=Avatar&team=AdMech&map=Avatar_05,https://terminusmaximus.com/replay-library/?boss=Dorn&team=AdMech&map=Dorn_03,terminusmaximus.com,,,true,false,1,1,1,false,true,false,false,false,false,false,false,false
Available export: 2026-07-14 to 2026-08-04 (22 days),2026-08-02,1784678737.1784129889|1785703673,1784678737.1784129889,1785703673,reddit,post,s105,1785703673766413,https://terminusmaximus.com/replay-library/?boss=Avatar&team=AdMech&map=Avatar_05,boss=Avatar&team=AdMech&map=Avatar_05,https://terminusmaximus.com/replay-library/?boss=Dorn&team=AdMech&map=Dorn_03,terminusmaximus.com,,,true,false,1,1,1,false,true,false,false,false,false,false,false,false
Available export: 2026-07-14 to 2026-08-04 (22 days),2026-08-02,1789962346.1784215190|1785735530,1789962346.1784215190,1785735530,reddit,post,mow2026,1785735530751588,https://terminusmaximus.com/replay-library/,,,,,/replay-library/,true,false,3,3,1,false,false,true,true,false,false,false,false,false
Available export: 2026-07-14 to 2026-08-04 (22 days),2026-08-02,1803433454.1783751346|1785700686,1803433454.1783751346,1785700686,google,organic,(organic),1785700687127375,https://terminusmaximus.com/replay-library/?boss=Magnus&team=Custodes&map=Magnus_03&excludeHero=Helb,boss=Magnus&team=Custodes&map=Magnus_03&excludeHero=Helb,,,,/replay-library/,true,false,13,13,1,false,false,true,true,false,false,false,false,false
Available export: 2026-07-14 to 2026-08-04 (22 days),2026-08-02,1807258352.1785064515|1785733213,1807258352.1785064515,1785733213,reddit,post,s106,1785733213403216,https://terminusmaximus.com/replay-library/?utm_source=reddit&utm_medium=post&utm_campaign=s106&boss=Ghaz&map=Ghaz_02,utm_source=reddit&utm_medium=post&utm_campaign=s106&boss=Ghaz&map=Ghaz_02,https://www.reddit.com/,www.reddit.com,,/replay-library/,true,false,3,3,1,false,false,true,true,false,false,false,false,false
Available export: 2026-07-14 to 2026-08-04 (22 days),2026-08-02,1807258352.1785064515|1785735909,1807258352.1785064515,1785735909,reddit,post,s106,1785735909634316,https://terminusmaximus.com/replay-library/?utm_source=reddit&utm_medium=post&utm_campaign=s106&boss=Szarekh&map=Szarekh_04,utm_source=reddit&utm_medium=post&utm_campaign=s106&boss=Szarekh&map=Szarekh_04,https://www.reddit.com/,www.reddit.com,,,true,false,1,1,1,false,true,false,false,false,false,false,false,false
Available export: 2026-07-14 to 2026-08-04 (22 days),2026-08-02,1807258352.1785064515|1785739489,1807258352.1785064515,1785739489,reddit,post,s106,1785739489527627,https://terminusmaximus.com/replay-library/?utm_source=reddit&utm_medium=post&utm_campaign=s106&boss=Szarekh&map=Szarekh_04,utm_source=reddit&utm_medium=post&utm_campaign=s106&boss=Szarekh&map=Szarekh_04,https://www.reddit.com/,www.reddit.com,,,true,false,1,1,1,false,true,false,false,false,false,false,false,false
Available export: 2026-07-14 to 2026-08-04 (22 days),2026-08-02,1823047730.1784152816|1785657667,1823047730.1784152816,1785657667,google,organic,(organic),1785657670595504,https://terminusmaximus.com/replay-library/,,https://terminusmaximus.com/,terminusmaximus.com,/,/replay-library/,false,true,5,4,1,false,false,true,true,false,false,false,false,false
Available export: 2026-07-14 to 2026-08-04 (22 days),2026-08-02,185288749.1785702809|1785702809,185288749.1785702809,1785702809,(direct),(none),(direct),1785702954861845,https://terminusmaximus.com/replay-library/,,https://terminusmaximus.com/guild-raid/s106/,terminusmaximus.com,/guild-raid/s106/,/replay-library/,false,true,6,4,1,false,false,true,true,false,true,false,false,false
Available export: 2026-07-14 to 2026-08-04 (22 days),2026-08-02,1853058222.1780678357|1785672069,1853058222.1780678357,1785672069,reddit,post,s106,1785672072608550,https://terminusmaximus.com/replay-library/?utm_source=reddit&utm_medium=post&utm_campaign=s106,utm_source=reddit&utm_medium=post&utm_campaign=s106,,,,/beginner-guide/,true,false,3,1,1,false,false,true,false,false,false,false,false,false
Available export: 2026-07-14 to 2026-08-04 (22 days),2026-08-02,185591475.1785675571|1785675570,185591475.1785675571,1785675570,google,organic,(organic),1785675572383229,https://terminusmaximus.com/replay-library/,,https://terminusmaximus.com/,terminusmaximus.com,/,/replay-library/,false,true,4,3,1,false,false,true,true,false,false,false,false,false
Available export: 2026-07-14 to 2026-08-04 (22 days),2026-08-02,1875255514.1783113816|1785704787,1875255514.1783113816,1785704787,(direct),(none),(direct),1785704787595017,https://terminusmaximus.com/replay-library/,,,,,,true,false,1,1,1,false,true,false,false,false,false,false,false,false
Available export: 2026-07-14 to 2026-08-04 (22 days),2026-08-02,1918551651.1785157035|1785736405,1918551651.1785157035,1785736405,reddit,post,s106,1785736406004727,https://terminusmaximus.com/replay-library/?boss=Lion,boss=Lion,https://terminusmaximus.com/campaign-event/,terminusmaximus.com,,,true,false,1,1,1,false,true,false,false,false,false,false,false,false
Available export: 2026-07-14 to 2026-08-04 (22 days),2026-08-02,1918551651.1785157035|1785739926,1918551651.1785157035,1785739926,reddit,post,s106,1785739926583408,https://terminusmaximus.com/replay-library/?boss=Lion,boss=Lion,https://terminusmaximus.com/campaign-event/,terminusmaximus.com,,,true,false,1,1,1,false,true,false,false,false,false,false,false,false
Available export: 2026-07-14 to 2026-08-04 (22 days),2026-08-02,1922119861.1782719409|1785735749,1922119861.1782719409,1785735749,google,organic,(organic),1785737284209462,https://terminusmaximus.com/replay-library/,,https://terminusmaximus.com/campaign-event/,terminusmaximus.com,/campaign-event/,/replay-library/,false,true,6,2,1,false,false,true,true,false,false,false,false,false
Available export: 2026-07-14 to 2026-08-04 (22 days),2026-08-02,1953140580.1784357969|1785655444,1953140580.1784357969,1785655444,google,organic,(organic),1785655446823672,https://terminusmaximus.com/replay-library/?boss=Szarekh&team=Laviscus&map=Szarekh_04,boss=Szarekh&team=Laviscus&map=Szarekh_04,,,,/replay-library/,true,false,8,8,1,false,false,true,true,false,false,false,false,false
Available export: 2026-07-14 to 2026-08-04 (22 days),2026-08-02,1960319685.1783788789|1785711318,1960319685.1783788789,1785711318,(direct),(none),(direct),1785711316835397,https://terminusmaximus.com/replay-library/,,,,,,true,false,1,1,1,false,true,false,false,false,false,false,false,false
Available export: 2026-07-14 to 2026-08-04 (22 days),2026-08-02,1978556558.1784646467|1785656699,1978556558.1784646467,1785656699,(direct),(none),(direct),1785656699448158,https://terminusmaximus.com/replay-library/,,,,,/replay-library/,true,false,3,3,1,false,false,true,true,false,false,false,false,false
Available export: 2026-07-14 to 2026-08-04 (22 days),2026-08-02,1978556558.1784646467|1785677517,1978556558.1784646467,1785677517,(direct),(none),(direct),1785677518549123,https://terminusmaximus.com/replay-library/?boss=Lion&tier=M1,boss=Lion&tier=M1,,,,,true,false,1,1,1,false,true,false,false,false,false,false,false,false
Available export: 2026-07-14 to 2026-08-04 (22 days),2026-08-02,1991012249.1783749788|1785655079,1991012249.1783749788,1785655079,reddit,post,s105,1785655079724386,https://terminusmaximus.com/replay-library/?utm_source=reddit&utm_medium=post&utm_campaign=s105,utm_source=reddit&utm_medium=post&utm_campaign=s105,,,,/replay-library/,true,false,7,7,1,false,false,true,true,false,false,false,false,false
Available export: 2026-07-14 to 2026-08-04 (22 days),2026-08-02,1998722843.1785655876|1785655876,1998722843.1785655876,1785655876,google,organic,(organic),1785655876081144,https://terminusmaximus.com/replay-library/,,https://www.google.com/,www.google.com,,/replay-library/,true,false,12,12,1,false,false,true,true,false,false,false,false,false
Available export: 2026-07-14 to 2026-08-04 (22 days),2026-08-02,1998722843.1785655876|1785661763,1998722843.1785655876,1785661763,google,organic,(organic),1785661763900232,https://terminusmaximus.com/replay-library/,,https://terminusmaximus.com/replay-library/?boss=Cawl,terminusmaximus.com,,/replay-library/,true,false,2,2,1,false,false,true,true,false,false,false,false,false
Available export: 2026-07-14 to 2026-08-04 (22 days),2026-08-02,1998722843.1785655876|1785665400,1998722843.1785655876,1785665400,google,organic,(organic),1785665400220411,https://terminusmaximus.com/replay-library/?team=Neuro,team=Neuro,https://www.google.com/,www.google.com,,/replay-library/,true,false,11,11,1,false,false,true,true,false,false,false,false,false
Available export: 2026-07-14 to 2026-08-04 (22 days),2026-08-02,1998722843.1785655876|1785668018,1998722843.1785655876,1785668018,google,organic,(organic),1785668018639424,https://terminusmaximus.com/replay-library/?team=Battlesuits,team=Battlesuits,https://www.google.com/,www.google.com,,,true,false,1,1,1,false,true,false,false,false,false,false,false,false
Available export: 2026-07-14 to 2026-08-04 (22 days),2026-08-02,1999150011.1785572164|1785709170,1999150011.1785572164,1785709170,(direct),(none),(direct),1785709170769359,https://terminusmaximus.com/replay-library/?boss=Avatar&map=Avatar_05&tier=L2,boss=Avatar&map=Avatar_05&tier=L2,https://terminusmaximus.com/guild-raid/boss-meta/,terminusmaximus.com,,/replay-library/,true,false,3,3,1,false,false,true,true,false,false,false,false,false
Available export: 2026-07-14 to 2026-08-04 (22 days),2026-08-02,2027921807.1785674451|1785674450,2027921807.1785674451,1785674450,google,organic,(organic),1785674453674177,https://terminusmaximus.com/replay-library/,,https://terminusmaximus.com/,terminusmaximus.com,/,/replay-library/,false,true,43,42,1,false,false,true,true,false,false,false,false,false
Available export: 2026-07-14 to 2026-08-04 (22 days),2026-08-02,2028680531.1784083399|1785724258,2028680531.1784083399,1785724258,reddit,post,s106,1785724260220113,https://terminusmaximus.com/replay-library/?utm_source=reddit&utm_medium=post&utm_campaign=s106&boss=Avatar,utm_source=reddit&utm_medium=post&utm_campaign=s106&boss=Avatar,https://www.reddit.com/,www.reddit.com,,,true,false,1,1,1,false,true,false,false,false,false,false,false,false
Available export: 2026-07-14 to 2026-08-04 (22 days),2026-08-02,205227605.1785290287|1785679514,205227605.1785290287,1785679514,google,organic,(organic),1785679514604678,https://terminusmaximus.com/replay-library/?boss=Magnus,boss=Magnus,https://terminusmaximus.com/,terminusmaximus.com,,/replay-library/,true,false,2,2,1,false,false,true,true,false,false,false,false,false
Available export: 2026-07-14 to 2026-08-04 (22 days),2026-08-02,205227605.1785290287|1785715884,205227605.1785290287,1785715884,google,organic,(organic),1785715884552558,https://terminusmaximus.com/replay-library/?boss=Magnus,boss=Magnus,https://terminusmaximus.com/,terminusmaximus.com,,,true,false,1,1,1,false,true,false,false,false,false,false,false,false
Available export: 2026-07-14 to 2026-08-04 (22 days),2026-08-02,205227605.1785290287|1785723023,205227605.1785290287,1785723023,google,organic,(organic),1785723023171839,https://terminusmaximus.com/replay-library/?boss=Magnus,boss=Magnus,https://terminusmaximus.com/,terminusmaximus.com,,,true,false,1,1,1,false,true,false,false,false,false,false,false,false
Available export: 2026-07-14 to 2026-08-04 (22 days),2026-08-02,2054456789.1783708781|1785655480,2054456789.1783708781,1785655480,reddit,post,s105,1785655480894766,https://terminusmaximus.com/replay-library/,,,,,/replay-library/,true,false,5,5,1,false,false,true,true,false,false,false,false,false
Available export: 2026-07-14 to 2026-08-04 (22 days),2026-08-02,206343876.1785212333|1785658955,206343876.1785212333,1785658955,google,organic,(organic),1785658955719450,https://terminusmaximus.com/replay-library/,,https://terminusmaximus.com/,terminusmaximus.com,/,/replay-library/,false,true,5,4,1,false,false,true,true,false,false,false,false,false
Available export: 2026-07-14 to 2026-08-04 (22 days),2026-08-02,206343876.1785212333|1785682240,206343876.1785212333,1785682240,google,organic,(organic),1785682239712445,https://terminusmaximus.com/replay-library/,,https://terminusmaximus.com/,terminusmaximus.com,/,/replay-library/,false,true,5,4,1,false,false,true,true,false,false,false,false,false
Available export: 2026-07-14 to 2026-08-04 (22 days),2026-08-02,2100717848.1783783341|1785704996,2100717848.1783783341,1785704996,(direct),(none),(direct),1785704995818819,https://terminusmaximus.com/replay-library/,,,,,/replay-library/,true,false,5,5,1,false,false,true,true,false,false,false,false,false
Available export: 2026-07-14 to 2026-08-04 (22 days),2026-08-02,2111859797.1784029962|1785679771,2111859797.1784029962,1785679771,reddit,post,s105,1785679772055663,https://terminusmaximus.com/replay-library/?utm_source=reddit&utm_medium=post&utm_campaign=s105&boss=Ghaz&team=Laviscus,utm_source=reddit&utm_medium=post&utm_campaign=s105&boss=Ghaz&team=Laviscus,https://terminusmaximus.com/replay-library/?utm_source=reddit&utm_medium=post&utm_campaign=s105&boss=Mortarion&team=Laviscus&map=Mortarion_04,terminusmaximus.com,,/replay-library/,true,false,4,4,1,false,false,true,true,false,false,false,false,false
Available export: 2026-07-14 to 2026-08-04 (22 days),2026-08-02,2111859797.1784029962|1785701711,2111859797.1784029962,1785701711,reddit,post,s105,1785701711947309,https://terminusmaximus.com/replay-library/?utm_source=reddit&utm_medium=post&utm_campaign=s105&boss=Magnus&team=Laviscus,utm_source=reddit&utm_medium=post&utm_campaign=s105&boss=Magnus&team=Laviscus,https://terminusmaximus.com/replay-library/?utm_source=reddit&utm_medium=post&utm_campaign=s105&boss=Szarekh&team=Laviscus,terminusmaximus.com,,/replay-library/,true,false,3,3,1,false,false,true,true,false,false,false,false,false
Available export: 2026-07-14 to 2026-08-04 (22 days),2026-08-02,213601619.1785692142|1785692142,213601619.1785692142,1785692142,reddit,post,ce,1785692269541656,https://terminusmaximus.com/replay-library/,,https://terminusmaximus.com/elite-campaigns/,terminusmaximus.com,/elite-campaigns/,/lre/lysander/,false,true,11,3,3,true,false,true,true,false,false,false,false,false
Available export: 2026-07-14 to 2026-08-04 (22 days),2026-08-02,2145895056.1784131798|1785679223,2145895056.1784131798,1785679223,reddit,post,s105,1785679228881932,https://terminusmaximus.com/replay-library/,,,,,/replay-library/,true,false,3,3,1,false,false,true,true,false,false,false,false,false
Available export: 2026-07-14 to 2026-08-04 (22 days),2026-08-02,253510110.1780753263|1785684387,253510110.1780753263,1785684387,google,organic,(organic),1785684394922440,https://terminusmaximus.com/replay-library/,,https://terminusmaximus.com/,terminusmaximus.com,/,/replay-library/,false,true,5,4,1,false,false,true,true,false,false,false,false,false
Available export: 2026-07-14 to 2026-08-04 (22 days),2026-08-02,253510110.1780753263|1785697038,253510110.1780753263,1785697038,google,organic,(organic),1785697038326473,https://terminusmaximus.com/replay-library/?boss=Ghaz&team=Neuro&map=Ghaz_02,boss=Ghaz&team=Neuro&map=Ghaz_02,https://terminusmaximus.com/,terminusmaximus.com,,,true,false,1,1,1,false,true,false,false,false,false,false,false,false
Available export: 2026-07-14 to 2026-08-04 (22 days),2026-08-02,29092812.1785377185|1785677058,29092812.1785377185,1785677058,google,organic,(organic),1785677064612197,https://terminusmaximus.com/replay-library/,,https://terminusmaximus.com/,terminusmaximus.com,/,/replay-library/,false,true,6,4,1,false,false,true,true,false,false,false,false,false
Available export: 2026-07-14 to 2026-08-04 (22 days),2026-08-02,296541647.1785219031|1785705465,296541647.1785219031,1785705465,(direct),(none),(direct),1785705460817579,https://terminusmaximus.com/replay-library/,,,,,/replay-library/,true,false,8,8,1,false,false,true,true,false,false,false,false,false
Available export: 2026-07-14 to 2026-08-04 (22 days),2026-08-02,296541647.1785219031|1785737927,296541647.1785219031,1785737927,(direct),(none),(direct),1785737921440074,https://terminusmaximus.com/replay-library/,,,,,/replay-library/,true,false,6,5,2,true,false,true,true,false,false,false,false,false
Available export: 2026-07-14 to 2026-08-04 (22 days),2026-08-02,296791840.1782623815|1785687030,296791840.1782623815,1785687030,chatgpt.com,ai-assistant,(ai-assistant),1785687046147839,https://terminusmaximus.com/replay-library/,,https://terminusmaximus.com/guild-raid/boss-meta/?utm_source=chatgpt.com,terminusmaximus.com,/guild-raid/boss-meta/,/replay-library/,false,true,11,10,1,false,false,true,true,false,false,false,false,false
Available export: 2026-07-14 to 2026-08-04 (22 days),2026-08-02,338536915.1784646557|1785657015,338536915.1784646557,1785657015,reddit,post,s105,1785657015379670,https://terminusmaximus.com/replay-library/?boss=Screamer&team=Laviscus&map=Screamer_01,boss=Screamer&team=Laviscus&map=Screamer_01,https://terminusmaximus.com/replay-library/?utm_source=reddit&utm_medium=post&utm_campaign=s105&boss=Avatar&team=Laviscus&map=Avatar_02&tier=L3,terminusmaximus.com,,/replay-library/,true,false,3,3,1,false,false,true,true,false,false,false,false,false
Available export: 2026-07-14 to 2026-08-04 (22 days),2026-08-02,338536915.1784646557|1785692386,338536915.1784646557,1785692386,reddit,post,s105,1785692386470526,https://terminusmaximus.com/replay-library/?boss=Dorn&team=Laviscus&map=Dorn_03,boss=Dorn&team=Laviscus&map=Dorn_03,https://terminusmaximus.com/replay-library/?utm_source=reddit&utm_medium=post&utm_campaign=s105&boss=Avatar&team=Laviscus&map=Avatar_02&tier=L3,terminusmaximus.com,,,true,false,1,1,1,false,true,false,false,false,false,false,false,false
Available export: 2026-07-14 to 2026-08-04 (22 days),2026-08-02,338536915.1784646557|1785703088,338536915.1784646557,1785703088,reddit,post,s105,1785703088925484,https://terminusmaximus.com/replay-library/?boss=Dorn&team=Laviscus&map=Dorn_03,boss=Dorn&team=Laviscus&map=Dorn_03,https://terminusmaximus.com/replay-library/?utm_source=reddit&utm_medium=post&utm_campaign=s105&boss=Avatar&team=Laviscus&map=Avatar_02&tier=L3,terminusmaximus.com,,,true,false,1,1,1,false,true,false,false,false,false,false,false,false
Available export: 2026-07-14 to 2026-08-04 (22 days),2026-08-02,360651704.1780689144|1785662578,360651704.1780689144,1785662578,ecosia.org,organic,(organic),1785662579004322,https://terminusmaximus.com/replay-library/?boss=Lion&tier=M1,boss=Lion&tier=M1,https://terminusmaximus.com/,terminusmaximus.com,,/replay-library/,true,false,7,7,1,false,false,true,true,false,false,false,false,false
Available export: 2026-07-14 to 2026-08-04 (22 days),2026-08-02,360651704.1780689144|1785666614,360651704.1780689144,1785666614,ecosia.org,organic,(organic),1785666614497201,https://terminusmaximus.com/replay-library/?boss=Mortarion&tier=M2,boss=Mortarion&tier=M2,https://terminusmaximus.com/,terminusmaximus.com,,/replay-library/,true,false,2,2,1,false,false,true,true,false,false,false,false,false
Available export: 2026-07-14 to 2026-08-04 (22 days),2026-08-02,360651704.1780689144|1785671721,360651704.1780689144,1785671721,ecosia.org,organic,(organic),1785671721981488,https://terminusmaximus.com/replay-library/?boss=Mortarion&team=Laviscus&map=Mortarion_04&tier=M2,boss=Mortarion&team=Laviscus&map=Mortarion_04&tier=M2,https://terminusmaximus.com/,terminusmaximus.com,,,true,false,1,1,1,false,true,false,false,false,false,false,false,false
Available export: 2026-07-14 to 2026-08-04 (22 days),2026-08-02,415067581.1783749267|1785691556,415067581.1783749267,1785691556,(direct),(none),(direct),1785691557717069,https://terminusmaximus.com/replay-library/,,https://terminusmaximus.com/guild-raid/boss-meta/,terminusmaximus.com,/guild-raid/boss-meta/,/replay-library/,false,true,3,2,1,false,false,true,true,false,false,false,false,false
Available export: 2026-07-14 to 2026-08-04 (22 days),2026-08-02,423009284.1785232159|1785703968,423009284.1785232159,1785703968,(direct),(none),(direct),1785703986504274,https://terminusmaximus.com/replay-library/,,https://terminusmaximus.com/guild-raid/,terminusmaximus.com,/guild-raid/,/guild-raid/boss-meta/,false,true,4,1,1,false,false,true,false,false,false,false,false,false
Available export: 2026-07-14 to 2026-08-04 (22 days),2026-08-02,450478560.1780479950|1785739590,450478560.1780479950,1785739590,reddit,post,s106,1785739590011627,https://terminusmaximus.com/replay-library/?utm_source=reddit&utm_medium=post&utm_campaign=s106,utm_source=reddit&utm_medium=post&utm_campaign=s106,,,,/,true,false,6,2,2,true,false,true,true,false,false,false,false,false
Available export: 2026-07-14 to 2026-08-04 (22 days),2026-08-02,484675988.1785697553|1785697552,484675988.1785697553,1785697552,reddit,post,s103,1785697574731784,https://terminusmaximus.com/replay-library/,,https://terminusmaximus.com/guild-raid/s103/?utm_source=reddit&utm_medium=post&utm_campaign=s103,terminusmaximus.com,/guild-raid/s103/,/replay-library/,false,true,5,4,1,false,false,true,true,false,false,false,false,false
Available export: 2026-07-14 to 2026-08-04 (22 days),2026-08-02,485943286.1783635513|1785732632,485943286.1783635513,1785732632,(direct),(none),(direct),1785732633594041,https://terminusmaximus.com/replay-library/,,https://terminusmaximus.com/guild-raid/boss-meta/,terminusmaximus.com,/guild-raid/boss-meta/,/replay-library/,false,true,6,5,1,false,false,true,true,false,false,false,false,false
Available export: 2026-07-14 to 2026-08-04 (22 days),2026-08-02,570549203.1785144272|1785661579,570549203.1785144272,1785661579,google,organic,(organic),1785661579694103,https://terminusmaximus.com/replay-library/?boss=Magnus&map=Magnus_02,boss=Magnus&map=Magnus_02,https://terminusmaximus.com/guild-raid/s106/,terminusmaximus.com,,/,true,false,10,7,3,true,false,true,true,false,false,false,false,false
Available export: 2026-07-14 to 2026-08-04 (22 days),2026-08-02,570549203.1785144272|1785709295,570549203.1785144272,1785709295,google,organic,(organic),1785709296112589,https://terminusmaximus.com/replay-library/?boss=Lion&map=Lion_03&tier=M1,boss=Lion&map=Lion_03&tier=M1,https://terminusmaximus.com/,terminusmaximus.com,,/replay-library/,true,false,4,4,1,false,false,true,true,false,false,false,false,false
Available export: 2026-07-14 to 2026-08-04 (22 days),2026-08-02,649768767.1784032736|1785722624,649768767.1784032736,1785722624,reddit,post,s105,1785722624691343,https://terminusmaximus.com/replay-library/?utm_source=reddit&utm_medium=post&utm_campaign=s105,utm_source=reddit&utm_medium=post&utm_campaign=s105,,,,/replay-library/,true,false,4,4,1,false,false,true,true,false,false,false,false,false
Available export: 2026-07-14 to 2026-08-04 (22 days),2026-08-02,700088952.1785346900|1785740177,700088952.1785346900,1785740177,google,organic,(organic),1785740200144884,https://terminusmaximus.com/replay-library/,,https://terminusmaximus.com/lre/lysander/,terminusmaximus.com,/lre/lysander/,/replay-library/,false,true,6,4,1,false,false,true,true,false,false,false,false,false
Available export: 2026-07-14 to 2026-08-04 (22 days),2026-08-02,754698492.1783205204|1785679614,754698492.1783205204,1785679614,(direct),(none),(direct),1785679614947043,https://terminusmaximus.com/replay-library/?boss=Mortarion&team=Laviscus&map=Mortarion_03,boss=Mortarion&team=Laviscus&map=Mortarion_03,https://terminusmaximus.com/guild-raid/,terminusmaximus.com,,/replay-library/,true,false,9,9,1,false,false,true,true,false,false,false,false,false
Available export: 2026-07-14 to 2026-08-04 (22 days),2026-08-02,754698492.1783205204|1785700883,754698492.1783205204,1785700883,(direct),(none),(direct),1785700883557978,https://terminusmaximus.com/replay-library/?boss=Magnus&team=Battlesuits&map=Magnus_02,boss=Magnus&team=Battlesuits&map=Magnus_02,https://terminusmaximus.com/replay-library/?boss=Magnus&team=Custodes&map=Magnus_02,terminusmaximus.com,,/replay-library/,true,false,3,3,1,false,false,true,true,false,false,false,false,false
Available export: 2026-07-14 to 2026-08-04 (22 days),2026-08-02,76665388.1783780158|1785729024,76665388.1783780158,1785729024,reddit,post,lysander,1785729033979197,https://terminusmaximus.com/replay-library/,,https://terminusmaximus.com/,terminusmaximus.com,/,/replay-library/,false,true,5,4,1,false,false,true,true,false,false,false,false,false
Available export: 2026-07-14 to 2026-08-04 (22 days),2026-08-02,776182018.1784139373|1785664152,776182018.1784139373,1785664152,(direct),(none),(direct),1785664152546947,https://terminusmaximus.com/replay-library/,,,,,,true,false,1,1,1,false,true,false,false,false,false,false,false,false
Available export: 2026-07-14 to 2026-08-04 (22 days),2026-08-02,776182018.1784139373|1785686374,776182018.1784139373,1785686374,(direct),(none),(direct),1785686375081339,https://terminusmaximus.com/replay-library/,,,,,,true,false,1,1,1,false,true,false,false,false,false,false,false,false
Available export: 2026-07-14 to 2026-08-04 (22 days),2026-08-02,779631957.1785673492|1785673491,779631957.1785673492,1785673491,(direct),(none),(direct),1785673491936803,https://terminusmaximus.com/replay-library/,,,,,,true,false,1,1,1,false,true,false,false,false,false,false,false,false
Available export: 2026-07-14 to 2026-08-04 (22 days),2026-08-02,788923608.1785658793|1785658792,788923608.1785658793,1785658792,(direct),(none),(direct),1785659130417895,https://terminusmaximus.com/replay-library/,,https://terminusmaximus.com/guild-raid/s106/,terminusmaximus.com,/guild-raid/s106/,/replay-library/,false,true,18,8,2,true,false,true,true,false,true,false,false,false
Available export: 2026-07-14 to 2026-08-04 (22 days),2026-08-02,788923608.1785658793|1785720449,788923608.1785658793,1785720449,(direct),(none),(direct),1785720465095364,https://terminusmaximus.com/replay-library/,,https://terminusmaximus.com/,terminusmaximus.com,/,/replay-library/,false,true,4,3,1,false,false,true,true,false,false,false,false,false
Available export: 2026-07-14 to 2026-08-04 (22 days),2026-08-02,79410794.1785723274|1785723274,79410794.1785723274,1785723274,(direct),(none),(direct),1785723287621087,https://terminusmaximus.com/replay-library/?boss=Mortarion&map=Mortarion_04,boss=Mortarion&map=Mortarion_04,,,,,true,false,1,1,1,false,true,false,false,false,false,false,false,false
Available export: 2026-07-14 to 2026-08-04 (22 days),2026-08-02,822539733.1785686093|1785686093,822539733.1785686093,1785686093,google,organic,(organic),1785686076820742,https://terminusmaximus.com/replay-library/,,https://terminusmaximus.com/,terminusmaximus.com,/,/replay-library/,false,true,4,3,1,false,false,true,true,false,false,false,false,false
Available export: 2026-07-14 to 2026-08-04 (22 days),2026-08-02,822539733.1785686093|1785691100,822539733.1785686093,1785691100,google,organic,(organic),1785691100616438,https://terminusmaximus.com/replay-library/?boss=Lion&tier=M1,boss=Lion&tier=M1,https://terminusmaximus.com/,terminusmaximus.com,,,true,false,1,1,1,false,true,false,false,false,false,false,false,false
Available export: 2026-07-14 to 2026-08-04 (22 days),2026-08-02,826003372.1785686710|1785686709,826003372.1785686710,1785686709,bing,organic,(organic),1785686709909393,https://terminusmaximus.com/replay-library/,,https://www.bing.com/,www.bing.com,,/guild-raid/archive/,true,false,8,3,2,true,false,true,true,false,true,false,false,false
Available export: 2026-07-14 to 2026-08-04 (22 days),2026-08-02,842121731.1785670435|1785670435,842121731.1785670435,1785670435,(direct),(none),(direct),1785670435589091,https://terminusmaximus.com/replay-library/,,,,,,true,false,1,1,1,false,true,false,false,false,false,false,false,false
Available export: 2026-07-14 to 2026-08-04 (22 days),2026-08-02,858802022.1785682772|1785682772,858802022.1785682772,1785682772,(direct),(none),(direct),1785682772270284,https://terminusmaximus.com/replay-library/?boss=Lion&map=Lion_03,boss=Lion&map=Lion_03,https://terminusmaximus.com/,terminusmaximus.com,,/replay-library/,true,false,2,2,1,false,false,true,true,false,false,false,false,false
Available export: 2026-07-14 to 2026-08-04 (22 days),2026-08-02,858802022.1785682772|1785685062,858802022.1785682772,1785685062,(direct),(none),(direct),1785685062775084,https://terminusmaximus.com/replay-library/?boss=Lion&map=Lion_03,boss=Lion&map=Lion_03,https://terminusmaximus.com/,terminusmaximus.com,,/replay-library/,true,false,6,5,1,false,false,true,true,false,false,false,false,false
Available export: 2026-07-14 to 2026-08-04 (22 days),2026-08-02,88011080.1784934505|1785549576,88011080.1784934505,1785549576,reddit,post,s106,1785723861859926,https://terminusmaximus.com/replay-library/?team=Laviscus,team=Laviscus,,,,/replay-library/,true,false,3,3,1,false,false,true,true,false,false,false,false,false
Available export: 2026-07-14 to 2026-08-04 (22 days),2026-08-02,88011080.1784934505|1785552890,88011080.1784934505,1785552890,reddit,post,s106,1785774179720561,https://terminusmaximus.com/replay-library/?boss=Ghaz&team=Laviscus&map=Ghaz_02,boss=Ghaz&team=Laviscus&map=Ghaz_02,,,,,true,false,1,1,1,false,true,false,false,false,false,false,false,false
Available export: 2026-07-14 to 2026-08-04 (22 days),2026-08-02,882373833.1783651698|1785680042,882373833.1783651698,1785680042,(direct),(none),(direct),1785680054535638,https://terminusmaximus.com/replay-library/,,https://terminusmaximus.com/,terminusmaximus.com,/,/replay-library/,false,true,7,6,1,false,false,true,true,false,false,false,false,false
Available export: 2026-07-14 to 2026-08-04 (22 days),2026-08-02,902217467.1784349301|1785661779,902217467.1784349301,1785661779,google,organic,(organic),1785661782236777,https://terminusmaximus.com/replay-library/,,https://terminusmaximus.com/,terminusmaximus.com,/,/replay-library/,false,true,16,15,1,false,false,true,true,false,false,false,false,false
Available export: 2026-07-14 to 2026-08-04 (22 days),2026-08-02,919417989.1785727026|1785727025,919417989.1785727026,1785727025,(direct),(none),(direct),1785727026337992,https://terminusmaximus.com/replay-library/?boss=Mortarion&map=Mortarion_04&tier=M2,boss=Mortarion&map=Mortarion_04&tier=M2,https://terminusmaximus.com/,terminusmaximus.com,,/replay-library/,true,false,3,3,1,false,false,true,true,false,false,false,false,false
Available export: 2026-07-14 to 2026-08-04 (22 days),2026-08-02,919417989.1785727026|1785737579,919417989.1785727026,1785737579,(direct),(none),(direct),1785737579617930,https://terminusmaximus.com/replay-library/?boss=Lion&map=Lion_03,boss=Lion&map=Lion_03,https://terminusmaximus.com/,terminusmaximus.com,,,true,false,1,1,1,false,true,false,false,false,false,false,false,false
Available export: 2026-07-14 to 2026-08-04 (22 days),2026-08-02,940623252.1785710030|1785710029,940623252.1785710030,1785710029,reddit,post,ce,1785710188180582,https://terminusmaximus.com/replay-library/,,https://terminusmaximus.com/,terminusmaximus.com,/,/guild-raid/s106/,false,true,8,1,1,false,false,true,false,false,false,false,false,false
Available export: 2026-07-14 to 2026-08-04 (22 days),2026-08-02,948244868.1785713460|1785713459,948244868.1785713460,1785713459,(direct),(none),(direct),1785713459987801,https://terminusmaximus.com/replay-library/?boss=Avatar,boss=Avatar,,,,/replay-library/,true,false,53,53,1,false,false,true,true,false,false,false,false,false
Available export: 2026-07-14 to 2026-08-04 (22 days),2026-08-02,952805471.1783197340|1785657399,952805471.1783197340,1785657399,(direct),(none),(direct),1785657412225045,https://terminusmaximus.com/replay-library/,,https://terminusmaximus.com/,terminusmaximus.com,/,/replay-library/,false,true,6,5,1,false,false,true,true,false,false,false,false,false
Available export: 2026-07-14 to 2026-08-04 (22 days),2026-08-02,959714273.1781811536|1785700728,959714273.1781811536,1785700728,(direct),(none),(direct),1785700739372963,https://terminusmaximus.com/replay-library/,,https://terminusmaximus.com/guild-raid/boss-meta/,terminusmaximus.com,/guild-raid/boss-meta/,/replay-library/,false,true,5,4,1,false,false,true,true,false,false,false,false,false
Available export: 2026-07-14 to 2026-08-04 (22 days),2026-08-02,983415369.1785729603|1785729603,983415369.1785729603,1785729603,(direct),(none),(direct),1785729603678329,https://terminusmaximus.com/replay-library/?boss=Dorn&team=Laviscus&map=Dorn_03,boss=Dorn&team=Laviscus&map=Dorn_03,,,,,true,false,1,1,1,false,true,false,false,false,false,false,false,false
Available export: 2026-07-14 to 2026-08-04 (22 days),2026-08-03,1068718977.1781542295|1785753042,1068718977.1781542295,1785753042,google,organic,(organic),1785753053592495,https://terminusmaximus.com/replay-library/,,https://terminusmaximus.com/,terminusmaximus.com,/,/replay-library/,false,true,5,4,1,false,false,true,true,false,false,false,false,false
Available export: 2026-07-14 to 2026-08-04 (22 days),2026-08-03,1094022816.1785389728|1785781663,1094022816.1785389728,1785781663,(direct),(none),(direct),1785781663083867,https://terminusmaximus.com/replay-library/?boss=Dorn&team=Laviscus&map=Dorn_03,boss=Dorn&team=Laviscus&map=Dorn_03,,,,/replay-library/,true,false,4,4,1,false,false,true,true,false,false,false,false,false
Available export: 2026-07-14 to 2026-08-04 (22 days),2026-08-03,1094022816.1785389728|1785784144,1094022816.1785389728,1785784144,(direct),(none),(direct),1785784144981492,https://terminusmaximus.com/replay-library/?boss=Avatar&team=Laviscus&map=Avatar_05&tier=L5,boss=Avatar&team=Laviscus&map=Avatar_05&tier=L5,,,,,true,false,1,1,1,false,true,false,false,false,false,false,false,false
Available export: 2026-07-14 to 2026-08-04 (22 days),2026-08-03,111613413.1784280081|1785752604,111613413.1784280081,1785752604,google,organic,(organic),1785752604361479,https://terminusmaximus.com/replay-library/?boss=Ghaz&map=Ghaz_02,boss=Ghaz&map=Ghaz_02,https://terminusmaximus.com/guild-raid/boss-meta/,terminusmaximus.com,,,true,false,1,1,1,false,true,false,false,false,false,false,false,false
Available export: 2026-07-14 to 2026-08-04 (22 days),2026-08-03,111613413.1784280081|1785780831,111613413.1784280081,1785780831,google,organic,(organic),1785781178425278,https://terminusmaximus.com/replay-library/?boss=Ghaz,boss=Ghaz,https://terminusmaximus.com/replay-library/?boss=Ghaz&map=Ghaz_02,terminusmaximus.com,,/replay-library/,true,false,13,13,1,false,false,true,true,false,false,false,false,false
Available export: 2026-07-14 to 2026-08-04 (22 days),2026-08-03,1170678472.1785330752|1785764169,1170678472.1785330752,1785764169,reddit,post,s106,1785764169150085,https://terminusmaximus.com/replay-library/?boss=Mortarion&team=Laviscus&map=Mortarion_04,boss=Mortarion&team=Laviscus&map=Mortarion_04,https://terminusmaximus.com/replay-library/?boss=Lion&tier=M1,terminusmaximus.com,,,true,false,1,1,1,false,true,false,false,false,false,false,false,false
Available export: 2026-07-14 to 2026-08-04 (22 days),2026-08-03,1191430185.1785800111|1785800111,1191430185.1785800111,1785800111,(direct),(none),(direct),1785800111435685,https://terminusmaximus.com/replay-library/?boss=Lion&map=Lion_03,boss=Lion&map=Lion_03,https://terminusmaximus.com/,terminusmaximus.com,,/replay-library/,true,false,6,6,1,false,false,true,true,false,false,false,false,false
Available export: 2026-07-14 to 2026-08-04 (22 days),2026-08-03,1195083193.1781348793|1785754212,1195083193.1781348793,1785754212,google,organic,(organic),1785754256323692,https://terminusmaximus.com/replay-library/,,https://terminusmaximus.com/,terminusmaximus.com,/,/replay-library/,false,true,12,7,2,true,false,true,true,false,false,false,false,false
Available export: 2026-07-14 to 2026-08-04 (22 days),2026-08-03,1246780673.1785757548|1785757547,1246780673.1785757548,1785757547,(direct),(none),(direct),1785757797710732,https://terminusmaximus.com/replay-library/,,https://terminusmaximus.com/elite-campaigns/,terminusmaximus.com,/elite-campaigns/,,false,true,3,1,1,false,false,true,false,false,false,false,false,false
Available export: 2026-07-14 to 2026-08-04 (22 days),2026-08-03,1248298120.1784135033|1785805304,1248298120.1784135033,1785805304,reddit,post,s105,1785805304180645,https://terminusmaximus.com/replay-library/?utm_source=reddit&utm_medium=post&utm_campaign=s105,utm_source=reddit&utm_medium=post&utm_campaign=s105,,,,/replay-library/,true,false,2,2,1,false,false,true,true,false,false,false,false,false
Available export: 2026-07-14 to 2026-08-04 (22 days),2026-08-03,1250091458.1782517562|1785786395,1250091458.1782517562,1785786395,reddit,post,elite-campaigns,1785786396733552,https://terminusmaximus.com/replay-library/,,,,,/replay-library/,true,false,5,5,1,false,false,true,true,false,false,false,false,false
Available export: 2026-07-14 to 2026-08-04 (22 days),2026-08-03,1250091458.1782517562|1785811817,1250091458.1782517562,1785811817,reddit,post,elite-campaigns,1785811820056082,https://terminusmaximus.com/replay-library/,,,,,/replay-library/,true,false,4,4,1,false,false,true,true,false,false,false,false,false
Available export: 2026-07-14 to 2026-08-04 (22 days),2026-08-03,1311142007.1785744161|1785744160,1311142007.1785744161,1785744160,(direct),(none),(direct),1785744177919911,https://terminusmaximus.com/replay-library/,,https://terminusmaximus.com/,terminusmaximus.com,/,/guild-raid/,false,true,5,1,1,false,false,true,false,false,false,false,false,false
Available export: 2026-07-14 to 2026-08-04 (22 days),2026-08-03,1329647486.1784224950|1785743008,1329647486.1784224950,1785743008,google,organic,(organic),1785743008687082,https://terminusmaximus.com/replay-library/?boss=Mortarion&map=Mortarion_04,boss=Mortarion&map=Mortarion_04,https://www.google.com/,www.google.com,,/replay-library/,true,false,3,3,1,false,false,true,true,false,false,false,false,false
Available export: 2026-07-14 to 2026-08-04 (22 days),2026-08-03,1329647486.1784224950|1785754471,1329647486.1784224950,1785754471,google,organic,(organic),1785754472526861,https://terminusmaximus.com/replay-library/?boss=Avatar&map=Avatar_05,boss=Avatar&map=Avatar_05,https://www.google.com/,www.google.com,,/replay-library/,true,false,3,3,1,false,false,true,true,false,false,false,false,false
Available export: 2026-07-14 to 2026-08-04 (22 days),2026-08-03,1329647486.1784224950|1785767965,1329647486.1784224950,1785767965,google,organic,(organic),1785767966131241,https://terminusmaximus.com/replay-library/?boss=Ghaz&map=Ghaz_02,boss=Ghaz&map=Ghaz_02,https://www.google.com/,www.google.com,,,true,false,1,1,1,false,true,false,false,false,false,false,false,false
Available export: 2026-07-14 to 2026-08-04 (22 days),2026-08-03,1329647486.1784224950|1785781605,1329647486.1784224950,1785781605,google,organic,(organic),1785781606378970,https://terminusmaximus.com/replay-library/?boss=Ghaz&map=Ghaz_02,boss=Ghaz&map=Ghaz_02,https://www.google.com/,www.google.com,,/replay-library/,true,false,4,4,1,false,false,true,true,false,false,false,false,false
Available export: 2026-07-14 to 2026-08-04 (22 days),2026-08-03,1329647486.1784224950|1785824795,1329647486.1784224950,1785824795,google,organic,(organic),1785824796805897,https://terminusmaximus.com/replay-library/?boss=Szarekh&map=Szarekh_04,boss=Szarekh&map=Szarekh_04,https://www.google.com/,www.google.com,,,true,false,1,1,1,false,true,false,false,false,false,false,false,false
Available export: 2026-07-14 to 2026-08-04 (22 days),2026-08-03,13997827.1785407114|1785763358,13997827.1785407114,1785763358,(direct),(none),(direct),1785763358975708,https://terminusmaximus.com/replay-library/?boss=Ghaz&team=Laviscus&map=Ghaz_02,boss=Ghaz&team=Laviscus&map=Ghaz_02,https://terminusmaximus.com/guild-raid/boss-meta/,terminusmaximus.com,,/replay-library/,true,false,2,2,1,false,false,true,true,false,false,false,false,false
Available export: 2026-07-14 to 2026-08-04 (22 days),2026-08-03,13997827.1785407114|1785780731,13997827.1785407114,1785780731,(direct),(none),(direct),1785780732207999,https://terminusmaximus.com/replay-library/?boss=Szarekh&team=Laviscus,boss=Szarekh&team=Laviscus,https://terminusmaximus.com/guild-raid/boss-meta/,terminusmaximus.com,,,true,false,1,1,1,false,true,false,false,false,false,false,false,false
Available export: 2026-07-14 to 2026-08-04 (22 days),2026-08-03,1404012984.1784971666|1785783657,1404012984.1784971666,1785783657,duckduckgo,organic,(organic),1785783665107833,https://terminusmaximus.com/replay-library/,,https://terminusmaximus.com/,terminusmaximus.com,/,/replay-library/,false,true,6,5,1,false,false,true,true,false,false,false,false,false
Available export: 2026-07-14 to 2026-08-04 (22 days),2026-08-03,1413919667.1785323208|1785766848,1413919667.1785323208,1785766848,(direct),(none),(direct),1785766853861976,https://terminusmaximus.com/replay-library/,,https://terminusmaximus.com/replay-library/?boss=Lion,terminusmaximus.com,,,true,false,1,1,1,false,true,false,false,false,false,false,false,false
Available export: 2026-07-14 to 2026-08-04 (22 days),2026-08-03,1443221703.1785794070|1785794070,1443221703.1785794070,1785794070,(direct),(none),(direct),1785794070354498,https://terminusmaximus.com/replay-library/,,,,,/replay-library/,true,false,6,6,1,false,false,true,true,false,false,false,false,false
Available export: 2026-07-14 to 2026-08-04 (22 days),2026-08-03,1456607398.1785589016|1785811394,1456607398.1785589016,1785811394,reddit,post,s106,1785811395330468,https://terminusmaximus.com/replay-library/?utm_source=reddit&utm_medium=post&utm_campaign=s106,utm_source=reddit&utm_medium=post&utm_campaign=s106,,,,/replay-library/,true,false,12,12,1,false,false,true,true,false,false,false,false,false
Available export: 2026-07-14 to 2026-08-04 (22 days),2026-08-03,1456607398.1785589016|1785817928,1456607398.1785589016,1785817928,reddit,post,s106,1785817928528841,https://terminusmaximus.com/replay-library/?utm_source=reddit&utm_medium=post&utm_campaign=s106,utm_source=reddit&utm_medium=post&utm_campaign=s106,,,,/campaign-event/,true,false,2,1,1,false,false,true,false,false,false,false,false,false
Available export: 2026-07-14 to 2026-08-04 (22 days),2026-08-03,1467181830.1785076515|1785764336,1467181830.1785076515,1785764336,google,organic,(organic),1785764349673409,https://terminusmaximus.com/replay-library/,,https://terminusmaximus.com/guild-raid/boss-meta/,terminusmaximus.com,/guild-raid/boss-meta/,/replay-library/,false,true,4,3,1,false,false,true,true,false,false,false,false,false
Available export: 2026-07-14 to 2026-08-04 (22 days),2026-08-03,1475904548.1785809457|1785809456,1475904548.1785809457,1785809456,(direct),(none),(direct),1785809514228537,https://terminusmaximus.com/replay-library/,,,,/guild-raid/s106/,/guild-raid/,false,true,6,1,1,false,false,true,false,false,true,false,false,false
Available export: 2026-07-14 to 2026-08-04 (22 days),2026-08-03,1504399393.1785471561|1785766669,1504399393.1785471561,1785766669,reddit,post,s106,1785766669153107,https://terminusmaximus.com/replay-library/?utm_source=reddit&utm_medium=post&utm_campaign=s106&boss=Lion&team=Battlesuits,utm_source=reddit&utm_medium=post&utm_campaign=s106&boss=Lion&team=Battlesuits,,,,/replay-library/,true,false,3,3,1,false,false,true,true,false,false,false,false,false
Available export: 2026-07-14 to 2026-08-04 (22 days),2026-08-03,150477969.1785225961|1785806211,150477969.1785225961,1785806211,reddit,post,s106,1785806211561765,https://terminusmaximus.com/replay-library/?utm_source=reddit&utm_medium=post&utm_campaign=s106,utm_source=reddit&utm_medium=post&utm_campaign=s106,android-app://com.reddit.frontpage/,com.reddit.frontpage,,/replay-library/,true,false,22,22,1,false,false,true,true,false,false,false,false,false
Available export: 2026-07-14 to 2026-08-04 (22 days),2026-08-03,1518343288.1785015770|1785812641,1518343288.1785015770,1785812641,reddit,post,s105,1785812642316369,https://terminusmaximus.com/replay-library/?boss=Lion&tier=M1,boss=Lion&tier=M1,,,,/replay-library/,true,false,8,8,1,false,false,true,true,false,false,false,false,false
Available export: 2026-07-14 to 2026-08-04 (22 days),2026-08-03,1579534942.1785329290|1785765572,1579534942.1785329290,1785765572,google,organic,(organic),1785766486039528,https://terminusmaximus.com/replay-library/,,https://terminusmaximus.com/,terminusmaximus.com,/,/replay-library/,false,true,9,8,1,false,false,true,true,false,false,false,false,false
Available export: 2026-07-14 to 2026-08-04 (22 days),2026-08-03,1581834745.1784223577|1785764797,1581834745.1784223577,1785764797,(direct),(none),(direct),1785764797507965,https://terminusmaximus.com/replay-library/,,,,,/replay-library/,true,false,3,3,1,false,false,true,true,false,false,false,false,false
Available export: 2026-07-14 to 2026-08-04 (22 days),2026-08-03,162260773.1782618688|1785804923,162260773.1782618688,1785804923,(direct),(none),(direct),1785804926806794,https://terminusmaximus.com/replay-library/,,https://terminusmaximus.com/,terminusmaximus.com,/,/replay-library/,false,true,4,3,1,false,false,true,true,false,false,false,false,false
Available export: 2026-07-14 to 2026-08-04 (22 days),2026-08-03,1646570964.1785131230|1785792591,1646570964.1785131230,1785792591,(direct),(none),(direct),1785792598497097,https://terminusmaximus.com/replay-library/,,https://terminusmaximus.com/elite-campaigns/,terminusmaximus.com,/elite-campaigns/,/replay-library/,false,true,6,5,1,false,false,true,true,false,false,false,false,false
Available export: 2026-07-14 to 2026-08-04 (22 days),2026-08-03,1673564512.1785462810|1785825301,1673564512.1785462810,1785825301,google,organic,(organic),1785825303394431,https://terminusmaximus.com/replay-library/,,https://terminusmaximus.com/,terminusmaximus.com,/,/replay-library/,false,true,10,9,1,false,false,true,true,false,false,false,false,false
Available export: 2026-07-14 to 2026-08-04 (22 days),2026-08-03,1691462666.1784115627|1785752256,1691462666.1784115627,1785752256,(direct),(none),(direct),1785752256670781,https://terminusmaximus.com/replay-library/,,,,,/replay-library/,true,false,3,3,1,false,false,true,true,false,false,false,false,false
Available export: 2026-07-14 to 2026-08-04 (22 days),2026-08-03,1694406866.1781479955|1785790871,1694406866.1781479955,1785790871,reddit,post,mow2026,1785790865958401,https://terminusmaximus.com/replay-library/,,https://terminusmaximus.com/?utm_source=reddit&utm_medium=post&utm_campaign=mow2026,terminusmaximus.com,/,/replay-library/,false,true,5,4,1,false,false,true,true,false,false,false,false,false
Available export: 2026-07-14 to 2026-08-04 (22 days),2026-08-03,1711997251.1785793103|1785793102,1711997251.1785793103,1785793102,(direct),(none),(direct),1785793124827248,https://terminusmaximus.com/replay-library/,,https://terminusmaximus.com/guild-raid/s106/,terminusmaximus.com,/guild-raid/s106/,/replay-library/,false,true,5,2,1,false,false,true,true,false,false,false,false,false
Available export: 2026-07-14 to 2026-08-04 (22 days),2026-08-03,1750145351.1780773652|1785741148,1750145351.1780773652,1785741148,duckduckgo,organic,(organic),1785741155239375,https://terminusmaximus.com/replay-library/,,https://terminusmaximus.com/,terminusmaximus.com,/,/replay-library/,false,true,7,6,1,false,false,true,true,false,false,false,false,false
Available export: 2026-07-14 to 2026-08-04 (22 days),2026-08-03,1751120499.1785358777|1785766940,1751120499.1785358777,1785766940,(direct),(none),(direct),1785766940658496,https://terminusmaximus.com/replay-library/,,,,,/replay-library/,true,false,4,4,1,false,false,true,true,false,false,false,false,false
Available export: 2026-07-14 to 2026-08-04 (22 days),2026-08-03,1784378444.1785419232|1785786305,1784378444.1785419232,1785786305,(direct),(none),(direct),1785786306070312,https://terminusmaximus.com/replay-library/,,,,,/replay-library/,true,false,5,5,1,false,false,true,true,false,false,false,false,false
Available export: 2026-07-14 to 2026-08-04 (22 days),2026-08-03,1784678737.1784129889|1785819454,1784678737.1784129889,1785819454,reddit,post,s105,1785819454916917,https://terminusmaximus.com/replay-library/?boss=Avatar&team=AdMech&map=Avatar_05,boss=Avatar&team=AdMech&map=Avatar_05,https://terminusmaximus.com/replay-library/?boss=Dorn&team=AdMech&map=Dorn_03,terminusmaximus.com,,/replay-library/,true,false,6,6,1,false,false,true,true,false,false,false,false,false
Available export: 2026-07-14 to 2026-08-04 (22 days),2026-08-03,1807258352.1785064515|1785818327,1807258352.1785064515,1785818327,reddit,post,s106,1785818327426771,https://terminusmaximus.com/replay-library/?utm_source=reddit&utm_medium=post&utm_campaign=s106&boss=Szarekh&map=Szarekh_04,utm_source=reddit&utm_medium=post&utm_campaign=s106&boss=Szarekh&map=Szarekh_04,https://www.reddit.com/,www.reddit.com,,/replay-library/,true,false,3,3,1,false,false,true,true,false,false,false,false,false
Available export: 2026-07-14 to 2026-08-04 (22 days),2026-08-03,181325334.1785781662|1785781661,181325334.1785781662,1785781661,(direct),(none),(direct),1785781661882008,https://terminusmaximus.com/replay-library/?boss=Dorn&team=Laviscus&map=Dorn_03,boss=Dorn&team=Laviscus&map=Dorn_03,,,,,true,false,1,1,1,false,true,false,false,false,false,false,false,false
Available export: 2026-07-14 to 2026-08-04 (22 days),2026-08-03,1826243708.1783782513|1785764954,1826243708.1783782513,1785764954,google,organic,(organic),1785764954091854,https://terminusmaximus.com/replay-library/?boss=Ghaz&team=Laviscus&map=Ghaz_02,boss=Ghaz&team=Laviscus&map=Ghaz_02,https://terminusmaximus.com/,terminusmaximus.com,,/guild-raid/boss-meta/,true,false,2,1,1,false,false,true,false,false,false,false,false,false
Available export: 2026-07-14 to 2026-08-04 (22 days),2026-08-03,1831403012.1785824819|1785824819,1831403012.1785824819,1785824819,google,organic,(organic),1785824819475758,https://terminusmaximus.com/replay-library/,,https://www.google.com/,www.google.com,,/replay-library/,true,false,4,4,1,false,false,true,true,false,false,false,false,false
Available export: 2026-07-14 to 2026-08-04 (22 days),2026-08-03,1874545514.1784218913|1785752713,1874545514.1784218913,1785752713,google,organic,(organic),1785753169559179,https://www.terminusmaximus.com/replay-library/,,https://www.terminusmaximus.com/elite-campaigns/,www.terminusmaximus.com,/elite-campaigns/,/,false,true,11,1,1,false,false,true,false,false,false,false,false,false
Available export: 2026-07-14 to 2026-08-04 (22 days),2026-08-03,1888903437.1785779989|1785779988,1888903437.1785779989,1785779988,google,organic,(organic),1785779991328517,https://terminusmaximus.com/replay-library/,,https://terminusmaximus.com/guild-raid/,terminusmaximus.com,/guild-raid/,/replay-library/,false,true,5,4,1,false,false,true,true,false,false,false,false,false
Available export: 2026-07-14 to 2026-08-04 (22 days),2026-08-03,1918551651.1785157035|1785755380,1918551651.1785157035,1785755380,reddit,post,s106,1785755381210930,https://terminusmaximus.com/replay-library/?boss=Mortarion,boss=Mortarion,https://terminusmaximus.com/replay-library/?boss=Lion,terminusmaximus.com,,,true,false,1,1,1,false,true,false,false,false,false,false,false,false
Available export: 2026-07-14 to 2026-08-04 (22 days),2026-08-03,1918551651.1785157035|1785793972,1918551651.1785157035,1785793972,reddit,post,s106,1785793973073933,https://terminusmaximus.com/replay-library/?boss=Mortarion,boss=Mortarion,https://terminusmaximus.com/campaign-event/,terminusmaximus.com,,/replay-library/,true,false,3,3,1,false,false,true,true,false,false,false,false,false
Available export: 2026-07-14 to 2026-08-04 (22 days),2026-08-03,2051649883.1785785995|1785785994,2051649883.1785785995,1785785994,google,organic,(organic),1785786001274438,https://terminusmaximus.com/replay-library/,,https://terminusmaximus.com/,terminusmaximus.com,,/,true,false,4,3,2,true,false,true,true,false,false,false,false,false
Available export: 2026-07-14 to 2026-08-04 (22 days),2026-08-03,205227605.1785290287|1785767018,205227605.1785290287,1785767018,google,organic,(organic),1785767017715601,https://terminusmaximus.com/replay-library/?boss=Magnus,boss=Magnus,https://terminusmaximus.com/,terminusmaximus.com,,,true,false,1,1,1,false,true,false,false,false,false,false,false,false
Available export: 2026-07-14 to 2026-08-04 (22 days),2026-08-03,205227605.1785290287|1785773389,205227605.1785290287,1785773389,google,organic,(organic),1785773388655024,https://terminusmaximus.com/replay-library/?boss=Magnus,boss=Magnus,https://terminusmaximus.com/,terminusmaximus.com,,,true,false,1,1,1,false,true,false,false,false,false,false,false,false
Available export: 2026-07-14 to 2026-08-04 (22 days),2026-08-03,205227605.1785290287|1785777934,205227605.1785290287,1785777934,google,organic,(organic),1785777934802677,https://terminusmaximus.com/replay-library/?boss=Magnus,boss=Magnus,https://terminusmaximus.com/,terminusmaximus.com,,,true,false,1,1,1,false,true,false,false,false,false,false,false,false
Available export: 2026-07-14 to 2026-08-04 (22 days),2026-08-03,205227605.1785290287|1785786096,205227605.1785290287,1785786096,google,organic,(organic),1785786105162971,https://terminusmaximus.com/replay-library/?boss=Magnus,boss=Magnus,https://terminusmaximus.com/,terminusmaximus.com,,,true,false,1,1,1,false,true,false,false,false,false,false,false,false
Available export: 2026-07-14 to 2026-08-04 (22 days),2026-08-03,205227605.1785290287|1785796802,205227605.1785290287,1785796802,google,organic,(organic),1785796802455121,https://terminusmaximus.com/replay-library/?boss=Magnus,boss=Magnus,https://terminusmaximus.com/,terminusmaximus.com,,/replay-library/,true,false,3,3,1,false,false,true,true,false,false,false,false,false
Available export: 2026-07-14 to 2026-08-04 (22 days),2026-08-03,2100717848.1783783341|1785791042,2100717848.1783783341,1785791042,(direct),(none),(direct),1785791042267582,https://terminusmaximus.com/replay-library/,,,,,/replay-library/,true,false,8,8,1,false,false,true,true,false,false,false,false,false
Available export: 2026-07-14 to 2026-08-04 (22 days),2026-08-03,2111859797.1784029962|1785783499,2111859797.1784029962,1785783499,reddit,post,s105,1785783499844896,https://terminusmaximus.com/replay-library/?utm_source=reddit&utm_medium=post&utm_campaign=s105&boss=Lion,utm_source=reddit&utm_medium=post&utm_campaign=s105&boss=Lion,https://terminusmaximus.com/replay-library/?utm_source=reddit&utm_medium=post&utm_campaign=s105&boss=Magnus&map=Magnus_02,terminusmaximus.com,,/replay-library/,true,false,4,4,1,false,false,true,true,false,false,false,false,false
Available export: 2026-07-14 to 2026-08-04 (22 days),2026-08-03,258595411.1780686334|1785784841,258595411.1780686334,1785784841,(direct),(none),(direct),1785784841521015,https://terminusmaximus.com/replay-library/,,,,,/replay-library/,true,false,6,4,1,false,false,true,true,false,true,false,false,false
Available export: 2026-07-14 to 2026-08-04 (22 days),2026-08-03,267459455.1785789569|1785789568,267459455.1785789569,1785789568,(direct),(none),(direct),1785789598595816,https://terminusmaximus.com/replay-library/,,https://terminusmaximus.com/,terminusmaximus.com,/,/replay-library/,false,true,5,4,1,false,false,true,true,false,false,false,false,false
Available export: 2026-07-14 to 2026-08-04 (22 days),2026-08-03,267459455.1785789569|1785813012,267459455.1785789569,1785813012,(direct),(none),(direct),1785813012807037,https://terminusmaximus.com/replay-library/?boss=Magnus&team=Custodes&tier=M2,boss=Magnus&team=Custodes&tier=M2,https://terminusmaximus.com/,terminusmaximus.com,,,true,false,1,1,1,false,true,false,false,false,false,false,false,false
Available export: 2026-07-14 to 2026-08-04 (22 days),2026-08-03,296541647.1785219031|1785783093,296541647.1785219031,1785783093,(direct),(none),(direct),1785783092261692,https://terminusmaximus.com/replay-library/,,,,,/replay-library/,true,false,2,2,1,false,false,true,true,false,false,false,false,false
Available export: 2026-07-14 to 2026-08-04 (22 days),2026-08-03,301255255.1783700732|1785763793,301255255.1783700732,1785763793,(direct),(none),(direct),1785763806438257,https://terminusmaximus.com/replay-library/,,https://terminusmaximus.com/,terminusmaximus.com,/,/replay-library/,false,true,6,5,1,false,false,true,true,false,false,false,false,false
Available export: 2026-07-14 to 2026-08-04 (22 days),2026-08-03,32233025.1785788665|1785788665,32233025.1785788665,1785788665,google,organic,(organic),1785788666844062,https://terminusmaximus.com/replay-library/,,https://terminusmaximus.com/,terminusmaximus.com,/,/replay-library/,false,true,5,4,1,false,false,true,true,false,false,false,false,false
Available export: 2026-07-14 to 2026-08-04 (22 days),2026-08-03,338536915.1784646557|1785748976,338536915.1784646557,1785748976,reddit,post,s105,1785748976630334,https://terminusmaximus.com/replay-library/?boss=Dorn&team=Laviscus&map=Dorn_03,boss=Dorn&team=Laviscus&map=Dorn_03,https://terminusmaximus.com/replay-library/?utm_source=reddit&utm_medium=post&utm_campaign=s105&boss=Avatar&team=Laviscus&map=Avatar_02&tier=L3,terminusmaximus.com,,,true,false,1,1,1,false,true,false,false,false,false,false,false,false
Available export: 2026-07-14 to 2026-08-04 (22 days),2026-08-03,338536915.1784646557|1785763588,338536915.1784646557,1785763588,reddit,post,s105,1785763588365671,https://terminusmaximus.com/replay-library/?boss=Dorn&team=Laviscus&map=Dorn_03,boss=Dorn&team=Laviscus&map=Dorn_03,https://terminusmaximus.com/replay-library/?utm_source=reddit&utm_medium=post&utm_campaign=s105&boss=Avatar&team=Laviscus&map=Avatar_02&tier=L3,terminusmaximus.com,,,true,false,1,1,1,false,true,false,false,false,false,false,false,false
Available export: 2026-07-14 to 2026-08-04 (22 days),2026-08-03,37543372.1785478277|1785826173,37543372.1785478277,1785826173,google,organic,(organic),1785826173717313,https://terminusmaximus.com/replay-library/?boss=Magnus&team=Forcasmo,boss=Magnus&team=Forcasmo,https://terminusmaximus.com/,terminusmaximus.com,,,true,false,1,1,1,false,true,false,false,false,false,false,false,false
Available export: 2026-07-14 to 2026-08-04 (22 days),2026-08-03,388840894.1784353260|1785756187,388840894.1784353260,1785756187,(direct),(none),(direct),1785756187970481,https://terminusmaximus.com/replay-library/,,,,,,true,false,1,1,1,false,true,false,false,false,false,false,false,false
Available export: 2026-07-14 to 2026-08-04 (22 days),2026-08-03,388840894.1784353260|1785793923,388840894.1784353260,1785793923,(direct),(none),(direct),1785793926692268,https://terminusmaximus.com/replay-library/,,,,,,true,false,1,1,1,false,true,false,false,false,false,false,false,false
Available export: 2026-07-14 to 2026-08-04 (22 days),2026-08-03,400144136.1785812339|1785812339,400144136.1785812339,1785812339,(direct),(none),(direct),1785812339066287,https://terminusmaximus.com/replay-library/,,android-app://com.reddit.frontpage/,com.reddit.frontpage,,/replay-library/,true,false,4,4,1,false,false,true,true,false,false,false,false,false
Available export: 2026-07-14 to 2026-08-04 (22 days),2026-08-03,40450424.1785762969|1785762969,40450424.1785762969,1785762969,reddit,post,ce,1785762986537251,https://terminusmaximus.com/replay-library/,,https://terminusmaximus.com/?utm_source=reddit&utm_medium=post&utm_campaign=ce,terminusmaximus.com,/,/events/,false,true,5,1,1,false,false,true,false,false,false,false,false,false
Available export: 2026-07-14 to 2026-08-04 (22 days),2026-08-03,404875040.1785820884|1785820883,404875040.1785820884,1785820883,google,organic,(organic),1785821049179351,https://terminusmaximus.com/replay-library/,,https://terminusmaximus.com/guild-raid/boss-meta/,terminusmaximus.com,/guild-raid/boss-meta/,/replay-library/,false,true,7,6,1,false,false,true,true,false,true,false,false,false
Available export: 2026-07-14 to 2026-08-04 (22 days),2026-08-03,415067581.1783749267|1785820642,415067581.1783749267,1785820642,(direct),(none),(direct),1785820647064283,https://terminusmaximus.com/replay-library/,,https://terminusmaximus.com/guild-raid/boss-meta/,terminusmaximus.com,/guild-raid/boss-meta/,/replay-library/,false,true,4,3,1,false,false,true,true,false,false,false,false,false
Available export: 2026-07-14 to 2026-08-04 (22 days),2026-08-03,415067581.1783749267|1785825893,415067581.1783749267,1785825893,(direct),(none),(direct),1785825893485320,https://terminusmaximus.com/replay-library/?boss=Lion&team=Battlesuits,boss=Lion&team=Battlesuits,https://terminusmaximus.com/guild-raid/boss-meta/,terminusmaximus.com,,,true,false,1,1,1,false,true,false,false,false,false,false,false,false
Available export: 2026-07-14 to 2026-08-04 (22 days),2026-08-03,426702152.1785795235|1785795235,426702152.1785795235,1785795235,(direct),(none),(direct),1785795235203804,https://terminusmaximus.com/replay-library/,,,,,/replay-library/,true,false,4,4,1,false,false,true,true,false,false,false,false,false
Available export: 2026-07-14 to 2026-08-04 (22 days),2026-08-03,442571125.1785755449|1785755449,442571125.1785755449,1785755449,(direct),(none),(direct),1785755545650926,https://terminusmaximus.com/replay-library/,,https://terminusmaximus.com/lre/,terminusmaximus.com,/lre/,/replay-library/,false,true,12,9,1,false,false,true,true,false,false,false,false,false
Available export: 2026-07-14 to 2026-08-04 (22 days),2026-08-03,475659729.1785048966|1785758585,475659729.1785048966,1785758585,(direct),(none),(direct),1785758585860156,https://terminusmaximus.com/replay-library/?boss=Avatar&team=Laviscus&map=Avatar_02,boss=Avatar&team=Laviscus&map=Avatar_02,https://terminusmaximus.com/guild-raid/s105/,terminusmaximus.com,,,true,false,1,1,1,false,true,false,false,false,false,false,false,false
Available export: 2026-07-14 to 2026-08-04 (22 days),2026-08-03,485943286.1783635513|1785755176,485943286.1783635513,1785755176,(direct),(none),(direct),1785755175959138,https://terminusmaximus.com/replay-library/?boss=Lion&tier=M1,boss=Lion&tier=M1,https://terminusmaximus.com/guild-raid/boss-meta/,terminusmaximus.com,,,true,false,1,1,1,false,true,false,false,false,false,false,false,false
Available export: 2026-07-14 to 2026-08-04 (22 days),2026-08-03,485943286.1783635513|1785757220,485943286.1783635513,1785757220,(direct),(none),(direct),1785757238198372,https://terminusmaximus.com/replay-library/?boss=Lion&tier=M1,boss=Lion&tier=M1,https://terminusmaximus.com/guild-raid/boss-meta/,terminusmaximus.com,,,true,false,1,1,1,false,true,false,false,false,false,false,false,false
Available export: 2026-07-14 to 2026-08-04 (22 days),2026-08-03,485943286.1783635513|1785773998,485943286.1783635513,1785773998,(direct),(none),(direct),1785773997504695,https://terminusmaximus.com/replay-library/?boss=Lion&tier=M1,boss=Lion&tier=M1,https://terminusmaximus.com/guild-raid/boss-meta/,terminusmaximus.com,,,true,false,1,1,1,false,true,false,false,false,false,false,false,false
Available export: 2026-07-14 to 2026-08-04 (22 days),2026-08-03,485943286.1783635513|1785820936,485943286.1783635513,1785820936,(direct),(none),(direct),1785820970590559,https://terminusmaximus.com/replay-library/?boss=Szarekh&map=Szarekh_04,boss=Szarekh&map=Szarekh_04,,,/guild-raid/boss-meta/,/guild-raid/boss-meta/,false,true,6,4,2,true,false,true,true,false,false,false,false,false
Available export: 2026-07-14 to 2026-08-04 (22 days),2026-08-03,532901899.1784818070|1785744513,532901899.1784818070,1785744513,(direct),(none),(direct),1785744514523811,https://terminusmaximus.com/replay-library/,,,,,/replay-library/,true,false,4,4,1,false,false,true,true,false,false,false,false,false
Available export: 2026-07-14 to 2026-08-04 (22 days),2026-08-03,545009955.1785759035|1785759034,545009955.1785759035,1785759034,google,organic,(organic),1785759036112620,https://terminusmaximus.com/replay-library/,,https://www.google.com/,www.google.com,,/replay-library/,true,false,4,4,1,false,false,true,true,false,false,false,false,false
Available export: 2026-07-14 to 2026-08-04 (22 days),2026-08-03,64766072.1785810031|1785810030,64766072.1785810031,1785810030,(direct),(none),(direct),1785810046507900,https://terminusmaximus.com/replay-library/?boss=Avatar,boss=Avatar,,,,/replay-library/,true,false,6,6,1,false,false,true,true,false,false,false,false,false
Available export: 2026-07-14 to 2026-08-04 (22 days),2026-08-03,649768767.1784032736|1785817660,649768767.1784032736,1785817660,reddit,post,s105,1785817661048877,https://terminusmaximus.com/replay-library/?utm_source=reddit&utm_medium=post&utm_campaign=s105,utm_source=reddit&utm_medium=post&utm_campaign=s105,,,,/replay-library/,true,false,4,4,1,false,false,true,true,false,false,false,false,false
Available export: 2026-07-14 to 2026-08-04 (22 days),2026-08-03,689490324.1784273887|1785767152,689490324.1784273887,1785767152,discord,post,boss-meta,1785767152484992,https://terminusmaximus.com/replay-library/?team=Neuro&hero=Winged,team=Neuro&hero=Winged,,,,/replay-library/,true,false,12,12,1,false,false,true,true,false,false,false,false,false
Available export: 2026-07-14 to 2026-08-04 (22 days),2026-08-03,728406567.1785346212|1785767655,728406567.1785346212,1785767655,google,organic,(organic),1785767655401106,https://terminusmaximus.com/replay-library/,,,,,/replay-library/,true,false,8,8,1,false,false,true,true,false,false,false,false,false
Available export: 2026-07-14 to 2026-08-04 (22 days),2026-08-03,733367220.1785746045|1785746044,733367220.1785746045,1785746044,(direct),(none),(direct),1785746053335317,https://terminusmaximus.com/replay-library/,,https://terminusmaximus.com/,terminusmaximus.com,/,/replay-library/,false,true,9,8,1,false,false,true,true,false,false,false,false,false
Available export: 2026-07-14 to 2026-08-04 (22 days),2026-08-03,733367220.1785746045|1785761497,733367220.1785746045,1785761497,(direct),(none),(direct),1785761497639077,https://terminusmaximus.com/replay-library/?boss=Magnus&team=Laviscus&map=Magnus_02&tier=L5&minDamage=350000&minDate=2026-07-01,boss=Magnus&team=Laviscus&map=Magnus_02&tier=L5&minDamage=350000&minDate=2026-07-01,https://terminusmaximus.com/,terminusmaximus.com,,,true,false,1,1,1,false,true,false,false,false,false,false,false,false
Available export: 2026-07-14 to 2026-08-04 (22 days),2026-08-03,733367220.1785746045|1785765379,733367220.1785746045,1785765379,(direct),(none),(direct),1785765379896384,https://terminusmaximus.com/replay-library/?boss=Magnus&team=Laviscus&map=Magnus_02&tier=L5&minDamage=350000&minDate=2026-07-01,boss=Magnus&team=Laviscus&map=Magnus_02&tier=L5&minDamage=350000&minDate=2026-07-01,https://terminusmaximus.com/,terminusmaximus.com,,,true,false,1,1,1,false,true,false,false,false,false,false,false,false
Available export: 2026-07-14 to 2026-08-04 (22 days),2026-08-03,733367220.1785746045|1785825418,733367220.1785746045,1785825418,(direct),(none),(direct),1785825418678968,https://terminusmaximus.com/replay-library/?boss=Magnus&team=Laviscus&map=Magnus_02&tier=L5&minDamage=350000&minDate=2026-07-01,boss=Magnus&team=Laviscus&map=Magnus_02&tier=L5&minDamage=350000&minDate=2026-07-01,https://terminusmaximus.com/,terminusmaximus.com,,,true,false,1,1,1,false,true,false,false,false,false,false,false,false
Available export: 2026-07-14 to 2026-08-04 (22 days),2026-08-03,744786233.1785797039|1785797038,744786233.1785797039,1785797038,(direct),(none),(direct),1785797039332523,https://terminusmaximus.com/replay-library/,,,,,/replay-library/,true,false,7,7,1,false,false,true,true,false,false,false,false,false
Available export: 2026-07-14 to 2026-08-04 (22 days),2026-08-03,752097223.1785752052|1785752051,752097223.1785752052,1785752051,(direct),(none),(direct),1785752068179961,https://terminusmaximus.com/replay-library/,,https://terminusmaximus.com/,terminusmaximus.com,/,/replay-library/,false,true,4,3,1,false,false,true,true,false,false,false,false,false
Available export: 2026-07-14 to 2026-08-04 (22 days),2026-08-03,76665388.1783780158|1785766167,76665388.1783780158,1785766167,reddit,post,lysander,1785766167131252,https://terminusmaximus.com/replay-library/?boss=Mortarion&team=Laviscus&tier=M2,boss=Mortarion&team=Laviscus&tier=M2,https://terminusmaximus.com/,terminusmaximus.com,,,true,false,1,1,1,false,true,false,false,false,false,false,false,false
Available export: 2026-07-14 to 2026-08-04 (22 days),2026-08-03,76665388.1783780158|1785797940,76665388.1783780158,1785797940,reddit,post,lysander,1785797940601717,https://terminusmaximus.com/replay-library/?boss=Mortarion&team=Laviscus&tier=M2,boss=Mortarion&team=Laviscus&tier=M2,https://terminusmaximus.com/,terminusmaximus.com,,,true,false,1,1,1,false,true,false,false,false,false,false,false,false
Available export: 2026-07-14 to 2026-08-04 (22 days),2026-08-03,767252580.1785261185|1785747074,767252580.1785261185,1785747074,reddit,post,s106,1785747075038426,https://terminusmaximus.com/replay-library/?boss=Mortarion&map=Mortarion_04,boss=Mortarion&map=Mortarion_04,https://terminusmaximus.com/guild-raid/s106/?utm_source=reddit&utm_medium=post&utm_campaign=s106,terminusmaximus.com,,/guild-raid/s106/,true,false,6,5,2,true,false,true,true,false,true,false,false,false
Available export: 2026-07-14 to 2026-08-04 (22 days),2026-08-03,776182018.1784139373|1785757851,776182018.1784139373,1785757851,(direct),(none),(direct),1785757852071991,https://terminusmaximus.com/replay-library/,,,,,,true,false,1,1,1,false,true,false,false,false,false,false,false,false
Available export: 2026-07-14 to 2026-08-04 (22 days),2026-08-03,776182018.1784139373|1785766803,776182018.1784139373,1785766803,(direct),(none),(direct),1785766804131504,https://terminusmaximus.com/replay-library/,,,,,,true,false,1,1,1,false,true,false,false,false,false,false,false,false
Available export: 2026-07-14 to 2026-08-04 (22 days),2026-08-03,788923608.1785658793|1785807027,788923608.1785658793,1785807027,(direct),(none),(direct),1785807043288584,https://terminusmaximus.com/replay-library/?boss=Mortarion&map=Mortarion_04,boss=Mortarion&map=Mortarion_04,,,,/replay-library/,true,false,2,2,1,false,false,true,true,false,false,false,false,false
Available export: 2026-07-14 to 2026-08-04 (22 days),2026-08-03,810733946.1785796925|1785796925,810733946.1785796925,1785796925,reddit.com,referral,(referral),1785796926558440,https://terminusmaximus.com/replay-library/,,https://www.reddit.com/,www.reddit.com,,/replay-library/,true,false,3,3,1,false,false,true,true,false,false,false,false,false
Available export: 2026-07-14 to 2026-08-04 (22 days),2026-08-03,822699369.1785809403|1785809402,822699369.1785809403,1785809402,(direct),(none),(direct),1785809403046662,https://terminusmaximus.com/replay-library/,,,,,/replay-library/,true,false,3,3,1,false,false,true,true,false,false,false,false,false
Available export: 2026-07-14 to 2026-08-04 (22 days),2026-08-03,839349046.1782972875|1785813448,839349046.1782972875,1785813448,reddit.com,referral,(referral),1785813448862963,https://terminusmaximus.com/replay-library/,,https://www.reddit.com/,www.reddit.com,,/replay-library/,true,false,3,3,1,false,false,true,true,false,false,false,false,false
Available export: 2026-07-14 to 2026-08-04 (22 days),2026-08-03,864718273.1785402190|1785794042,864718273.1785402190,1785794042,(direct),(none),(direct),1785794021018396,https://terminusmaximus.com/replay-library/,,https://terminusmaximus.com/,terminusmaximus.com,/,/replay-library/,false,true,11,10,1,false,false,true,true,false,false,false,false,false
Available export: 2026-07-14 to 2026-08-04 (22 days),2026-08-03,880055914.1784301103|1785774106,880055914.1784301103,1785774106,(direct),(none),(direct),1785774106633359,https://terminusmaximus.com/replay-library/?boss=Lion&map=Lion_03,boss=Lion&map=Lion_03,https://terminusmaximus.com/,terminusmaximus.com,,,true,false,1,1,1,false,true,false,false,false,false,false,false,false
Available export: 2026-07-14 to 2026-08-04 (22 days),2026-08-03,88011080.1784934505|1785563524,88011080.1784934505,1785563524,reddit,post,s106,1785784373741286,https://terminusmaximus.com/replay-library/?boss=Ghaz&team=Laviscus&map=Ghaz_02,boss=Ghaz&team=Laviscus&map=Ghaz_02,,,,/replay-library/,true,false,6,6,1,false,false,true,true,false,false,false,false,false
Available export: 2026-07-14 to 2026-08-04 (22 days),2026-08-03,88011080.1784934505|1785574234,88011080.1784934505,1785574234,reddit,post,s106,1785795083412563,https://terminusmaximus.com/replay-library/?team=Laviscus,team=Laviscus,,,,/replay-library/,true,false,2,2,1,false,false,true,true,false,false,false,false,false
Available export: 2026-07-14 to 2026-08-04 (22 days),2026-08-03,940403840.1784713030|1785749929,940403840.1784713030,1785749929,(direct),(none),(direct),1785749929879474,https://terminusmaximus.com/replay-library/,,,,,/replay-library/,true,false,7,7,1,false,false,true,true,false,false,false,false,false
Available export: 2026-07-14 to 2026-08-04 (22 days),2026-08-03,941435474.1785818057|1785818056,941435474.1785818057,1785818056,(direct),(none),(direct),1785818057275684,https://terminusmaximus.com/replay-library/?boss=Mortarion&team=Neuro&map=Mortarion_04&tier=M2,boss=Mortarion&team=Neuro&map=Mortarion_04&tier=M2,https://terminusmaximus.com/replay-library/?boss=Lion&map=Lion_03,terminusmaximus.com,,,true,false,1,1,1,false,true,false,false,false,false,false,false,false
Available export: 2026-07-14 to 2026-08-04 (22 days),2026-08-03,948244868.1785713460|1785777505,948244868.1785713460,1785777505,(direct),(none),(direct),1785777506047426,https://terminusmaximus.com/replay-library/?boss=Avatar&team=AdMech,boss=Avatar&team=AdMech,,,,/replay-library/,true,false,3,3,1,false,false,true,true,false,false,false,false,false
Available export: 2026-07-14 to 2026-08-04 (22 days),2026-08-03,948244868.1785713460|1785780059,948244868.1785713460,1785780059,(direct),(none),(direct),1785780059437556,https://terminusmaximus.com/replay-library/?boss=Szarekh&team=AdMech&tier=L4,boss=Szarekh&team=AdMech&tier=L4,,,,,true,false,1,1,1,false,true,false,false,false,false,false,false,false
Available export: 2026-07-14 to 2026-08-04 (22 days),2026-08-03,952805471.1783197340|1785788864,952805471.1783197340,1785788864,(direct),(none),(direct),1785788877480359,https://terminusmaximus.com/replay-library/,,https://terminusmaximus.com/,terminusmaximus.com,/,/replay-library/,false,true,5,4,1,false,false,true,true,false,false,false,false,false
Available export: 2026-07-14 to 2026-08-04 (22 days),2026-08-03,959714273.1781811536|1785787372,959714273.1781811536,1785787372,(direct),(none),(direct),1785787372203093,https://terminusmaximus.com/replay-library/?boss=Szarekh&team=Laviscus&map=Szarekh_04,boss=Szarekh&team=Laviscus&map=Szarekh_04,https://terminusmaximus.com/guild-raid/boss-meta/,terminusmaximus.com,,/replay-library/,true,false,3,3,1,false,false,true,true,false,false,false,false,false
Available export: 2026-07-14 to 2026-08-04 (22 days),2026-08-03,966170786.1785825042|1785825042,966170786.1785825042,1785825042,(direct),(none),(direct),1785825042559336,https://terminusmaximus.com/replay-library/,,,,,/,true,false,7,6,2,true,false,true,true,false,false,false,false,false
Available export: 2026-07-14 to 2026-08-04 (22 days),2026-08-04,10452410.1785838062|1785838062,10452410.1785838062,1785838062,(direct),(none),(direct),1785838062573841,https://terminusmaximus.com/replay-library/,,,,,/replay-library/,true,false,3,3,1,false,false,true,true,false,false,false,false,false
Available export: 2026-07-14 to 2026-08-04 (22 days),2026-08-04,1068718977.1781542295|1785836298,1068718977.1781542295,1785836298,google,organic,(organic),1785836314973834,https://terminusmaximus.com/replay-library/,,https://terminusmaximus.com/,terminusmaximus.com,/,/replay-library/,false,true,5,4,1,false,false,true,true,false,false,false,false,false
Available export: 2026-07-14 to 2026-08-04 (22 days),2026-08-04,1068718977.1781542295|1785869657,1068718977.1781542295,1785869657,google,organic,(organic),1785869658206243,https://terminusmaximus.com/replay-library/?boss=Mortarion&map=Mortarion_04&tier=M2,boss=Mortarion&map=Mortarion_04&tier=M2,https://terminusmaximus.com/,terminusmaximus.com,,,true,false,1,1,1,false,true,false,false,false,false,false,false,false
Available export: 2026-07-14 to 2026-08-04 (22 days),2026-08-04,1068718977.1781542295|1785873781,1068718977.1781542295,1785873781,google,organic,(organic),1785873782134853,https://terminusmaximus.com/replay-library/?boss=Mortarion&map=Mortarion_04&tier=M2,boss=Mortarion&map=Mortarion_04&tier=M2,https://terminusmaximus.com/,terminusmaximus.com,,,true,false,1,1,1,false,true,false,false,false,false,false,false,false
Available export: 2026-07-14 to 2026-08-04 (22 days),2026-08-04,111613413.1784280081|1785827519,111613413.1784280081,1785827519,google,organic,(organic),1785827519885069,https://terminusmaximus.com/replay-library/?boss=Tervigon,boss=Tervigon,https://terminusmaximus.com/guild-raid/boss-meta/,terminusmaximus.com,,,true,false,1,1,1,false,true,false,false,false,false,false,false,false
Available export: 2026-07-14 to 2026-08-04 (22 days),2026-08-04,111613413.1784280081|1785846168,111613413.1784280081,1785846168,google,organic,(organic),1785846168991818,https://terminusmaximus.com/replay-library/?boss=Szarekh,boss=Szarekh,https://terminusmaximus.com/replay-library/?boss=Tervigon,terminusmaximus.com,,/replay-library/,true,false,6,6,1,false,false,true,true,false,false,false,false,false
Available export: 2026-07-14 to 2026-08-04 (22 days),2026-08-04,111613413.1784280081|1785861059,111613413.1784280081,1785861059,google,organic,(organic),1785861088256967,https://terminusmaximus.com/replay-library/?boss=Szarekh&map=Szarekh_04&tier=L4,boss=Szarekh&map=Szarekh_04&tier=L4,https://terminusmaximus.com/replay-library/?boss=Szarekh&tier=L4,terminusmaximus.com,,,true,false,1,1,1,false,true,false,false,false,false,false,false,false
Available export: 2026-07-14 to 2026-08-04 (22 days),2026-08-04,1118665839.1785829974|1785829974,1118665839.1785829974,1785829974,(direct),(none),(direct),1785829972420868,https://terminusmaximus.com/replay-library/,,android-app://com.reddit.frontpage/,com.reddit.frontpage,,/replay-library/,true,false,4,4,1,false,false,true,true,false,false,false,false,false
Available export: 2026-07-14 to 2026-08-04 (22 days),2026-08-04,1140518834.1780544577|1785887827,1140518834.1780544577,1785887827,(direct),(none),(direct),1785887835291460,https://terminusmaximus.com/replay-library/,,https://terminusmaximus.com/,terminusmaximus.com,/,/replay-library/,false,true,18,15,3,true,false,true,true,false,false,false,false,false
Available export: 2026-07-14 to 2026-08-04 (22 days),2026-08-04,1170678472.1785330752|1785885569,1170678472.1785330752,1785885569,reddit,post,s106,1785885569495158,https://terminusmaximus.com/replay-library/?boss=Mortarion&team=Laviscus&map=Mortarion_04,boss=Mortarion&team=Laviscus&map=Mortarion_04,https://terminusmaximus.com/replay-library/?boss=Lion&tier=M1,terminusmaximus.com,,,true,false,1,1,1,false,true,false,false,false,false,false,false,false
Available export: 2026-07-14 to 2026-08-04 (22 days),2026-08-04,1211929338.1785886315|1785886314,1211929338.1785886315,1785886314,(direct),(none),(direct),1785886314796699,https://terminusmaximus.com/replay-library/,,,,,/replay-library/,true,false,6,4,1,false,false,true,true,false,false,false,false,false
Available export: 2026-07-14 to 2026-08-04 (22 days),2026-08-04,1238468685.1785863415|1785863414,1238468685.1785863415,1785863414,reddit,post,ce,1785863476518737,https://terminusmaximus.com/replay-library/,,https://terminusmaximus.com/beginner-guide/,terminusmaximus.com,/beginner-guide/,/,false,true,5,1,1,false,false,true,false,false,false,false,false,false
Available export: 2026-07-14 to 2026-08-04 (22 days),2026-08-04,1246780673.1785757548|1785866270,1246780673.1785757548,1785866270,(direct),(none),(direct),1785866270464624,https://terminusmaximus.com/replay-library/,,,,,/beginner-guide/,true,false,2,1,1,false,false,true,false,false,false,false,false,false
Available export: 2026-07-14 to 2026-08-04 (22 days),2026-08-04,1248298120.1784135033|1785893545,1248298120.1784135033,1785893545,reddit,post,s105,1785893545454251,https://terminusmaximus.com/replay-library/?utm_source=reddit&utm_medium=post&utm_campaign=s105,utm_source=reddit&utm_medium=post&utm_campaign=s105,,,,/replay-library/,true,false,4,4,1,false,false,true,true,false,false,false,false,false
Available export: 2026-07-14 to 2026-08-04 (22 days),2026-08-04,1250091458.1782517562|1785868599,1250091458.1782517562,1785868599,reddit,post,elite-campaigns,1785868600837571,https://terminusmaximus.com/replay-library/,,,,,/replay-library/,true,false,4,4,1,false,false,true,true,false,false,false,false,false
Available export: 2026-07-14 to 2026-08-04 (22 days),2026-08-04,1261565544.1780757750|1785859620,1261565544.1780757750,1785859620,reddit,post,s105,1785859622892515,https://terminusmaximus.com/replay-library/?utm_source=reddit&utm_medium=post&utm_campaign=s105&boss=Magnus&team=Custodes&map=Magnus_02&excludeHero=Rag,utm_source=reddit&utm_medium=post&utm_campaign=s105&boss=Magnus&team=Custodes&map=Magnus_02&excludeHero=Rag,https://www.reddit.com/,www.reddit.com,,/replay-library/,true,false,8,8,1,false,false,true,true,false,false,false,false,false
Available export: 2026-07-14 to 2026-08-04 (22 days),2026-08-04,1293136382.1785835091|1785835090,1293136382.1785835091,1785835090,youtube.com,referral,(referral),1785835812748134,https://terminusmaximus.com/replay-library/,,"https://terminusmaximus.com/),",terminusmaximus.com,/campaigns/indomitus/,,false,true,6,1,1,false,false,true,false,false,false,false,false,false
Available export: 2026-07-14 to 2026-08-04 (22 days),2026-08-04,1307631773.1785889814|1785889813,1307631773.1785889814,1785889813,(direct),(none),(direct),1785889856669910,https://www.terminusmaximus.com/replay-library/,,https://www.terminusmaximus.com/,www.terminusmaximus.com,/,,false,true,4,1,1,false,false,true,false,false,false,false,false,false
Available export: 2026-07-14 to 2026-08-04 (22 days),2026-08-04,1307631773.1785889814|1785892833,1307631773.1785889814,1785892833,(direct),(none),(direct),1785892833627735,https://www.terminusmaximus.com/replay-library/,,https://www.terminusmaximus.com/,www.terminusmaximus.com,,,true,false,1,1,1,false,true,false,false,false,false,false,false,false
Available export: 2026-07-14 to 2026-08-04 (22 days),2026-08-04,1329647486.1784224950|1785908685,1329647486.1784224950,1785908685,google,organic,(organic),1785908686409804,https://terminusmaximus.com/replay-library/?boss=Szarekh&map=Szarekh_04,boss=Szarekh&map=Szarekh_04,https://www.google.com/,www.google.com,,,true,false,1,1,1,false,true,false,false,false,false,false,false,false
Available export: 2026-07-14 to 2026-08-04 (22 days),2026-08-04,1386270515.1785834908|1785834907,1386270515.1785834908,1785834907,(direct),(none),(direct),1785834908462939,https://terminusmaximus.com/replay-library/,,,,,/replay-library/,true,false,4,4,1,false,false,true,true,false,false,false,false,false
Available export: 2026-07-14 to 2026-08-04 (22 days),2026-08-04,1386270515.1785834908|1785846788,1386270515.1785834908,1785846788,(direct),(none),(direct),1785846788917202,https://terminusmaximus.com/replay-library/,,,,,/replay-library/,true,false,2,2,1,false,false,true,true,false,false,false,false,false
Available export: 2026-07-14 to 2026-08-04 (22 days),2026-08-04,139003223.1785859915|1785859915,139003223.1785859915,1785859915,google,organic,(organic),1785859915822284,https://terminusmaximus.com/replay-library/,,https://www.google.com/,www.google.com,,,true,false,1,1,1,false,true,false,false,false,false,false,false,false
Available export: 2026-07-14 to 2026-08-04 (22 days),2026-08-04,13997827.1785407114|1785856320,13997827.1785407114,1785856320,(direct),(none),(direct),1785856321719096,https://terminusmaximus.com/replay-library/?boss=Szarekh&team=Laviscus,boss=Szarekh&team=Laviscus,https://terminusmaximus.com/guild-raid/boss-meta/,terminusmaximus.com,,,true,false,1,1,1,false,true,false,false,false,false,false,false,false
Available export: 2026-07-14 to 2026-08-04 (22 days),2026-08-04,1413919667.1785323208|1785874430,1413919667.1785323208,1785874430,(direct),(none),(direct),1785874438828115,https://terminusmaximus.com/replay-library/,,https://terminusmaximus.com/replay-library/?boss=Lion,terminusmaximus.com,,,true,false,1,1,1,false,true,false,false,false,false,false,false,false
Available export: 2026-07-14 to 2026-08-04 (22 days),2026-08-04,1437355820.1785857281|1785857280,1437355820.1785857281,1785857280,(direct),(none),(direct),1785857280810708,https://terminusmaximus.com/replay-library/,,,,,/replay-library/,true,false,2,2,1,false,false,true,true,false,false,false,false,false
Available export: 2026-07-14 to 2026-08-04 (22 days),2026-08-04,150477969.1785225961|1785847050,150477969.1785225961,1785847050,reddit,post,s106,1785847050801536,https://terminusmaximus.com/replay-library/?boss=Ghaz&team=Laviscus&map=Ghaz_02&tier=L3,boss=Ghaz&team=Laviscus&map=Ghaz_02&tier=L3,https://terminusmaximus.com/replay-library/?utm_source=reddit&utm_medium=post&utm_campaign=s106,terminusmaximus.com,,,true,false,1,1,1,false,true,false,false,false,false,false,false,false
Available export: 2026-07-14 to 2026-08-04 (22 days),2026-08-04,1518343288.1785015770|1785898759,1518343288.1785015770,1785898759,reddit,post,s105,1785898759718661,https://terminusmaximus.com/replay-library/?boss=Magnus,boss=Magnus,https://terminusmaximus.com/replay-library/?boss=Mortarion&tier=M2,terminusmaximus.com,,/replay-library/,true,false,2,2,1,false,false,true,true,false,false,false,false,false
Available export: 2026-07-14 to 2026-08-04 (22 days),2026-08-04,1520165871.1784095012|1785831443,1520165871.1784095012,1785831443,google,organic,(organic),1785831443991465,https://terminusmaximus.com/replay-library/?boss=Ghaz&team=Laviscus&map=Ghaz_02,boss=Ghaz&team=Laviscus&map=Ghaz_02,,,,,true,false,1,1,1,false,true,false,false,false,false,false,false,false
Available export: 2026-07-14 to 2026-08-04 (22 days),2026-08-04,1520165871.1784095012|1785839389,1520165871.1784095012,1785839389,google,organic,(organic),1785839390262294,https://terminusmaximus.com/replay-library/?boss=Ghaz&team=Laviscus&map=Ghaz_02,boss=Ghaz&team=Laviscus&map=Ghaz_02,,,,,true,false,1,1,1,false,true,false,false,false,false,false,false,false
Available export: 2026-07-14 to 2026-08-04 (22 days),2026-08-04,1520165871.1784095012|1785849607,1520165871.1784095012,1785849607,google,organic,(organic),1785849607544229,https://terminusmaximus.com/replay-library/?boss=Ghaz&team=Laviscus&map=Ghaz_02,boss=Ghaz&team=Laviscus&map=Ghaz_02,,,,,true,false,1,1,1,false,true,false,false,false,false,false,false,false
Available export: 2026-07-14 to 2026-08-04 (22 days),2026-08-04,1526517694.1785390913|1785826962,1526517694.1785390913,1785826962,(direct),(none),(direct),1785826962948122,https://terminusmaximus.com/replay-library/?boss=Magnus&map=Magnus_02,boss=Magnus&map=Magnus_02,https://terminusmaximus.com/guild-raid/boss-meta/,terminusmaximus.com,,/replay-library/,true,false,3,3,1,false,false,true,true,false,false,false,false,false
Available export: 2026-07-14 to 2026-08-04 (22 days),2026-08-04,1549725166.1785448553|1785877816,1549725166.1785448553,1785877816,google,organic,(organic),1785877884792823,https://terminusmaximus.com/replay-library/,,https://terminusmaximus.com/campaigns/,terminusmaximus.com,/campaigns/,,false,true,3,1,1,false,false,true,false,false,false,false,false,false
Available export: 2026-07-14 to 2026-08-04 (22 days),2026-08-04,1568230978.1785838649|1785838648,1568230978.1785838649,1785838648,google,organic,(organic),1785838655807680,https://terminusmaximus.com/replay-library/,,https://terminusmaximus.com/,terminusmaximus.com,/,/replay-library/,false,true,6,5,1,false,false,true,true,false,false,false,false,false
Available export: 2026-07-14 to 2026-08-04 (22 days),2026-08-04,1579534942.1785329290|1785851726,1579534942.1785329290,1785851726,google,organic,(organic),1785851717922559,https://terminusmaximus.com/replay-library/,,https://terminusmaximus.com/,terminusmaximus.com,/,/replay-library/,false,true,7,6,1,false,false,true,true,false,false,false,false,false
Available export: 2026-07-14 to 2026-08-04 (22 days),2026-08-04,1587685752.1785841587|1785841587,1587685752.1785841587,1785841587,(direct),(none),(direct),1785841587799753,https://terminusmaximus.com/replay-library/,,android-app://com.reddit.frontpage/,com.reddit.frontpage,,/replay-library/,true,false,5,5,1,false,false,true,true,false,false,false,false,false
Available export: 2026-07-14 to 2026-08-04 (22 days),2026-08-04,1617973791.1784216272|1785864597,1617973791.1784216272,1785864597,(direct),(none),(direct),1785864598264452,https://terminusmaximus.com/replay-library/,,,,,/replay-library/,true,false,16,16,1,false,false,true,true,false,false,false,false,false
Available export: 2026-07-14 to 2026-08-04 (22 days),2026-08-04,1617973791.1784216272|1785868726,1617973791.1784216272,1785868726,(direct),(none),(direct),1785868727556562,https://terminusmaximus.com/replay-library/?boss=Mortarion&tier=M2,boss=Mortarion&tier=M2,,,,,true,false,1,1,1,false,true,false,false,false,false,false,false,false
Available export: 2026-07-14 to 2026-08-04 (22 days),2026-08-04,1617973791.1784216272|1785876880,1617973791.1784216272,1785876880,(direct),(none),(direct),1785876880997581,https://terminusmaximus.com/replay-library/?boss=Mortarion&tier=M2,boss=Mortarion&tier=M2,,,,/replay-library/,true,false,3,3,1,false,false,true,true,false,false,false,false,false
Available export: 2026-07-14 to 2026-08-04 (22 days),2026-08-04,1634802281.1784812370|1785893401,1634802281.1784812370,1785893401,(direct),(none),(direct),1785893402597772,https://terminusmaximus.com/replay-library/,,,,,/replay-library/,true,false,5,5,1,false,false,true,true,false,false,false,false,false
Available export: 2026-07-14 to 2026-08-04 (22 days),2026-08-04,16786368.1785810026|1785862271,16786368.1785810026,1785862271,reddit,post,ce,1785863424883484,https://terminusmaximus.com/replay-library/,,https://terminusmaximus.com/beginner-guide/,terminusmaximus.com,/guild-raid/,/,false,true,10,1,1,false,false,true,false,false,false,false,false,false
Available export: 2026-07-14 to 2026-08-04 (22 days),2026-08-04,1691462666.1784115627|1785848596,1691462666.1784115627,1785848596,(direct),(none),(direct),1785848597085473,https://terminusmaximus.com/replay-library/,,,,,/replay-library/,true,false,4,4,1,false,false,true,true,false,false,false,false,false
Available export: 2026-07-14 to 2026-08-04 (22 days),2026-08-04,1735564602.1785846613|1785846612,1735564602.1785846613,1785846612,google,organic,(organic),1785846598161431,https://terminusmaximus.com/replay-library/,,https://www.google.com/,www.google.com,,/,true,false,3,2,2,true,false,true,true,false,false,false,false,false
Available export: 2026-07-14 to 2026-08-04 (22 days),2026-08-04,1759304919.1785413224|1785841371,1759304919.1785413224,1785841371,google,organic,(organic),1785841372393369,https://terminusmaximus.com/replay-library/,,https://terminusmaximus.com/,terminusmaximus.com,/,/replay-library/,false,true,3,2,1,false,false,true,true,false,false,false,false,false
Available export: 2026-07-14 to 2026-08-04 (22 days),2026-08-04,1784678737.1784129889|1785841969,1784678737.1784129889,1785841969,reddit,post,s105,1785841969282587,https://terminusmaximus.com/replay-library/?boss=Ghaz&map=Ghaz_02,boss=Ghaz&map=Ghaz_02,https://terminusmaximus.com/replay-library/,terminusmaximus.com,,,true,false,1,1,1,false,true,false,false,false,false,false,false,false
Available export: 2026-07-14 to 2026-08-04 (22 days),2026-08-04,1791428900.1785832101|1785832100,1791428900.1785832101,1785832100,google,organic,(organic),1785832103042480,https://terminusmaximus.com/replay-library/,,https://terminusmaximus.com/,terminusmaximus.com,/,/replay-library/,false,true,13,12,1,false,false,true,true,false,false,false,false,false
Available export: 2026-07-14 to 2026-08-04 (22 days),2026-08-04,1791428900.1785832101|1785835529,1791428900.1785832101,1785835529,google,organic,(organic),1785835529443707,https://terminusmaximus.com/replay-library/?boss=Avatar&team=Battlesuits,boss=Avatar&team=Battlesuits,https://terminusmaximus.com/replay-library/?boss=Szarekh&team=Battlesuits,terminusmaximus.com,,,true,false,1,1,1,false,true,false,false,false,false,false,false,false
Available export: 2026-07-14 to 2026-08-04 (22 days),2026-08-04,1795102130.1784117595|1785850613,1795102130.1784117595,1785850613,google,organic,(organic),1785850598909370,https://terminusmaximus.com/replay-library/,,https://www.google.com/,www.google.com,,/replay-library/,true,false,6,6,1,false,false,true,true,false,false,false,false,false
Available export: 2026-07-14 to 2026-08-04 (22 days),2026-08-04,1800620362.1784745256|1785904061,1800620362.1784745256,1785904061,(direct),(none),(direct),1785904066294191,https://terminusmaximus.com/replay-library/,,https://terminusmaximus.com/,terminusmaximus.com,/,/replay-library/,false,true,5,4,1,false,false,true,true,false,false,false,false,false
Available export: 2026-07-14 to 2026-08-04 (22 days),2026-08-04,1803433454.1783751346|1785877559,1803433454.1783751346,1785877559,google,organic,(organic),1785877559582428,https://terminusmaximus.com/replay-library/?boss=Mortarion&team=Custodes&map=Mortarion_04&excludeHero=Aesoth&excludeHero=Atla&excludeHero=Helb&excludeHero=Vit,boss=Mortarion&team=Custodes&map=Mortarion_04&excludeHero=Aesoth&excludeHero=Atla&excludeHero=Helb&excludeHero=Vit,https://terminusmaximus.com/replay-library/?boss=Magnus&team=Custodes&map=Magnus_03&excludeHero=Helb,terminusmaximus.com,,/replay-library/,true,false,5,5,1,false,false,true,true,false,false,false,false,false
Available export: 2026-07-14 to 2026-08-04 (22 days),2026-08-04,1831403012.1785824819|1785910441,1831403012.1785824819,1785910441,google,organic,(organic),1785910441878723,https://terminusmaximus.com/replay-library/,,https://www.google.com/,www.google.com,,/replay-library/,true,false,4,4,1,false,false,true,true,false,false,false,false,false
Available export: 2026-07-14 to 2026-08-04 (22 days),2026-08-04,1911908701.1785848749|1785885101,1911908701.1785848749,1785885101,google,organic,(organic),1785885170116494,https://terminusmaximus.com/replay-library/,,https://terminusmaximus.com/campaign-event/,terminusmaximus.com,/campaign-event/,/replay-library/,false,true,6,2,1,false,false,true,true,false,false,false,false,false
Available export: 2026-07-14 to 2026-08-04 (22 days),2026-08-04,1911908701.1785848749|1785888221,1911908701.1785848749,1785888221,google,organic,(organic),1785888218069396,https://terminusmaximus.com/replay-library/?boss=Lion,boss=Lion,https://terminusmaximus.com/campaign-event/,terminusmaximus.com,,,true,false,1,1,1,false,true,false,false,false,false,false,false,false
Available export: 2026-07-14 to 2026-08-04 (22 days),2026-08-04,1911908701.1785848749|1785891937,1911908701.1785848749,1785891937,google,organic,(organic),1785891937739483,https://terminusmaximus.com/replay-library/?boss=Lion,boss=Lion,https://terminusmaximus.com/campaign-event/,terminusmaximus.com,,,true,false,1,1,1,false,true,false,false,false,false,false,false,false
Available export: 2026-07-14 to 2026-08-04 (22 days),2026-08-04,1926569047.1783088263|1785831817,1926569047.1783088263,1785831817,google,organic,(organic),1785831894750799,https://terminusmaximus.com/replay-library/,,https://terminusmaximus.com/guild-raid/s106/,terminusmaximus.com,,/replay-library/,true,false,3,3,1,false,false,true,true,false,true,false,false,false
Available export: 2026-07-14 to 2026-08-04 (22 days),2026-08-04,1926569047.1783088263|1785879197,1926569047.1783088263,1785879197,google,organic,(organic),1785879251688579,https://terminusmaximus.com/replay-library/?boss=Lion&tier=M1,boss=Lion&tier=M1,https://terminusmaximus.com/guild-raid/s106/,terminusmaximus.com,,/replay-library/,true,false,2,2,1,false,false,true,true,false,false,false,false,false
Available export: 2026-07-14 to 2026-08-04 (22 days),2026-08-04,1953140580.1784357969|1785849656,1953140580.1784357969,1785849656,google,organic,(organic),1785849661314747,https://terminusmaximus.com/replay-library/?boss=Magnus&team=Custodes,boss=Magnus&team=Custodes,,,,,true,false,1,1,1,false,true,false,false,false,false,false,false,false
Available export: 2026-07-14 to 2026-08-04 (22 days),2026-08-04,1953140580.1784357969|1785891543,1953140580.1784357969,1785891543,google,organic,(organic),1785891545209131,https://terminusmaximus.com/replay-library/?boss=Magnus&team=Custodes,boss=Magnus&team=Custodes,,,,/replay-library/,true,false,4,4,1,false,false,true,true,false,false,false,false,false
Available export: 2026-07-14 to 2026-08-04 (22 days),2026-08-04,1953140580.1784357969|1785910936,1953140580.1784357969,1785910936,google,organic,(organic),1785910938134824,https://terminusmaximus.com/replay-library/?boss=Lion&team=Laviscus&map=Lion_03,boss=Lion&team=Laviscus&map=Lion_03,,,,/replay-library/,true,false,8,8,1,false,false,true,true,false,false,false,false,false
Available export: 2026-07-14 to 2026-08-04 (22 days),2026-08-04,1958882379.1780701271|1785835168,1958882379.1780701271,1785835168,reddit,post,s105,1785835167210457,https://terminusmaximus.com/replay-library/,,,,,/replay-library/,true,false,4,4,1,false,false,true,true,false,false,false,false,false
Available export: 2026-07-14 to 2026-08-04 (22 days),2026-08-04,1971464760.1784998034|1785870820,1971464760.1784998034,1785870820,(direct),(none),(direct),1785870827476033,https://terminusmaximus.com/replay-library/,,https://terminusmaximus.com/,terminusmaximus.com,/,/replay-library/,false,true,18,15,2,true,false,true,true,false,false,false,false,false
Available export: 2026-07-14 to 2026-08-04 (22 days),2026-08-04,1998722843.1785655876|1785867152,1998722843.1785655876,1785867152,google,organic,(organic),1785867152205482,https://terminusmaximus.com/replay-library/,,https://terminusmaximus.com/,terminusmaximus.com,/,/replay-library/,false,true,5,4,1,false,false,true,true,false,false,false,false,false
Available export: 2026-07-14 to 2026-08-04 (22 days),2026-08-04,1998722843.1785655876|1785873071,1998722843.1785655876,1785873071,google,organic,(organic),1785873078464792,https://terminusmaximus.com/replay-library/,,https://terminusmaximus.com/,terminusmaximus.com,/,/replay-library/,false,true,4,3,1,false,false,true,true,false,false,false,false,false
Available export: 2026-07-14 to 2026-08-04 (22 days),2026-08-04,1999150011.1785572164|1785830545,1999150011.1785572164,1785830545,(direct),(none),(direct),1785830545512886,https://terminusmaximus.com/replay-library/?boss=Ghaz&map=Ghaz_02,boss=Ghaz&map=Ghaz_02,https://terminusmaximus.com/guild-raid/boss-meta/,terminusmaximus.com,,/replay-library/,true,false,4,4,1,false,false,true,true,false,false,false,false,false
Available export: 2026-07-14 to 2026-08-04 (22 days),2026-08-04,1999150011.1785572164|1785879061,1999150011.1785572164,1785879061,(direct),(none),(direct),1785879061779460,https://terminusmaximus.com/replay-library/?boss=Szarekh&map=Szarekh_04&tier=L4,boss=Szarekh&map=Szarekh_04&tier=L4,https://terminusmaximus.com/guild-raid/boss-meta/,terminusmaximus.com,,/replay-library/,true,false,5,5,1,false,false,true,true,false,false,false,false,false
Available export: 2026-07-14 to 2026-08-04 (22 days),2026-08-04,2021849161.1785864807|1785864807,2021849161.1785864807,1785864807,(direct),(none),(direct),1785864874303038,https://terminusmaximus.com/replay-library/,,https://terminusmaximus.com/elite-campaigns/,terminusmaximus.com,/elite-campaigns/,/replay-library/,false,true,5,3,1,false,false,true,true,false,false,false,false,false
Available export: 2026-07-14 to 2026-08-04 (22 days),2026-08-04,2021849161.1785864807|1785867143,2021849161.1785864807,1785867143,(direct),(none),(direct),1785867143143649,https://terminusmaximus.com/replay-library/?boss=Lion&team=AdMech,boss=Lion&team=AdMech,https://terminusmaximus.com/replay-library/?boss=Magnus&team=AdMech,terminusmaximus.com,,/replay-library/,true,false,4,4,1,false,false,true,true,false,false,false,false,false
Available export: 2026-07-14 to 2026-08-04 (22 days),2026-08-04,2026979391.1785426694|1785871291,2026979391.1785426694,1785871291,reddit,post,ce,1785872194632445,https://terminusmaximus.com/replay-library/,,https://terminusmaximus.com/guild-raid/boss-meta/,terminusmaximus.com,/guild-raid/boss-meta/,/replay-library/,false,true,12,3,2,true,false,true,true,false,false,false,false,false
Available export: 2026-07-14 to 2026-08-04 (22 days),2026-08-04,2028680531.1784083399|1785885718,2028680531.1784083399,1785885718,reddit,post,s106,1785885718435116,https://terminusmaximus.com/replay-library/?utm_source=reddit&utm_medium=post&utm_campaign=s106&boss=Avatar,utm_source=reddit&utm_medium=post&utm_campaign=s106&boss=Avatar,https://www.reddit.com/,www.reddit.com,,,true,false,1,1,1,false,true,false,false,false,false,false,false,false
Available export: 2026-07-14 to 2026-08-04 (22 days),2026-08-04,205227605.1785290287|1785853451,205227605.1785290287,1785853451,google,organic,(organic),1785853449311755,https://terminusmaximus.com/replay-library/?boss=Lion&team=Battlesuits,boss=Lion&team=Battlesuits,https://terminusmaximus.com/,terminusmaximus.com,,,true,false,1,1,1,false,true,false,false,false,false,false,false,false
Available export: 2026-07-14 to 2026-08-04 (22 days),2026-08-04,205227605.1785290287|1785859748,205227605.1785290287,1785859748,google,organic,(organic),1785859746662461,https://terminusmaximus.com/replay-library/?boss=Lion&team=Battlesuits,boss=Lion&team=Battlesuits,https://terminusmaximus.com/,terminusmaximus.com,,,true,false,1,1,1,false,true,false,false,false,false,false,false,false
Available export: 2026-07-14 to 2026-08-04 (22 days),2026-08-04,205227605.1785290287|1785869244,205227605.1785290287,1785869244,google,organic,(organic),1785869243387502,https://terminusmaximus.com/replay-library/?boss=Lion&team=Battlesuits,boss=Lion&team=Battlesuits,https://terminusmaximus.com/,terminusmaximus.com,,,true,false,1,1,1,false,true,false,false,false,false,false,false,false
Available export: 2026-07-14 to 2026-08-04 (22 days),2026-08-04,205227605.1785290287|1785887646,205227605.1785290287,1785887646,google,organic,(organic),1785887647997853,https://terminusmaximus.com/replay-library/?boss=Lion&team=Battlesuits,boss=Lion&team=Battlesuits,https://terminusmaximus.com/,terminusmaximus.com,,,true,false,1,1,1,false,true,false,false,false,false,false,false,false
Available export: 2026-07-14 to 2026-08-04 (22 days),2026-08-04,205227605.1785290287|1785892470,205227605.1785290287,1785892470,google,organic,(organic),1785892471699768,https://terminusmaximus.com/replay-library/?boss=Lion&team=Battlesuits,boss=Lion&team=Battlesuits,https://terminusmaximus.com/,terminusmaximus.com,,,true,false,1,1,1,false,true,false,false,false,false,false,false,false
Available export: 2026-07-14 to 2026-08-04 (22 days),2026-08-04,2111859797.1784029962|1785842709,2111859797.1784029962,1785842709,reddit,post,s105,1785842709397721,https://terminusmaximus.com/replay-library/?utm_source=reddit&utm_medium=post&utm_campaign=s105&boss=Lion&team=Laviscus&map=Lion_03,utm_source=reddit&utm_medium=post&utm_campaign=s105&boss=Lion&team=Laviscus&map=Lion_03,,,,,true,false,1,1,1,false,true,false,false,false,false,false,false,false
Available export: 2026-07-14 to 2026-08-04 (22 days),2026-08-04,2111859797.1784029962|1785888161,2111859797.1784029962,1785888161,reddit,post,s105,1785888163462702,https://terminusmaximus.com/replay-library/?utm_source=reddit&utm_medium=post&utm_campaign=s105&boss=Lion&team=Laviscus&map=Lion_03,utm_source=reddit&utm_medium=post&utm_campaign=s105&boss=Lion&team=Laviscus&map=Lion_03,,,,/replay-library/,true,false,2,2,1,false,false,true,true,false,false,false,false,false
Available export: 2026-07-14 to 2026-08-04 (22 days),2026-08-04,2124638718.1785865760|1785865760,2124638718.1785865760,1785865760,google,organic,(organic),1785865760428151,https://terminusmaximus.com/replay-library/,,https://www.google.com/,www.google.com,,/guild-raid/s106/,true,false,8,7,2,true,false,true,true,false,false,false,false,false
Available export: 2026-07-14 to 2026-08-04 (22 days),2026-08-04,2124638718.1785865760|1785870343,2124638718.1785865760,1785870343,google,organic,(organic),1785870344080757,https://terminusmaximus.com/replay-library/?boss=Dorn&team=Laviscus&map=Dorn_06&hero=Boss&hero=Kharn,boss=Dorn&team=Laviscus&map=Dorn_06&hero=Boss&hero=Kharn,https://terminusmaximus.com/guild-raid/s106/,terminusmaximus.com,,,true,false,1,1,1,false,true,false,false,false,false,false,false,false
Available export: 2026-07-14 to 2026-08-04 (22 days),2026-08-04,218849135.1780825314|1785912103,218849135.1780825314,1785912103,reddit,profile,evergreen,1785912172260587,https://terminusmaximus.com/replay-library/,,https://terminusmaximus.com/campaign-event/,terminusmaximus.com,/campaign-event/,/replay-library/,false,true,5,3,1,false,false,true,true,false,false,false,false,false
Available export: 2026-07-14 to 2026-08-04 (22 days),2026-08-04,28616038.1785846496|1785846496,28616038.1785846496,1785846496,(direct),(none),(direct),1785846496542688,https://terminusmaximus.com/replay-library/,,,,,/replay-library/,true,false,5,5,1,false,false,true,true,false,false,false,false,false
Available export: 2026-07-14 to 2026-08-04 (22 days),2026-08-04,289636546.1784216912|1785848071,289636546.1784216912,1785848071,(direct),(none),(direct),1785848071780700,https://terminusmaximus.com/replay-library/,,,,,,true,false,1,1,1,false,true,false,false,false,false,false,false,false
Available export: 2026-07-14 to 2026-08-04 (22 days),2026-08-04,29092812.1785377185|1785905476,29092812.1785377185,1785905476,google,organic,(organic),1785905483014811,https://terminusmaximus.com/replay-library/,,https://terminusmaximus.com/,terminusmaximus.com,/,/replay-library/,false,true,8,6,1,false,false,true,true,false,false,false,false,false
Available export: 2026-07-14 to 2026-08-04 (22 days),2026-08-04,295824659.1784039548|1785901205,295824659.1784039548,1785901205,reddit,post,s105,1785901206092917,https://terminusmaximus.com/replay-library/?utm_source=reddit&utm_medium=post&utm_campaign=s105,utm_source=reddit&utm_medium=post&utm_campaign=s105,https://www.reddit.com/,www.reddit.com,,/,true,false,2,1,1,false,false,true,false,false,false,false,false,false
Available export: 2026-07-14 to 2026-08-04 (22 days),2026-08-04,296791840.1782623815|1785859272,296791840.1782623815,1785859272,google,organic,(organic),1785859275106808,https://terminusmaximus.com/replay-library/,,https://terminusmaximus.com/,terminusmaximus.com,/,/replay-library/,false,true,10,9,1,false,false,true,true,false,false,false,false,false
Available export: 2026-07-14 to 2026-08-04 (22 days),2026-08-04,304627308.1780650969|1785861956,304627308.1780650969,1785861956,reddit,post,ce,1785861981333446,https://terminusmaximus.com/replay-library/,,https://terminusmaximus.com/campaigns/,terminusmaximus.com,/campaigns/indomitus/,/elite-campaigns/,false,true,8,3,2,true,false,true,true,false,false,false,false,false
Available export: 2026-07-14 to 2026-08-04 (22 days),2026-08-04,338141573.1785850059|1785850058,338141573.1785850059,1785850058,reddit,post,s106,1785850137392497,https://terminusmaximus.com/replay-library/,,https://terminusmaximus.com/guild-raid/s106/?utm_source=reddit&utm_medium=post&utm_campaign=s106,terminusmaximus.com,/guild-raid/s106/,/replay-library/,false,true,6,5,1,false,false,true,true,false,true,false,false,false
Available export: 2026-07-14 to 2026-08-04 (22 days),2026-08-04,338536915.1784646557|1785831257,338536915.1784646557,1785831257,reddit,post,s105,1785831257976706,https://terminusmaximus.com/replay-library/?boss=Dorn&team=Laviscus&map=Dorn_03,boss=Dorn&team=Laviscus&map=Dorn_03,,,,/replay-library/,true,false,3,3,1,false,false,true,true,false,false,false,false,false
Available export: 2026-07-14 to 2026-08-04 (22 days),2026-08-04,360651704.1780689144|1785891893,360651704.1780689144,1785891893,ecosia.org,organic,(organic),1785891893546464,https://terminusmaximus.com/replay-library/?boss=Mortarion&team=Laviscus&map=Mortarion_04&tier=M2,boss=Mortarion&team=Laviscus&map=Mortarion_04&tier=M2,https://terminusmaximus.com/,terminusmaximus.com,,/replay-library/,true,false,3,3,1,false,false,true,true,false,false,false,false,false
Available export: 2026-07-14 to 2026-08-04 (22 days),2026-08-04,400736299.1785343702|1785846915,400736299.1785343702,1785846915,(direct),(none),(direct),1785847277434081,https://terminusmaximus.com/replay-library/,,https://terminusmaximus.com/,terminusmaximus.com,/,,false,true,6,1,1,false,false,true,false,false,false,false,false,false
Available export: 2026-07-14 to 2026-08-04 (22 days),2026-08-04,415067581.1783749267|1785830652,415067581.1783749267,1785830652,(direct),(none),(direct),1785830661899904,https://terminusmaximus.com/replay-library/,,https://terminusmaximus.com/guild-raid/boss-meta/,terminusmaximus.com,/guild-raid/boss-meta/,,false,true,2,1,1,false,false,true,false,false,false,false,false,false
Available export: 2026-07-14 to 2026-08-04 (22 days),2026-08-04,415067581.1783749267|1785865644,415067581.1783749267,1785865644,(direct),(none),(direct),1785865646489991,https://terminusmaximus.com/replay-library/,,https://terminusmaximus.com/guild-raid/boss-meta/,terminusmaximus.com,/guild-raid/boss-meta/,/replay-library/,false,true,4,3,1,false,false,true,true,false,false,false,false,false
Available export: 2026-07-14 to 2026-08-04 (22 days),2026-08-04,415067581.1783749267|1785870767,415067581.1783749267,1785870767,(direct),(none),(direct),1785870767292535,https://terminusmaximus.com/replay-library/?boss=Lion&team=Battlesuits,boss=Lion&team=Battlesuits,https://terminusmaximus.com/guild-raid/boss-meta/,terminusmaximus.com,,/,true,false,11,5,2,true,false,true,true,false,true,false,false,false
Available export: 2026-07-14 to 2026-08-04 (22 days),2026-08-04,424805763.1785108404|1785829617,424805763.1785108404,1785829617,google,organic,(organic),1785829617328787,https://terminusmaximus.com/replay-library/,,https://www.google.com/,www.google.com,,/replay-library/,true,false,6,6,1,false,false,true,true,false,false,false,false,false
Available export: 2026-07-14 to 2026-08-04 (22 days),2026-08-04,424805763.1785108404|1785878451,424805763.1785108404,1785878451,google,organic,(organic),1785878450690352,https://terminusmaximus.com/replay-library/?boss=Dorn&team=Neuro,boss=Dorn&team=Neuro,https://www.google.com/,www.google.com,,,true,false,1,1,1,false,true,false,false,false,false,false,false,false
Available export: 2026-07-14 to 2026-08-04 (22 days),2026-08-04,458085384.1785847818|1785847818,458085384.1785847818,1785847818,(direct),(none),(direct),1785847818129959,https://terminusmaximus.com/replay-library/,,,,,/replay-library/,true,false,5,5,1,false,false,true,true,false,false,false,false,false
Available export: 2026-07-14 to 2026-08-04 (22 days),2026-08-04,499367552.1782706438|1785897278,499367552.1782706438,1785897278,(direct),(none),(direct),1785897278840014,https://terminusmaximus.com/replay-library/,,https://terminusmaximus.com/guild-raid/boss-meta/,terminusmaximus.com,,/events/,true,false,3,1,1,false,false,true,false,false,false,false,false,false
Available export: 2026-07-14 to 2026-08-04 (22 days),2026-08-04,532901899.1784818070|1785839293,532901899.1784818070,1785839293,(direct),(none),(direct),1785839293546930,https://terminusmaximus.com/replay-library/,,,,,/replay-library/,true,false,4,4,1,false,false,true,true,false,false,false,false,false
Available export: 2026-07-14 to 2026-08-04 (22 days),2026-08-04,555352501.1785864535|1785864534,555352501.1785864535,1785864534,(direct),(none),(direct),1785864595132692,https://terminusmaximus.com/replay-library/,,https://terminusmaximus.com/,terminusmaximus.com,/,/replay-library/,false,true,4,3,1,false,false,true,true,false,false,false,false,false
Available export: 2026-07-14 to 2026-08-04 (22 days),2026-08-04,564536455.1785827575|1785827574,564536455.1785827575,1785827574,reddit.com,referral,(referral),1785827575443540,https://terminusmaximus.com/replay-library/,,https://www.reddit.com/,www.reddit.com,,/replay-library/,true,false,5,5,1,false,false,true,true,false,false,false,false,false
Available export: 2026-07-14 to 2026-08-04 (22 days),2026-08-04,629879576.1785843711|1785843711,629879576.1785843711,1785843711,google,organic,(organic),1785843716761810,https://terminusmaximus.com/replay-library/,,https://terminusmaximus.com/,terminusmaximus.com,/,/replay-library/,false,true,5,4,1,false,false,true,true,false,false,false,false,false
Available export: 2026-07-14 to 2026-08-04 (22 days),2026-08-04,690906611.1784220034|1785912907,690906611.1784220034,1785912907,google,organic,(organic),1785912906738945,https://terminusmaximus.com/replay-library/?boss=Magnus&team=Laviscus&map=Magnus_01,boss=Magnus&team=Laviscus&map=Magnus_01,,,,/replay-library/,true,false,4,4,1,false,false,true,true,false,false,false,false,false
Available export: 2026-07-14 to 2026-08-04 (22 days),2026-08-04,706805695.1785059380|1785831356,706805695.1785059380,1785831356,reddit,post,boss-meta,1785831447216874,https://terminusmaximus.com/replay-library/,,https://terminusmaximus.com/guild-raid/boss-meta/?utm_source=reddit&utm_medium=post&utm_campaign=boss-meta,terminusmaximus.com,,/replay-library/,true,false,5,5,1,false,false,true,true,false,false,false,false,false
Available export: 2026-07-14 to 2026-08-04 (22 days),2026-08-04,706805695.1785059380|1785871707,706805695.1785059380,1785871707,reddit,post,boss-meta,1785871708533430,https://terminusmaximus.com/replay-library/?boss=Ghaz&team=Laviscus&map=Ghaz_02,boss=Ghaz&team=Laviscus&map=Ghaz_02,https://terminusmaximus.com/guild-raid/boss-meta/?utm_source=reddit&utm_medium=post&utm_campaign=boss-meta,terminusmaximus.com,,,true,false,1,1,1,false,true,false,false,false,false,false,false,false
Available export: 2026-07-14 to 2026-08-04 (22 days),2026-08-04,706805695.1785059380|1785882586,706805695.1785059380,1785882586,reddit,post,boss-meta,1785882586974163,https://terminusmaximus.com/replay-library/?boss=Ghaz&team=Laviscus&map=Ghaz_02,boss=Ghaz&team=Laviscus&map=Ghaz_02,https://terminusmaximus.com/guild-raid/boss-meta/?utm_source=reddit&utm_medium=post&utm_campaign=boss-meta,terminusmaximus.com,,,true,false,1,1,1,false,true,false,false,false,false,false,false,false
Available export: 2026-07-14 to 2026-08-04 (22 days),2026-08-04,730996977.1785402506|1785837091,730996977.1785402506,1785837091,google,organic,(organic),1785837092016085,https://terminusmaximus.com/replay-library/?boss=Szarekh&team=Laviscus&map=Szarekh_04,boss=Szarekh&team=Laviscus&map=Szarekh_04,https://www.google.com/,www.google.com,,/replay-library/,true,false,5,5,1,false,false,true,true,false,false,false,false,false
Available export: 2026-07-14 to 2026-08-04 (22 days),2026-08-04,733367220.1785746045|1785841399,733367220.1785746045,1785841399,(direct),(none),(direct),1785841399543404,https://terminusmaximus.com/replay-library/?boss=Magnus&team=Laviscus&map=Magnus_02&tier=L5&minDamage=350000&minDate=2026-07-01,boss=Magnus&team=Laviscus&map=Magnus_02&tier=L5&minDamage=350000&minDate=2026-07-01,https://terminusmaximus.com/,terminusmaximus.com,,,true,false,1,1,1,false,true,false,false,false,false,false,false,false
Available export: 2026-07-14 to 2026-08-04 (22 days),2026-08-04,745827446.1784157382|1785833014,745827446.1784157382,1785833014,(direct),(none),(direct),1785833014272741,https://terminusmaximus.com/replay-library/,,,,,/replay-library/,true,false,4,4,1,false,false,true,true,false,false,false,false,false
Available export: 2026-07-14 to 2026-08-04 (22 days),2026-08-04,754698492.1783205204|1785897481,754698492.1783205204,1785897481,(direct),(none),(direct),1785897481654884,https://terminusmaximus.com/replay-library/?boss=Lion&team=Battlesuits,boss=Lion&team=Battlesuits,https://terminusmaximus.com/guild-raid/,terminusmaximus.com,,,true,false,1,1,1,false,true,false,false,false,false,false,false,false
Available export: 2026-07-14 to 2026-08-04 (22 days),2026-08-04,767252580.1785261185|1785859659,767252580.1785261185,1785859659,reddit,post,s106,1785859659180839,https://terminusmaximus.com/replay-library/?boss=Ghaz&team=Laviscus&map=Ghaz_02,boss=Ghaz&team=Laviscus&map=Ghaz_02,https://terminusmaximus.com/guild-raid/s106/?utm_source=reddit&utm_medium=post&utm_campaign=s106,terminusmaximus.com,,/replay-library/,true,false,9,7,2,true,false,true,true,false,false,false,false,false
Available export: 2026-07-14 to 2026-08-04 (22 days),2026-08-04,804170649.1785844049|1785844049,804170649.1785844049,1785844049,(direct),(none),(direct),1785844049420699,https://terminusmaximus.com/replay-library/,,,,,/replay-library/,true,false,2,2,1,false,false,true,true,false,false,false,false,false
Available export: 2026-07-14 to 2026-08-04 (22 days),2026-08-04,823514267.1780708773|1785885089,823514267.1780708773,1785885089,(direct),(none),(direct),1785885099119007,https://terminusmaximus.com/replay-library/,,https://terminusmaximus.com/elite-campaigns/,terminusmaximus.com,/elite-campaigns/,/replay-library/,false,true,6,5,1,false,false,true,true,false,false,false,false,false
Available export: 2026-07-14 to 2026-08-04 (22 days),2026-08-04,839349046.1782972875|1785888458,839349046.1782972875,1785888458,reddit.com,referral,(referral),1785888462487609,https://terminusmaximus.com/replay-library/,,https://terminusmaximus.com/,terminusmaximus.com,,/,true,false,5,4,2,true,false,true,true,false,false,false,false,false
Available export: 2026-07-14 to 2026-08-04 (22 days),2026-08-04,839349046.1782972875|1785892385,839349046.1782972875,1785892385,reddit.com,referral,(referral),1785892392914790,https://terminusmaximus.com/replay-library/,,https://terminusmaximus.com/,terminusmaximus.com,/,/guild-raid/boss-meta/,false,true,3,1,1,false,false,true,false,false,false,false,false,false
Available export: 2026-07-14 to 2026-08-04 (22 days),2026-08-04,839349046.1782972875|1785899700,839349046.1782972875,1785899700,reddit.com,referral,(referral),1785899706060834,https://terminusmaximus.com/replay-library/,,https://terminusmaximus.com/guild-raid/boss-meta/,terminusmaximus.com,,/replay-library/,true,false,16,16,1,false,false,true,true,false,false,false,false,false
Available export: 2026-07-14 to 2026-08-04 (22 days),2026-08-04,839349046.1782972875|1785912751,839349046.1782972875,1785912751,reddit.com,referral,(referral),1785912754631721,https://terminusmaximus.com/replay-library/,,https://terminusmaximus.com/,terminusmaximus.com,/,/replay-library/,false,true,13,12,1,false,false,true,true,false,false,false,false,false
Available export: 2026-07-14 to 2026-08-04 (22 days),2026-08-04,841744462.1785784819|1785886238,841744462.1785784819,1785886238,reddit,post,s103,1785886265356372,https://terminusmaximus.com/replay-library/,,https://terminusmaximus.com/guild-raid/s106/,terminusmaximus.com,/guild-raid/s106/,/replay-library/,false,true,9,6,1,false,false,true,true,false,false,false,false,false
Available export: 2026-07-14 to 2026-08-04 (22 days),2026-08-04,85155527.1785187316|1785842319,85155527.1785187316,1785842319,reddit,post,s106,1785842321214472,https://terminusmaximus.com/replay-library/,,,,,,true,false,1,1,1,false,true,false,false,false,false,false,false,false
Available export: 2026-07-14 to 2026-08-04 (22 days),2026-08-04,85155527.1785187316|1785846306,85155527.1785187316,1785846306,reddit,post,s106,1785846308807999,https://terminusmaximus.com/replay-library/,,,,,/replay-library/,true,false,3,3,1,false,false,true,true,false,false,false,false,false
Available export: 2026-07-14 to 2026-08-04 (22 days),2026-08-04,864718273.1785402190|1785883862,864718273.1785402190,1785883862,(direct),(none),(direct),1785883841330675,https://terminusmaximus.com/replay-library/,,https://terminusmaximus.com/,terminusmaximus.com,/,/replay-library/,false,true,5,4,1,false,false,true,true,false,false,false,false,false
Available export: 2026-07-14 to 2026-08-04 (22 days),2026-08-04,880055914.1784301103|1785870465,880055914.1784301103,1785870465,(direct),(none),(direct),1785870469482374,https://terminusmaximus.com/replay-library/?boss=Lion&map=Lion_03,boss=Lion&map=Lion_03,https://terminusmaximus.com/,terminusmaximus.com,,/replay-library/,true,false,4,4,1,false,false,true,true,false,false,false,false,false
Available export: 2026-07-14 to 2026-08-04 (22 days),2026-08-04,88011080.1784934505|1785875020,88011080.1784934505,1785875020,reddit,post,s106,1785875062539237,https://terminusmaximus.com/replay-library/?team=Laviscus,team=Laviscus,,,,/replay-library/,true,false,4,4,1,false,false,true,true,false,false,false,false,false
Available export: 2026-07-14 to 2026-08-04 (22 days),2026-08-04,88011080.1784934505|1785880070,88011080.1784934505,1785880070,reddit,post,s106,1785880111978041,https://terminusmaximus.com/replay-library/?team=Laviscus,team=Laviscus,,,,/lre/lysander/,true,false,2,1,1,false,false,true,false,false,false,false,false,false
Available export: 2026-07-14 to 2026-08-04 (22 days),2026-08-04,88011080.1784934505|1785882322,88011080.1784934505,1785882322,reddit,post,s106,1785882364074082,https://terminusmaximus.com/replay-library/?boss=Szarekh&team=Laviscus&map=Szarekh_01,boss=Szarekh&team=Laviscus&map=Szarekh_01,https://terminusmaximus.com/replay-library/?boss=Szarekh&team=Laviscus,terminusmaximus.com,,/replay-library/,true,false,9,9,1,false,false,true,true,false,false,false,false,false
Available export: 2026-07-14 to 2026-08-04 (22 days),2026-08-04,882373833.1783651698|1785849818,882373833.1783651698,1785849818,(direct),(none),(direct),1785849854927320,https://terminusmaximus.com/replay-library/,,https://terminusmaximus.com/,terminusmaximus.com,/,/replay-library/,false,true,7,6,1,false,false,true,true,false,false,false,false,false
Available export: 2026-07-14 to 2026-08-04 (22 days),2026-08-04,882373833.1783651698|1785864375,882373833.1783651698,1785864375,(direct),(none),(direct),1785864375397984,https://terminusmaximus.com/replay-library/?boss=Ghaz&team=Laviscus&map=Ghaz_02,boss=Ghaz&team=Laviscus&map=Ghaz_02,https://terminusmaximus.com/,terminusmaximus.com,,,true,false,1,1,1,false,true,false,false,false,false,false,false,false
Available export: 2026-07-14 to 2026-08-04 (22 days),2026-08-04,935004152.1784532597|1785828254,935004152.1784532597,1785828254,reddit,post,s106,1785828262573823,https://terminusmaximus.com/replay-library/,,https://terminusmaximus.com/guild-raid/s106/?utm_source=reddit&utm_medium=post&utm_campaign=s106,terminusmaximus.com,/guild-raid/s106/,/replay-library/,false,true,4,3,1,false,false,true,true,false,false,false,false,false
Available export: 2026-07-14 to 2026-08-04 (22 days),2026-08-04,939845611.1781955729|1785841897,939845611.1781955729,1785841897,google,organic,(organic),1785842105331578,https://terminusmaximus.com/replay-library/,,https://terminusmaximus.com/beginner-guide/,terminusmaximus.com,/beginner-guide/,/replay-library/,false,true,10,8,2,true,false,true,true,false,false,false,false,false
Available export: 2026-07-14 to 2026-08-04 (22 days),2026-08-04,948244868.1785713460|1785881675,948244868.1785713460,1785881675,(direct),(none),(direct),1785881676078906,https://terminusmaximus.com/replay-library/?boss=Szarekh&team=AdMech&tier=L4,boss=Szarekh&team=AdMech&tier=L4,,,,,true,false,1,1,1,false,true,false,false,false,false,false,false,false
Available export: 2026-07-14 to 2026-08-04 (22 days),2026-08-04,959714273.1781811536|1785879928,959714273.1781811536,1785879928,(direct),(none),(direct),1785879928089876,https://terminusmaximus.com/replay-library/?boss=Magnus&team=Laviscus&tier=L5,boss=Magnus&team=Laviscus&tier=L5,https://terminusmaximus.com/guild-raid/boss-meta/,terminusmaximus.com,,/lre/lysander/,true,false,2,1,1,false,false,true,false,false,false,false,false,false
Available export: 2026-07-14 to 2026-08-04 (22 days),2026-08-04,996753329.1785861595|1785861594,996753329.1785861595,1785861594,google,organic,(organic),1785861517520172,https://terminusmaximus.com/replay-library/,,https://terminusmaximus.com/,terminusmaximus.com,/,/replay-library/,false,true,6,5,1,false,false,true,true,false,false,false,false,false
Available export: 2026-07-14 to 2026-08-04 (22 days),2026-08-04,996753329.1785861595|1785868702,996753329.1785861595,1785868702,google,organic,(organic),1785868618837163,https://terminusmaximus.com/replay-library/?boss=Mortarion&team=Neuro&map=Mortarion_01&tier=M2,boss=Mortarion&team=Neuro&map=Mortarion_01&tier=M2,https://terminusmaximus.com/replay-library/?boss=Mortarion&team=Neuro&tier=M2,terminusmaximus.com,,/replay-library/,true,false,2,2,1,false,false,true,true,false,false,false,false,false
Available export: 2026-07-14 to 2026-08-04 (22 days),2026-08-04,996753329.1785861595|1785912304,996753329.1785861595,1785912304,google,organic,(organic),1785912219882193,https://terminusmaximus.com/replay-library/?boss=Mortarion&team=Neuro&map=Mortarion_04&tier=M2,boss=Mortarion&team=Neuro&map=Mortarion_04&tier=M2,https://terminusmaximus.com/,terminusmaximus.com,,,true,false,1,1,1,false,true,false,false,false,false,false,false,false
Available export: 2026-07-14 to 2026-08-04 (22 days),2026-08-04,999721948.1784127293|1785909978,999721948.1784127293,1785909978,reddit,post,boss-meta,1785909979629223,https://terminusmaximus.com/replay-library/,,https://terminusmaximus.com/,terminusmaximus.com,/,/replay-library/,false,true,4,3,1,false,false,true,true,false,false,false,false,false
